actionable_engagement_rate,all_noop_episode_rate,assignment_conflict_rate,avg_ammo_used,avg_decision_time_ms,avg_invalid_actions,avg_resource_cost,avg_reward,avg_shots,avg_steps,avg_total_damage,avg_zone_weighted_damage,damage_reduction_per_ammo,engagement_rate,engagement_threshold,episodes,eval_scenario,evaluation_seed,high_threat_leak_rate,hit_rate_per_shot,intercept_rate,leak_rate,method,overkill_rate,std_reward,success_rate,train_seed
0.935672514619883,0.0,0.0,16.0,3.7540132761387603,0.0,17.0,-51.53836712656299,16.0,46.7,1.2368802137690482,1.2368802137690482,0.09385483605473269,0.11420413990007137,0.1,10.0,medium,13000,0.2777777777777778,0.10625,0.34,0.36,role_conditioned_ar_ppo_order_012,0.0,29.553199232535867,0.0,8
0.9090909090909091,0.0,0.0,16.0,3.8648270270455938,0.0,17.0,-54.834455360246295,16.0,33.3,1.5838482899135156,1.5838482899135158,0.12815414767367422,0.16016016016016016,0.1,10.0,time_pressure,23000,0.38095238095238093,0.16875,0.54,0.44,role_conditioned_ar_ppo_order_012,0.0,41.86362772672828,0.1,8
0.9520958083832335,0.0,0.0,15.9,3.8482395298354892,0.0,15.375,-69.86759225141554,15.9,46.8,1.7284761769755916,1.7284761769755916,0.07681114499771188,0.11324786324786325,0.1,10.0,heterogeneity_pressure,33000,0.5185185185185185,0.10062893081761007,0.32,0.46,role_conditioned_ar_ppo_order_012,0.0,40.36125580701032,0.0,8
0.9195402298850575,0.0,0.0,16.0,3.305782441126656,0.0,17.0,-59.21012404514222,16.0,46.7,1.4520239413323672,1.4520239413323672,0.08040835308202524,0.11420413990007137,0.15,10.0,medium,13000,0.3333333333333333,0.09375,0.3,0.4,role_conditioned_ar_ppo_order_012,0.0,29.142947917774194,0.0,8
0.903954802259887,0.0,0.0,16.0,3.315412912736458,0.0,17.0,-54.834455360246295,16.0,33.3,1.5838482899135156,1.5838482899135158,0.12815414767367422,0.16016016016016016,0.15,10.0,time_pressure,23000,0.38095238095238093,0.16875,0.54,0.44,role_conditioned_ar_ppo_order_012,0.0,41.86362772672828,0.1,8
0.9190751445086706,0.0,0.0,15.9,3.4249085470153844,0.0,15.375,-69.86759225141554,15.9,46.8,1.7284761769755916,1.7284761769755916,0.07681114499771188,0.11324786324786325,0.15,10.0,heterogeneity_pressure,33000,0.5185185185185185,0.10062893081761007,0.32,0.46,role_conditioned_ar_ppo_order_012,0.0,40.36125580701032,0.0,8
0.8602150537634409,0.0,0.0,16.0,3.4904010707533186,0.0,17.0,-50.802242332256824,16.0,46.7,1.2368802137690482,1.2368802137690482,0.09784502364171835,0.11420413990007137,0.2,10.0,medium,13000,0.2777777777777778,0.1125,0.36,0.36,role_conditioned_ar_ppo_order_012,0.0,27.716109794333715,0.0,8
0.8556149732620321,0.0,0.0,16.0,3.374288757358362,0.0,17.0,-61.359206930432876,16.0,33.8,1.6169532067932955,1.6169532067932955,0.126085090368688,0.15779092702169625,0.2,10.0,time_pressure,23000,0.38095238095238093,0.1625,0.52,0.46,role_conditioned_ar_ppo_order_012,0.0,40.294104475330855,0.0,8
0.8253968253968254,0.0,0.0,15.6,3.4401098289844154,0.0,15.3,-67.91824632293174,15.6,46.8,1.6561432368354354,1.6561432368354354,0.0745539074475509,0.1111111111111111,0.2,10.0,heterogeneity_pressure,33000,0.5185185185185185,0.10256410256410256,0.32,0.44,role_conditioned_ar_ppo_order_012,0.0,41.642056063945674,0.0,8
0.7582938388625592,0.0,0.0,16.0,3.536781458440904,0.0,17.0,-45.23849747606828,16.0,48.0,1.0907208880340418,1.0907208880340418,0.11106345889837663,0.1111111111111111,0.25,10.0,medium,13000,0.2777777777777778,0.13125,0.42,0.32,role_conditioned_ar_ppo_order_012,0.0,27.6135362004275,0.0,8
0.7655502392344498,0.0,0.0,16.0,3.3596635839049442,0.0,17.0,-54.80816834659779,16.0,34.6,1.516834121113663,1.516834121113663,0.13234253322366502,0.15414258188824662,0.25,10.0,time_pressure,23000,0.42857142857142855,0.18125,0.58,0.4,role_conditioned_ar_ppo_order_012,0.0,36.415448606227876,0.0,8
0.7393364928909952,0.0,0.0,15.6,3.466557051357303,0.0,15.3,-67.91824632293174,15.6,46.8,1.6561432368354354,1.6561432368354354,0.0745539074475509,0.1111111111111111,0.25,10.0,heterogeneity_pressure,33000,0.5185185185185185,0.10256410256410256,0.32,0.44,role_conditioned_ar_ppo_order_012,0.0,41.642056063945674,0.0,8
0.5947955390334573,0.0,0.0,16.0,3.407875000001089,0.0,17.0,-44.459666587359024,16.0,48.0,1.0846867736093821,1.0846867736093821,0.11637003825809411,0.1111111111111111,0.3,10.0,medium,13000,0.2777777777777778,0.1375,0.44,0.32,role_conditioned_ar_ppo_order_012,0.0,28.628655506018806,0.0,8
0.6751054852320675,0.0,0.0,16.0,3.306541329411998,0.0,17.0,-56.82769730502734,16.0,34.6,1.5922810699931689,1.592281069993169,0.1333269860138157,0.15414258188824662,0.3,10.0,time_pressure,23000,0.38095238095238093,0.18125,0.58,0.42,role_conditioned_ar_ppo_order_012,0.0,46.32146730517505,0.1,8
0.6290322580645161,0.0,0.0,15.6,3.602403632550362,0.0,15.3,-49.04209468947421,15.6,46.8,1.2292804429387387,1.2292804429387387,0.10581512833277376,0.1111111111111111,0.3,10.0,heterogeneity_pressure,33000,0.4444444444444444,0.14743589743589744,0.46,0.32,role_conditioned_ar_ppo_order_012,0.0,43.154962120940944,0.0,8
0.4878048780487805,0.0,0.0,16.0,3.3799221074399957,0.0,17.0,-42.169809104414824,16.0,48.4,1.0088156023342756,1.0088156023342756,0.11809014162793466,0.11019283746556474,0.35,10.0,medium,13000,0.2777777777777778,0.1375,0.44,0.3,role_conditioned_ar_ppo_order_012,0.0,30.034965964002602,0.0,8
0.5666666666666667,0.0,0.0,15.3,3.462277439078806,0.0,16.65,-41.951532705419616,15.3,32.8,1.3336689851165688,1.333668985116569,0.15632966412402952,0.15548780487804878,0.35,10.0,time_pressure,23000,0.3333333333333333,0.20915032679738563,0.64,0.36,role_conditioned_ar_ppo_order_012,0.0,59.11604005440858,0.3,8
0.4451219512195122,0.0,0.0,14.6,3.507883878119332,0.0,15.05,-42.69986912822097,14.6,45.9,1.1802077213392148,1.1802077213392148,0.128930394559028,0.10602759622367465,0.35,10.0,heterogeneity_pressure,33000,0.37037037037037035,0.1780821917808219,0.52,0.3,role_conditioned_ar_ppo_order_012,0.0,48.89734970652435,0.1,8
0.3989769820971867,0.0,0.0,15.6,3.2818983471552503,0.0,16.8,-37.836521723616684,15.6,48.4,0.9523228118866355,0.9523228118866355,0.1343415566260085,0.10743801652892562,0.4,10.0,medium,13000,0.3333333333333333,0.17307692307692307,0.54,0.26,role_conditioned_ar_ppo_order_012,0.0,35.95826889424057,0.0,8
0.5117056856187291,0.0,0.0,15.3,3.4667842406102385,0.0,16.65,-39.46837982196198,15.3,34.9,1.32881595261032,1.32881595261032,0.1566468557911046,0.14613180515759314,0.4,10.0,time_pressure,23000,0.3333333333333333,0.20915032679738563,0.64,0.36,role_conditioned_ar_ppo_order_012,0.0,55.60229685037147,0.3,8
0.381201044386423,0.0,0.0,14.6,3.4116815513011973,0.0,15.05,-38.55489661449927,14.6,47.7,1.0687215486921633,1.0687215486921633,0.14155841602503927,0.10202655485674354,0.4,10.0,heterogeneity_pressure,33000,0.3333333333333333,0.18493150684931506,0.54,0.3,role_conditioned_ar_ppo_order_012,0.0,49.05841184412243,0.1,8
0.3,0.0,0.0,15.0,3.3103247899075425,0.0,16.5,-32.211856408683516,15.0,47.6,0.9089021673577309,0.9089021673577309,0.14769998982610258,0.10504201680672269,0.45,10.0,medium,13000,0.2222222222222222,0.19333333333333333,0.58,0.24,role_conditioned_ar_ppo_order_012,0.0,40.289754055018335,0.1,8
0.42329545454545453,0.0,0.0,14.9,3.2980759887256275,0.0,16.45,-40.698459528294755,14.9,35.4,1.368648950094327,1.368648950094327,0.15817878497448948,0.14030131826741996,0.45,10.0,time_pressure,23000,0.38095238095238093,0.21476510067114093,0.64,0.36,role_conditioned_ar_ppo_order_012,0.0,56.004645734109296,0.3,8
0.2857142857142857,0.0,0.0,14.0,3.388661038895537,0.0,14.9,-22.08102380549753,14.0,46.2,0.7971187054777797,0.7971187054777797,0.16965649203538263,0.10101010101010101,0.45,10.0,heterogeneity_pressure,33000,0.2222222222222222,0.22857142857142856,0.64,0.22,role_conditioned_ar_ppo_order_012,0.0,43.97707259490174,0.2,8
0.19457735247208932,0.0,0.0,12.2,3.4269348018740393,0.0,15.1,3.186883502071045,12.2,45.4,0.18559191586350338,0.18559191586350338,0.24088607367916118,0.08957415565345081,0.5,10.0,medium,13000,0.0,0.30327868852459017,0.74,0.08,role_conditioned_ar_ppo_order_012,0.0,20.52315133754291,0.3,8
0.342042755344418,0.0,0.0,14.4,3.5732491279241216,0.0,16.2,-41.54592409792242,14.4,34.4,1.328354832383199,1.328354832383199,0.16013609863257666,0.13953488372093023,0.5,10.0,time_pressure,23000,0.3333333333333333,0.2222222222222222,0.64,0.34,role_conditioned_ar_ppo_order_012,0.0,53.339579719732626,0.2,8
0.20853080568720378,0.0,0.0,13.2,3.3462802494718527,0.0,14.7,-21.75358411598534,13.2,48.1,0.7590347969908752,0.7590347969908752,0.17609346803922943,0.09147609147609148,0.5,10.0,heterogeneity_pressure,33000,0.2222222222222222,0.23484848484848486,0.62,0.2,role_conditioned_ar_ppo_order_012,0.0,27.503798664266906,0.1,8
0.12875,0.0,0.0,10.3,3.4691109677751033,0.0,14.0,-3.5890343341145536,10.3,46.5,0.24816429689010508,0.24816429689010508,0.2736994742287427,0.07383512544802867,0.55,10.0,medium,13000,0.05555555555555555,0.34951456310679613,0.72,0.08,role_conditioned_ar_ppo_order_012,0.0,15.773774207018677,0.1,8
0.21904761904761905,0.0,0.0,11.5,3.3696691177122857,0.0,14.75,-27.85101287382372,11.5,34.0,1.0638175950588216,1.0638175950588216,0.22352148327247665,0.11274509803921569,0.55,10.0,time_pressure,23000,0.23809523809523808,0.30434782608695654,0.7,0.28,role_conditioned_ar_ppo_order_012,0.0,56.33315947564973,0.3,8
0.1215323645970938,0.0,0.0,9.2,3.497318737265154,0.0,13.325,-30.44251096340394,9.2,49.1,0.9527743390056553,0.9527743390056553,0.2315971995764183,0.062457569585879155,0.55,10.0,heterogeneity_pressure,33000,0.37037037037037035,0.31521739130434784,0.58,0.24,role_conditioned_ar_ppo_order_012,0.0,22.962271040384493,0.0,8
0.09263392857142858,0.0,0.0,8.3,3.301578891115883,0.0,12.7,-10.775176509828352,8.3,46.9,0.41415270819880573,0.41415270819880573,0.3268629709046229,0.058990760483297794,0.6,10.0,medium,13000,0.16666666666666666,0.42168674698795183,0.7,0.12,role_conditioned_ar_ppo_order_012,0.0,15.217596613146467,0.0,8
0.16584564860426929,0.0,0.0,10.1,3.3628082621875457,0.0,13.6,-34.479530790342096,10.1,35.1,1.136877380075801,1.136877380075801,0.25630054120182366,0.09591642924976258,0.6,10.0,time_pressure,23000,0.2857142857142857,0.33663366336633666,0.68,0.32,role_conditioned_ar_ppo_order_012,0.0,33.23700958681385,0.0,8
0.07941834451901567,0.0,0.0,7.1,3.521253156840617,0.0,12.3,-25.12237700603262,7.1,49.1,0.8579245306649872,0.8579245306649872,0.3203424537498508,0.048200950441276307,0.6,10.0,heterogeneity_pressure,33000,0.2962962962962963,0.43661971830985913,0.62,0.22,role_conditioned_ar_ppo_order_012,0.0,21.114023899139564,0.0,8
0.05307262569832402,0.0,0.0,5.7,4.011322814406011,0.0,10.65,-15.441715732431195,5.7,46.9,0.5907469671933244,0.5907469671933244,0.4449769121954126,0.04051172707889126,0.65,10.0,medium,13000,0.16666666666666666,0.5614035087719298,0.64,0.18,role_conditioned_ar_ppo_order_012,0.0,10.555402564273868,0.0,8
0.1016260162601626,0.0,0.0,7.5,4.182382621117082,0.0,11.85,-37.379423952814896,7.5,35.1,1.2816690086589295,1.2816690086589297,0.3258458450073721,0.07122507122507123,0.65,10.0,time_pressure,23000,0.23809523809523808,0.44,0.66,0.34,role_conditioned_ar_ppo_order_012,0.0,29.31528347586509,0.0,8
0.051643192488262914,0.0,0.0,5.5,3.611413645580287,0.0,10.39,-30.66236581485258,5.5,49.1,1.0280523049433548,1.0280523049433548,0.36186525597373664,0.0373387644263408,0.65,10.0,heterogeneity_pressure,33000,0.4074074074074074,0.509090909090909,0.56,0.26,role_conditioned_ar_ppo_order_012,0.0,21.994359480252754,0.0,8
0.025943396226415096,0.0,0.0,3.3,3.68034979320245,0.0,6.6,-33.92245630701727,3.3,48.4,1.1136867830434978,1.1136867830434978,0.5919945752735325,0.022727272727272728,0.7,10.0,medium,13000,0.2222222222222222,0.7272727272727273,0.48,0.32,role_conditioned_ar_ppo_order_012,0.0,35.22349471277746,0.0,8
0.06139315230224321,0.0,0.0,5.2,3.629517827323177,0.0,9.65,-51.63536815506875,5.2,35.9,1.7072933083605513,1.7072933083605513,0.3767534728251266,0.04828226555246054,0.7,10.0,time_pressure,23000,0.2857142857142857,0.5,0.52,0.46,role_conditioned_ar_ppo_order_012,0.0,33.351912875199396,0.0,8
0.030594405594405596,0.1,0.0,3.5,3.3945777083317807,0.0,8.38,-50.609155739044105,3.5,48.0,1.4588279908343003,1.4588279908343003,0.409496897982755,0.024305555555555556,0.7,10.0,heterogeneity_pressure,33000,0.48148148148148145,0.5714285714285714,0.4,0.38,role_conditioned_ar_ppo_order_012,0.0,30.169670222801397,0.0,8
0.010294117647058823,0.2,0.0,1.4,3.6409746809829118,0.0,2.8,-60.365562862786874,1.4,47.0,1.8803538090081087,1.8803538090081087,0.6479201779194765,0.009929078014184398,0.75,10.0,medium,13000,0.4444444444444444,0.8571428571428571,0.24,0.48,role_conditioned_ar_ppo_order_012,0.0,21.546987940542206,0.0,8
0.0243161094224924,0.0,0.0,2.4,3.4384635328438744,0.0,4.8,-93.53833655804712,2.4,35.1,2.5277365736820743,2.5277365736820743,0.4513191380027562,0.022792022792022793,0.75,10.0,time_pressure,23000,0.6666666666666666,0.5833333333333334,0.28,0.68,role_conditioned_ar_ppo_order_012,0.0,32.41656522039334,0.0,8
0.012977099236641221,0.3,0.0,1.7,3.480535802467515,0.0,4.76,-62.86037595826222,1.7,48.6,1.8611714662630798,1.8611714662630798,0.5560180958302934,0.011659807956104253,0.75,10.0,heterogeneity_pressure,33000,0.5925925925925926,0.7647058823529411,0.26,0.5,role_conditioned_ar_ppo_order_012,0.0,24.547375520757686,0.0,8
0.0007674597083653108,0.9,0.0,0.1,3.602408823637925,0.0,0.2,-95.17193861327723,0.1,44.2,2.530718633059182,2.530718633059182,0.635040746567508,0.0007541478129713424,0.8,10.0,medium,13000,0.5,1.0,0.02,0.64,role_conditioned_ar_ppo_order_012,0.0,30.404017184278857,0.0,8
0.0,1.0,0.0,0.0,4.02319252318641,0.0,0.0,-120.18833645014824,0.0,32.1,3.0659445483382752,3.0659445483382752,0.0,0.0,0.8,10.0,time_pressure,23000,0.9047619047619048,0.0,0.0,0.8,role_conditioned_ar_ppo_order_012,0.0,12.814161871056234,0.0,8
0.0008176614881439084,0.9,0.0,0.1,3.8365084667844873,0.0,0.27999999999999997,-94.44287368490899,0.1,43.7,2.4930957894969663,2.4930957894969663,0.0,0.0007627765064836003,0.8,10.0,heterogeneity_pressure,33000,0.7407407407407407,0.0,0.0,0.66,role_conditioned_ar_ppo_order_012,0.0,27.033828614234846,0.0,8
0.0,1.0,0.0,0.0,3.3535419581168293,0.0,0.0,-93.24132203857909,0.0,42.9,2.4650440679526366,2.4650440679526366,0.0,0.0,0.85,10.0,medium,13000,0.4444444444444444,0.0,0.0,0.62,role_conditioned_ar_ppo_order_012,0.0,28.788978627348325,0.0,8
0.0,1.0,0.0,0.0,3.3906884734428884,0.0,0.0,-120.18833645014824,0.0,32.1,3.0659445483382752,3.0659445483382752,0.0,0.0,0.85,10.0,time_pressure,23000,0.9047619047619048,0.0,0.0,0.8,role_conditioned_ar_ppo_order_012,0.0,12.814161871056234,0.0,8
0.0,1.0,0.0,0.0,3.375059725397101,0.0,0.0,-94.16287368490899,0.0,43.7,2.4930957894969663,2.4930957894969663,0.0,0.0,0.85,10.0,heterogeneity_pressure,33000,0.7407407407407407,0.0,0.0,0.66,role_conditioned_ar_ppo_order_012,0.0,26.91754069441177,0.0,8
0.0,1.0,0.0,0.0,3.5228363635247226,0.0,0.0,-93.24132203857909,0.0,42.9,2.4650440679526366,2.4650440679526366,0.0,0.0,0.9,10.0,medium,13000,0.4444444444444444,0.0,0.0,0.62,role_conditioned_ar_ppo_order_012,0.0,28.788978627348325,0.0,8
0.0,1.0,0.0,0.0,3.487211526516151,0.0,0.0,-120.18833645014824,0.0,32.1,3.0659445483382752,3.0659445483382752,0.0,0.0,0.9,10.0,time_pressure,23000,0.9047619047619048,0.0,0.0,0.8,role_conditioned_ar_ppo_order_012,0.0,12.814161871056234,0.0,8
0.0,1.0,0.0,0.0,3.4079450802055447,0.0,0.0,-94.16287368490899,0.0,43.7,2.4930957894969663,2.4930957894969663,0.0,0.0,0.9,10.0,heterogeneity_pressure,33000,0.7407407407407407,0.0,0.0,0.66,role_conditioned_ar_ppo_order_012,0.0,26.91754069441177,0.0,8
0.3759213759213759,0.0,0.0,15.3,3.678921720515924,0.0,16.65,-29.150215772601904,15.3,46.5,0.8524147851096411,0.8524147851096411,0.14287611795266347,0.10967741935483871,0.1,10.0,medium,13000,0.2222222222222222,0.17647058823529413,0.54,0.26,role_conditioned_ar_ppo_order_012,0.0,30.503937514943935,0.1,9
0.6106870229007634,0.0,0.0,16.0,4.137703966072423,0.0,17.0,-58.73464059780656,16.0,35.3,1.5988227676588331,1.5988227676588331,0.12352440036690371,0.1510859301227573,0.1,10.0,time_pressure,23000,0.42857142857142855,0.1625,0.52,0.44,role_conditioned_ar_ppo_order_012,0.0,38.05752332534804,0.0,9
0.43859649122807015,0.0,0.0,15.0,3.484333611521452,0.0,15.15,-46.12730138002106,15.0,47.9,1.2791923677296344,1.279192367729634,0.12906544679498358,0.10438413361169102,0.1,10.0,heterogeneity_pressure,33000,0.37037037037037035,0.16666666666666666,0.5,0.36,role_conditioned_ar_ppo_order_012,0.0,37.181596579864014,0.0,9
0.27056672760511885,0.0,0.0,14.8,3.3147946695007433,0.0,16.4,-24.027271273831275,14.8,46.9,0.7492888421611643,0.7492888421611643,0.15841834693344206,0.10518834399431415,0.15,10.0,medium,13000,0.16666666666666666,0.20270270270270271,0.6,0.22,role_conditioned_ar_ppo_order_012,0.0,27.970444411222346,0.1,9
0.44314868804664725,0.0,0.0,15.2,3.3772794027645974,0.0,16.6,-35.816933987389355,15.2,33.5,1.2447810360222484,1.2447810360222484,0.16320604014420867,0.15124378109452735,0.15,10.0,time_pressure,23000,0.23809523809523808,0.21710526315789475,0.66,0.34,role_conditioned_ar_ppo_order_012,0.0,48.66789668070763,0.2,9
0.2857142857142857,0.0,0.0,14.8,3.420158912985758,0.0,15.1,-27.859425407441552,14.8,46.0,0.8567626912328409,0.8567626912328411,0.1517614183967546,0.1072463768115942,0.15,10.0,heterogeneity_pressure,33000,0.2222222222222222,0.20270270270270271,0.6,0.22,role_conditioned_ar_ppo_order_012,0.0,43.79664368716331,0.1,9
0.18840579710144928,0.0,0.0,13.0,3.439281045807062,0.0,15.5,-5.093772939005348,13.0,45.9,0.3505647877522677,0.3505647877522677,0.21637403067904312,0.0944081336238199,0.2,10.0,medium,13000,0.1111111111111111,0.2846153846153846,0.74,0.1,role_conditioned_ar_ppo_order_012,0.0,22.52703631509184,0.2,9
0.31910112359550563,0.0,0.0,14.2,3.574279421314667,0.0,16.1,-12.09569267270586,14.2,31.1,0.7604719456203547,0.7604719456203547,0.20880569722492012,0.15219721329046088,0.2,10.0,time_pressure,23000,0.14285714285714285,0.2746478873239437,0.78,0.22,role_conditioned_ar_ppo_order_012,0.0,50.783021069513616,0.4,9
0.20186335403726707,0.0,0.0,13.0,3.448494877602064,0.0,14.65,-5.7042118476122985,13.0,44.9,0.4384497334264649,0.4384497334264649,0.21359417970984018,0.09651076466221233,0.2,10.0,heterogeneity_pressure,33000,0.1111111111111111,0.27692307692307694,0.72,0.14,role_conditioned_ar_ppo_order_012,0.0,29.808958427312024,0.2,9
0.12401352874859076,0.0,0.0,11.0,3.5922614156188666,0.0,14.2,8.631389655908306,11.0,43.8,0.18440557350202497,0.18440557350202497,0.2833474904225666,0.0837138508371385,0.25,10.0,medium,13000,0.05555555555555555,0.37272727272727274,0.82,0.06,role_conditioned_ar_ppo_order_012,0.0,23.156382225969534,0.4,9
0.23731884057971014,0.0,0.0,13.1,3.333971704120734,0.0,15.55,-8.009903583087043,13.1,31.1,0.6619848631435434,0.6619848631435434,0.23385709794432644,0.14040728831725616,0.25,10.0,time_pressure,23000,0.14285714285714285,0.3053435114503817,0.8,0.2,role_conditioned_ar_ppo_order_012,0.0,31.953676248266323,0.3,9
0.16180371352785147,0.0,0.0,12.2,3.372386602795074,0.0,14.2,4.626588705158016,12.2,41.8,0.35725608694782773,0.35725608694782773,0.2446028591822972,0.09728867623604466,0.25,10.0,heterogeneity_pressure,33000,0.1111111111111111,0.32786885245901637,0.8,0.1,role_conditioned_ar_ppo_order_012,0.0,28.40316893718312,0.4,9
0.09605662285136501,0.0,0.0,9.5,3.689695973283863,0.0,13.3,3.7680856312986437,9.5,44.7,0.27024320537800534,0.27024320537800534,0.320363921517558,0.07084265473527218,0.3,10.0,medium,13000,0.0,0.4105263157894737,0.78,0.1,role_conditioned_ar_ppo_order_012,0.0,22.083561848978636,0.3,9
0.15174506828528073,0.0,0.0,10.0,3.4992165584098274,0.0,13.85,5.709704157558595,10.0,30.8,0.4632230835513865,0.4632230835513865,0.3262289762662834,0.10822510822510822,0.3,10.0,time_pressure,23000,0.14285714285714285,0.42,0.84,0.16,role_conditioned_ar_ppo_order_012,0.0,31.9911072558325,0.5,9
0.1403091557669441,0.0,0.0,11.8,3.418140898408915,0.0,13.975,-0.04981866017276584,11.8,42.3,0.4185216395838832,0.4185216395838832,0.24770248554135343,0.09298660362490149,0.3,10.0,heterogeneity_pressure,33000,0.14814814814814814,0.3305084745762712,0.78,0.12,role_conditioned_ar_ppo_order_012,0.0,26.52187356683725,0.3,9
0.07029053420805999,0.0,0.0,7.5,3.3474562222626343,0.0,11.25,14.728993053300727,7.5,45.0,0.19437203410289877,0.19437203410289877,0.43259932810470425,0.05555555555555555,0.35,10.0,medium,13000,0.0,0.56,0.84,0.08,role_conditioned_ar_ppo_order_012,0.0,21.40524954661493,0.5,9
0.10960757780784844,0.0,0.0,8.1,3.61076546049557,0.0,12.45,-6.622695706536865,8.1,30.4,0.6253043010246058,0.6253043010246058,0.3827417957024215,0.08881578947368421,0.35,10.0,time_pressure,23000,0.19047619047619047,0.48148148148148145,0.78,0.22,role_conditioned_ar_ppo_order_012,0.0,26.05270117544084,0.2,9
0.0998914223669924,0.0,0.0,9.2,3.5578325470490904,0.0,13.2,-8.05997057600628,9.2,42.4,0.6093617247281667,0.6093617247281667,0.3093878748408799,0.07232704402515723,0.35,10.0,heterogeneity_pressure,33000,0.2222222222222222,0.41304347826086957,0.76,0.18,role_conditioned_ar_ppo_order_012,0.0,27.38321287061948,0.2,9
0.0625,0.0,0.0,7.0,3.633569162913356,0.0,11.15,7.247505544044884,7.0,45.4,0.3304531389828035,0.3304531389828035,0.44405912227219674,0.0513950073421439,0.4,10.0,medium,13000,0.0,0.5714285714285714,0.8,0.12,role_conditioned_ar_ppo_order_012,0.0,25.433431691559765,0.4,9
0.07464454976303317,0.0,0.0,6.3,3.2870969510706964,0.0,10.65,-0.7857968050756206,6.3,32.8,0.5831379126218409,0.5831379126218409,0.4987896719987904,0.06402439024390244,0.4,10.0,time_pressure,23000,0.19047619047619047,0.6349206349206349,0.8,0.2,role_conditioned_ar_ppo_order_012,0.0,27.191109890031687,0.3,9
0.08625877632898696,0.0,0.0,8.6,3.461530316652737,0.0,12.419999999999998,-13.128153798734894,8.6,44.2,0.7446818964731305,0.7446818964731305,0.305970770906335,0.06485671191553545,0.4,10.0,heterogeneity_pressure,33000,0.2222222222222222,0.4069767441860465,0.7,0.22,role_conditioned_ar_ppo_order_012,0.0,30.492843785024796,0.2,9
0.042113955408753095,0.0,0.0,5.1,3.489792043108791,0.0,8.85,-6.304558370796384,5.1,46.5,0.6577288281239451,0.6577288281239451,0.5230330587400441,0.03655913978494624,0.45,10.0,medium,13000,0.16666666666666666,0.6666666666666666,0.68,0.2,role_conditioned_ar_ppo_order_012,0.0,31.979127962055927,0.3,9
0.04888888888888889,0.0,0.0,4.4,3.5868970148826587,0.0,8.5,-12.680490699471743,4.4,33.5,0.8863392371763524,0.8863392371763524,0.645266729326788,0.04378109452736319,0.45,10.0,time_pressure,23000,0.23809523809523808,0.7954545454545454,0.7,0.3,role_conditioned_ar_ppo_order_012,0.0,32.76833031779366,0.2,9
0.06380952380952382,0.0,0.0,6.7,3.445341704033705,0.0,11.179999999999998,-12.460652760462528,6.7,44.6,0.7446818964731305,0.7446818964731305,0.3829726571167607,0.05007473841554559,0.45,10.0,heterogeneity_pressure,33000,0.2222222222222222,0.5074626865671642,0.68,0.22,role_conditioned_ar_ppo_order_012,0.0,29.991566327451878,0.2,9
0.03117692907248636,0.0,0.0,4.0,3.5105596194764277,0.0,7.25,-24.474252811459486,4.0,47.3,1.1151453792702137,1.1151453792702137,0.5525130121069892,0.028188865398167725,0.5,10.0,medium,13000,0.2777777777777778,0.7,0.56,0.32,role_conditioned_ar_ppo_order_012,0.0,36.90309229099254,0.2,9
0.028154327424400417,0.1,0.0,2.7,3.512394100360749,0.0,5.4,-47.9097242790916,2.7,33.9,1.6926609438002107,1.6926609438002107,0.7397366047881798,0.02654867256637168,0.5,10.0,time_pressure,23000,0.5238095238095238,0.8888888888888888,0.48,0.5,role_conditioned_ar_ppo_order_012,0.0,51.06274935389164,0.1,9
0.04129263913824058,0.1,0.0,4.6,3.538812045388278,0.0,8.629999999999999,-29.318224816512032,4.6,44.0,1.1150087399686859,1.1150087399686859,0.4659965460081974,0.03484848484848485,0.5,10.0,heterogeneity_pressure,33000,0.3333333333333333,0.6086956521739131,0.56,0.32,role_conditioned_ar_ppo_order_012,0.0,37.26811147348792,0.1,9
0.015601783060921248,0.0,0.0,2.1,3.4490287211731925,0.0,4.2,-53.09766121249957,2.1,47.7,1.8206267093255086,1.8206267093255086,0.6607576665754885,0.014675052410901468,0.55,10.0,medium,13000,0.4444444444444444,0.8571428571428571,0.36,0.48,role_conditioned_ar_ppo_order_012,0.0,21.983909528924492,0.0,9
0.032225579053373615,0.2,0.0,3.2,3.5746912181427044,0.0,5.5,-55.78652573948942,3.2,35.3,1.832802314065909,1.832802314065909,0.5803585820819959,0.030217186024551465,0.55,10.0,time_pressure,23000,0.5238095238095238,0.6875,0.44,0.54,role_conditioned_ar_ppo_order_012,0.0,51.2227377192556,0.1,9
0.026050420168067228,0.2,0.0,3.1,3.5753755554631224,0.0,6.609999999999999,-45.03165630189166,3.1,45.0,1.4831866080881095,1.4831866080881095,0.5109692910269432,0.022962962962962963,0.55,10.0,heterogeneity_pressure,33000,0.37037037037037035,0.6451612903225806,0.4,0.44,role_conditioned_ar_ppo_order_012,0.0,28.563002691721206,0.0,9
0.012139605462822459,0.4,0.0,1.6,3.394466666760995,0.0,3.05,-71.15768480256928,1.6,45.6,2.120575229576709,2.120575229576709,0.6018564423439581,0.011695906432748537,0.6,10.0,medium,13000,0.3888888888888889,0.75,0.24,0.56,role_conditioned_ar_ppo_order_012,0.0,30.44943440291392,0.0,9
0.011156186612576065,0.7,0.0,1.1,3.4126123527611902,0.0,2.2,-90.03153326321465,1.1,34.0,2.528410562641626,2.528410562641626,0.794596399857813,0.010784313725490196,0.6,10.0,time_pressure,23000,0.6666666666666666,0.9090909090909091,0.2,0.7,role_conditioned_ar_ppo_order_012,0.0,57.018934631872796,0.1,9
0.016515276630883566,0.4,0.0,2.0,3.520172197294916,0.0,4.6899999999999995,-56.63074908691991,2.0,44.6,1.7283866670060513,1.7283866670060513,0.5706289825967679,0.014947683109118086,0.6,10.0,heterogeneity_pressure,33000,0.48148148148148145,0.7,0.28,0.5,role_conditioned_ar_ppo_order_012,0.0,33.58720393338266,0.0,9
0.0023752969121140144,0.8,0.0,0.3,3.474427272763691,0.0,0.6,-91.88990234834941,0.3,42.9,2.4650440679526366,2.4650440679526366,0.7243328239492728,0.002331002331002331,0.65,10.0,medium,13000,0.4444444444444444,1.0,0.06,0.62,role_conditioned_ar_ppo_order_012,0.0,30.56902505388689,0.0,9
0.0020768431983385254,0.9,0.0,0.2,3.459253191479445,0.0,0.4,-115.0861078475272,0.2,32.9,3.0044825195133478,3.0044825195133478,0.8831783133880129,0.002026342451874367,0.65,10.0,time_pressure,23000,0.9047619047619048,1.0,0.04,0.8,role_conditioned_ar_ppo_order_012,0.0,20.183612441198033,0.0,9
0.012106537530266344,0.6,0.0,1.5,3.6652748344398502,0.0,3.6799999999999997,-59.195109771381375,1.5,45.3,1.8064378886954728,1.8064378886954728,0.6842477147924763,0.011037527593818985,0.65,10.0,heterogeneity_pressure,33000,0.5185185185185185,0.8,0.24,0.52,role_conditioned_ar_ppo_order_012,0.0,33.6497237728406,0.0,9
0.0015822784810126582,0.8,0.0,0.2,3.4830969696799903,0.0,0.4,-92.19397027482076,0.2,42.9,2.4650440679526366,2.4650440679526366,0.7387651869053034,0.001554001554001554,0.7,10.0,medium,13000,0.4444444444444444,1.0,0.04,0.62,role_conditioned_ar_ppo_order_012,0.0,30.092875312751165,0.0,9
0.0,1.0,0.0,0.0,3.524068535807034,0.0,0.0,-120.18833645014824,0.0,32.1,3.0659445483382752,3.0659445483382752,0.0,0.0,0.7,10.0,time_pressure,23000,0.9047619047619048,0.0,0.0,0.8,role_conditioned_ar_ppo_order_012,0.0,12.814161871056234,0.0,9
0.0047430830039525695,0.7,0.0,0.6,3.4662810573860794,0.0,1.6799999999999997,-74.07911914520855,0.6,45.4,2.1523158494005243,2.1523158494005243,0.8979787180756403,0.004405286343612335,0.7,10.0,heterogeneity_pressure,33000,0.6296296296296297,1.0,0.12,0.6,role_conditioned_ar_ppo_order_012,0.0,23.434921130031714,0.0,9
0.0007911392405063291,0.9,0.0,0.1,3.517877389277963,0.0,0.2,-92.68087949819781,0.1,42.9,2.4650440679526366,2.4650440679526366,0.7635091949690214,0.000777000777000777,0.75,10.0,medium,13000,0.4444444444444444,1.0,0.02,0.62,role_conditioned_ar_ppo_order_012,0.0,29.634916514956483,0.0,9
0.0,1.0,0.0,0.0,3.499726479746763,0.0,0.0,-120.18833645014824,0.0,32.1,3.0659445483382752,3.0659445483382752,0.0,0.0,0.75,10.0,time_pressure,23000,0.9047619047619048,0.0,0.0,0.8,role_conditioned_ar_ppo_order_012,0.0,12.814161871056234,0.0,9
0.0016155088852988692,0.9,0.0,0.2,3.5351604072448066,0.0,0.5599999999999999,-88.72959493894429,0.2,44.2,2.417369468849306,2.417369468849306,0.8069561262351241,0.0015082956259426848,0.75,10.0,heterogeneity_pressure,33000,0.7407407407407407,1.0,0.04,0.64,role_conditioned_ar_ppo_order_012,0.0,28.572967030449014,0.0,9
0.0,1.0,0.0,0.0,3.544200466150534,0.0,0.0,-93.24132203857909,0.0,42.9,2.4650440679526366,2.4650440679526366,0.0,0.0,0.8,10.0,medium,13000,0.4444444444444444,0.0,0.0,0.62,role_conditioned_ar_ppo_order_012,0.0,28.788978627348325,0.0,9
0.0,1.0,0.0,0.0,3.5238579438444964,0.0,0.0,-120.18833645014824,0.0,32.1,3.0659445483382752,3.0659445483382752,0.0,0.0,0.8,10.0,time_pressure,23000,0.9047619047619048,0.0,0.0,0.8,role_conditioned_ar_ppo_order_012,0.0,12.814161871056234,0.0,9
0.0,1.0,0.0,0.0,3.5121910754142083,0.0,0.0,-94.16287368490899,0.0,43.7,2.4930957894969663,2.4930957894969663,0.0,0.0,0.8,10.0,heterogeneity_pressure,33000,0.7407407407407407,0.0,0.0,0.66,role_conditioned_ar_ppo_order_012,0.0,26.91754069441177,0.0,9
0.0,1.0,0.0,0.0,3.562065734127607,0.0,0.0,-93.24132203857909,0.0,42.9,2.4650440679526366,2.4650440679526366,0.0,0.0,0.85,10.0,medium,13000,0.4444444444444444,0.0,0.0,0.62,role_conditioned_ar_ppo_order_012,0.0,28.788978627348325,0.0,9
0.0,1.0,0.0,0.0,3.529700623136855,0.0,0.0,-120.18833645014824,0.0,32.1,3.0659445483382752,3.0659445483382752,0.0,0.0,0.85,10.0,time_pressure,23000,0.9047619047619048,0.0,0.0,0.8,role_conditioned_ar_ppo_order_012,0.0,12.814161871056234,0.0,9
0.0,1.0,0.0,0.0,3.3983521740079072,0.0,0.0,-94.16287368490899,0.0,43.7,2.4930957894969663,2.4930957894969663,0.0,0.0,0.85,10.0,heterogeneity_pressure,33000,0.7407407407407407,0.0,0.0,0.66,role_conditioned_ar_ppo_order_012,0.0,26.91754069441177,0.0,9
0.0,1.0,0.0,0.0,3.6133986012168915,0.0,0.0,-93.24132203857909,0.0,42.9,2.4650440679526366,2.4650440679526366,0.0,0.0,0.9,10.0,medium,13000,0.4444444444444444,0.0,0.0,0.62,role_conditioned_ar_ppo_order_012,0.0,28.788978627348325,0.0,9
0.0,1.0,0.0,0.0,3.625795015717263,0.0,0.0,-120.18833645014824,0.0,32.1,3.0659445483382752,3.0659445483382752,0.0,0.0,0.9,10.0,time_pressure,23000,0.9047619047619048,0.0,0.0,0.8,role_conditioned_ar_ppo_order_012,0.0,12.814161871056234,0.0,9
0.0,1.0,0.0,0.0,3.4808217390843064,0.0,0.0,-94.16287368490899,0.0,43.7,2.4930957894969663,2.4930957894969663,0.0,0.0,0.9,10.0,heterogeneity_pressure,33000,0.7407407407407407,0.0,0.0,0.66,role_conditioned_ar_ppo_order_012,0.0,26.91754069441177,0.0,9
0.5423728813559322,0.0,0.0,16.0,3.686686304377951,0.0,17.0,-61.01288145107519,16.0,46.0,1.4435398512623134,1.4435398512623134,0.10103859753442397,0.11594202898550725,0.1,10.0,medium,13000,0.2777777777777778,0.125,0.4,0.4,role_conditioned_ar_ppo_order_012,0.0,41.20625516984627,0.0,10
0.7417840375586855,0.0,0.0,15.8,4.096659025718408,0.0,16.9,-56.118148922467505,15.8,34.9,1.545038486310864,1.545038486310864,0.13223266875831893,0.15090735434574976,0.1,10.0,time_pressure,23000,0.38095238095238093,0.17721518987341772,0.56,0.42,role_conditioned_ar_ppo_order_012,0.0,50.550547378784565,0.1,10
0.4745222929936306,0.0,0.0,14.9,3.4439436831799854,0.0,15.125,-48.79243083151283,14.9,46.7,1.3206698514302038,1.3206698514302038,0.1128261327891302,0.10635260528194147,0.1,10.0,heterogeneity_pressure,33000,0.4444444444444444,0.15436241610738255,0.46,0.34,role_conditioned_ar_ppo_order_012,0.0,39.707255375675125,0.0,10
0.3855421686746988,0.0,0.0,16.0,3.39339282604867,0.0,17.0,-57.22804479774048,16.0,46.0,1.3393140618446284,1.3393140618446284,0.10624708859139258,0.11594202898550725,0.15,10.0,medium,13000,0.2777777777777778,0.1375,0.44,0.36,role_conditioned_ar_ppo_order_012,0.0,43.37368485421408,0.0,10
0.4952978056426332,0.0,0.0,15.8,3.3720435898420513,0.0,16.9,-39.372421877736095,15.8,35.1,1.2568774619397198,1.2568774619397198,0.15624274584015824,0.15004748338081672,0.15,10.0,time_pressure,23000,0.2857142857142857,0.2088607594936709,0.66,0.34,role_conditioned_ar_ppo_order_012,0.0,48.997960658654655,0.2,10
0.30927835051546393,0.0,0.0,15.0,3.4250339662712923,0.0,15.15,-34.37388439355039,15.0,47.4,0.937543094521611,0.937543094521611,0.1435161457884687,0.10548523206751055,0.15,10.0,heterogeneity_pressure,33000,0.25925925925925924,0.18666666666666668,0.56,0.26,role_conditioned_ar_ppo_order_012,0.0,36.24254746602002,0.0,10
0.26138279932546377,0.0,0.0,15.5,3.404009545556619,0.0,16.75,-35.75742043482196,15.5,44.0,0.9000688674133335,0.9000688674133335,0.13292435203630687,0.11742424242424243,0.2,10.0,medium,13000,0.2222222222222222,0.18064516129032257,0.56,0.22,role_conditioned_ar_ppo_order_012,0.0,46.52641762229247,0.1,10
0.35083532219570407,0.0,0.0,14.7,3.5996614926696213,0.0,16.2,-35.520855306184686,14.7,33.5,1.2384055198368518,1.2384055198368518,0.16919097458349447,0.14626865671641792,0.2,10.0,time_pressure,23000,0.2857142857142857,0.22448979591836735,0.66,0.34,role_conditioned_ar_ppo_order_012,0.0,55.724081102833715,0.3,10
0.23500810372771475,0.0,0.0,14.5,3.4238925846632084,0.0,15.025,-19.61710592443591,14.5,47.2,0.7120826230169831,0.7120826230169831,0.17262699631982098,0.10240112994350282,0.2,10.0,heterogeneity_pressure,33000,0.2222222222222222,0.22758620689655173,0.66,0.2,role_conditioned_ar_ppo_order_012,0.0,32.437711534713365,0.1,10
0.20600272851296045,0.0,0.0,15.1,3.3521698629830436,0.0,16.25,-3.3980134254969627,15.1,43.8,0.2823727366984211,0.2823727366984211,0.19141581426546395,0.11491628614916286,0.25,10.0,medium,13000,0.1111111111111111,0.25165562913907286,0.76,0.08,role_conditioned_ar_ppo_order_012,0.0,21.827200736158947,0.2,10
0.2854251012145749,0.0,0.0,14.1,3.6052755556565463,0.0,16.05,-25.070071117733843,14.1,31.5,1.0098414324921539,1.0098414324921539,0.1861328524964645,0.1492063492063492,0.25,10.0,time_pressure,23000,0.3333333333333333,0.24822695035460993,0.7,0.28,role_conditioned_ar_ppo_order_012,0.0,49.742688028310695,0.3,10
0.22270742358078602,0.0,0.0,15.3,3.772515879871582,0.0,15.225,-14.10819839359065,15.3,46.6,0.6199493082066805,0.6199493082066805,0.16622345842474992,0.10944206008583691,0.25,10.0,heterogeneity_pressure,33000,0.18518518518518517,0.21568627450980393,0.66,0.18,role_conditioned_ar_ppo_order_012,0.0,35.29281838027694,0.2,10
0.17720090293453725,0.0,0.0,15.7,3.6310195854082026,0.0,16.55,0.08111289723712467,15.7,43.4,0.261650884229229,0.261650884229229,0.1898464103527055,0.1205837173579109,0.3,10.0,medium,13000,0.1111111111111111,0.25477707006369427,0.8,0.06,role_conditioned_ar_ppo_order_012,0.0,23.776577018885032,0.3,10
0.23720136518771331,0.0,0.0,13.9,4.123058012690961,0.0,15.65,-0.7323408853790262,13.9,31.2,0.6010192438491244,0.6010192438491244,0.2247837124003666,0.1485042735042735,0.3,10.0,time_pressure,23000,0.19047619047619047,0.30935251798561153,0.86,0.14,role_conditioned_ar_ppo_order_012,0.0,50.59419295159207,0.6,10
0.16917728852838934,0.0,0.0,14.6,3.4044046667501484,0.0,14.289999999999997,5.587485918316529,14.6,45.0,0.20556379468993907,0.20556379468993907,0.20067881013478064,0.10814814814814815,0.3,10.0,heterogeneity_pressure,33000,0.037037037037037035,0.2671232876712329,0.78,0.06,role_conditioned_ar_ppo_order_012,0.0,23.49389480866099,0.3,10
0.13644859813084112,0.0,0.0,14.6,3.3281939252948542,0.0,14.95,8.226190585352578,14.6,42.8,0.2869161788232793,0.2869161788232793,0.22084998958202268,0.11370716510903427,0.35,10.0,medium,13000,0.05555555555555555,0.2945205479452055,0.86,0.08,role_conditioned_ar_ppo_order_012,0.0,28.35468544873124,0.5,10
0.20642201834862386,0.0,0.0,13.5,3.332232333426267,0.0,14.4,8.625409513513869,13.5,30.0,0.4581116793476374,0.4581116793476374,0.2420297160641913,0.15,0.35,10.0,time_pressure,23000,0.09523809523809523,0.32592592592592595,0.88,0.12,role_conditioned_ar_ppo_order_012,0.0,36.89190589544611,0.6,10
0.1383975026014568,0.0,0.0,13.3,3.3274494504599557,0.0,12.829999999999998,7.282687887907878,13.3,45.5,0.2685067567346132,0.2685067567346132,0.2183310403938739,0.09743589743589744,0.35,10.0,heterogeneity_pressure,33000,0.07407407407407407,0.2932330827067669,0.78,0.08,role_conditioned_ar_ppo_order_012,0.0,26.151278492241765,0.4,10
0.11569506726457399,0.0,0.0,12.9,3.3905282238389423,0.0,12.0,23.739735689901373,12.9,41.1,0.11638432538972057,0.11638432538972057,0.27248977149121734,0.10462287104622871,0.4,10.0,medium,13000,0.0,0.3643410852713178,0.94,0.04,role_conditioned_ar_ppo_order_012,0.0,20.588080165594686,0.7,10
0.1711229946524064,0.0,0.0,12.8,3.506441034651602,0.0,13.3,20.389841258430234,12.8,29.0,0.2350904042798497,0.2350904042798497,0.2726892532761227,0.1471264367816092,0.4,10.0,time_pressure,23000,0.09523809523809523,0.3671875,0.94,0.06,role_conditioned_ar_ppo_order_012,0.0,26.692618387152176,0.7,10
0.1211840888066605,0.0,0.0,13.1,3.452294432531695,0.0,11.889999999999999,6.437992661539096,13.1,46.7,0.4058937204536748,0.4058937204536748,0.2243134159636394,0.09350463954318344,0.4,10.0,heterogeneity_pressure,33000,0.1111111111111111,0.29770992366412213,0.78,0.12,role_conditioned_ar_ppo_order_012,0.0,34.36007865138799,0.5,10
0.11004366812227075,0.0,0.0,12.6,3.3749390588491224,0.0,11.85,17.52597911371374,12.6,42.5,0.1717277293541089,0.1717277293541089,0.25864234395721347,0.0988235294117647,0.45,10.0,medium,13000,0.0,0.3412698412698413,0.86,0.06,role_conditioned_ar_ppo_order_012,0.0,24.632295016158356,0.6,10
0.15647921760391198,0.0,0.0,12.8,3.4541411958803097,0.0,12.7,23.6128347408913,12.8,30.1,0.2269735430724042,0.2269735430724042,0.2733233830579544,0.14174972314507198,0.45,10.0,time_pressure,23000,0.09523809523809523,0.3671875,0.94,0.06,role_conditioned_ar_ppo_order_012,0.0,30.304081298067953,0.8,10
0.11444141689373297,0.0,0.0,12.6,3.5539566878587276,0.0,11.26,0.5738522165357265,12.6,47.1,0.41366455688242576,0.41366455688242576,0.21894008230878656,0.08917197452229299,0.45,10.0,heterogeneity_pressure,33000,0.14814814814814814,0.29365079365079366,0.74,0.12,role_conditioned_ar_ppo_order_012,0.0,30.675918610432237,0.3,10
0.09149797570850203,0.0,0.0,11.3,3.316770681836219,0.0,9.4,14.393481553270451,11.3,44.0,0.31482235469500586,0.31482235469500586,0.2744343716627905,0.0856060606060606,0.5,10.0,medium,13000,0.0,0.36283185840707965,0.82,0.1,role_conditioned_ar_ppo_order_012,0.0,31.064764692250172,0.6,10
0.13969732246798602,0.0,0.0,12.0,3.3003175719848503,0.0,10.95,-3.054597402441104,12.0,31.3,0.7037178349925253,0.7037178349925253,0.2518162509351412,0.12779552715654952,0.5,10.0,time_pressure,23000,0.3333333333333333,0.3333333333333333,0.8,0.2,role_conditioned_ar_ppo_order_012,0.0,39.668263215567734,0.4,10
0.10600706713780919,0.1,0.0,12.0,3.403764285837856,0.0,10.094999999999999,-4.192857452750868,12.0,47.6,0.48599749702258216,0.48599749702258216,0.21409574059097697,0.08403361344537816,0.5,10.0,heterogeneity_pressure,33000,0.14814814814814814,0.2916666666666667,0.7,0.14,role_conditioned_ar_ppo_order_012,0.0,27.643104256633734,0.2,10
0.07322654462242563,0.0,0.0,9.6,3.3498129385391127,0.0,6.45,6.249811908514151,9.6,45.6,0.4153151260565996,0.4153151260565996,0.29346084126743804,0.07017543859649122,0.55,10.0,medium,13000,0.05555555555555555,0.375,0.72,0.14,role_conditioned_ar_ppo_order_012,0.0,30.239726420651884,0.4,10
0.11437908496732026,0.0,0.0,10.5,3.369999392070287,0.0,8.7,1.7486536093382157,10.5,32.9,0.6288806650430411,0.6288806650430411,0.2949173505877314,0.10638297872340426,0.55,10.0,time_pressure,23000,0.23809523809523808,0.38095238095238093,0.8,0.2,role_conditioned_ar_ppo_order_012,0.0,36.5488035635586,0.4,10
0.09503784693019345,0.1,0.0,11.3,3.513837527072902,0.0,8.650000000000002,-4.687318743378592,11.3,46.1,0.6259865886134168,0.6259865886134168,0.22288155075247398,0.08170643528561099,0.55,10.0,heterogeneity_pressure,33000,0.18518518518518517,0.3008849557522124,0.68,0.18,role_conditioned_ar_ppo_order_012,0.0,33.731315283515,0.3,10
0.05387453874538745,0.0,0.0,7.3,3.363142025811048,0.0,3.8,-2.4624458695499007,7.3,46.4,0.572111903113419,0.572111903113419,0.3566236960207417,0.05244252873563218,0.6,10.0,medium,13000,0.1111111111111111,0.4520547945205479,0.66,0.18,role_conditioned_ar_ppo_order_012,0.0,26.309251579221876,0.2,10
0.10393541876892028,0.0,0.0,10.3,3.645291618398536,0.0,7.55,-12.17326293777008,10.3,34.6,0.8251692565354901,0.8251692565354901,0.28158675627948837,0.09922928709055877,0.6,10.0,time_pressure,23000,0.23809523809523808,0.36893203883495146,0.76,0.24,role_conditioned_ar_ppo_order_012,0.0,39.46630526001452,0.2,10
0.08627773212818406,0.1,0.0,10.5,3.449442588634211,0.0,7.5600000000000005,-24.42820845349222,10.5,47.9,0.9313222863525408,0.9313222863525408,0.19252924755563638,0.07306889352818371,0.6,10.0,heterogeneity_pressure,33000,0.2962962962962963,0.2571428571428571,0.54,0.26,role_conditioned_ar_ppo_order_012,0.0,19.817263170555847,0.0,10
0.03811659192825112,0.0,0.0,5.1,3.530797161592166,0.0,2.55,-31.913555792583526,5.1,45.8,1.2588010221130597,1.2588010221130597,0.3540878532678272,0.03711790393013101,0.65,10.0,medium,13000,0.2777777777777778,0.49019607843137253,0.5,0.32,role_conditioned_ar_ppo_order_012,0.0,34.24167020563608,0.1,10
0.06653019447287616,0.0,0.0,6.5,3.798449258253967,0.0,4.0,-47.67983142983106,6.5,33.7,1.597659553756747,1.5976595537567468,0.31333155368239324,0.06429277942631058,0.65,10.0,time_pressure,23000,0.47619047619047616,0.4153846153846154,0.54,0.44,role_conditioned_ar_ppo_order_012,0.0,59.181112924250385,0.1,10
0.0702416918429003,0.1,0.0,9.3,3.8940460904591925,0.0,5.745000000000001,-34.56901112085383,9.3,48.6,1.2395717758514313,1.2395717758514313,0.18422662471347215,0.06378600823045268,0.65,10.0,heterogeneity_pressure,33000,0.37037037037037035,0.23655913978494625,0.44,0.36,role_conditioned_ar_ppo_order_012,0.0,13.098467209196496,0.0,10
0.01921598770176787,0.0,0.0,2.5,4.459109750537117,0.0,1.25,-56.44053900246886,2.5,44.1,1.8212660085015493,1.8212660085015493,0.49735322611097155,0.01889644746787604,0.7,10.0,medium,13000,0.5,0.72,0.36,0.46,role_conditioned_ar_ppo_order_012,0.0,33.46982107458067,0.0,10
0.041708043694141016,0.1,0.0,4.2,4.135576967993729,0.0,2.1,-87.51930984330356,4.2,34.3,2.441745666929661,2.441745666929661,0.2698732158570552,0.04081632653061224,0.7,10.0,time_pressure,23000,0.6666666666666666,0.38095238095238093,0.32,0.64,role_conditioned_ar_ppo_order_012,0.0,40.667144123748045,0.0,10
0.043674698795180725,0.1,0.0,5.8,3.515496868598564,0.0,2.205,-63.421219280697336,5.8,47.9,1.9599808077267507,1.9599808077267507,0.17118940999309856,0.04036186499652053,0.7,10.0,heterogeneity_pressure,33000,0.6296296296296297,0.22413793103448276,0.26,0.54,role_conditioned_ar_ppo_order_012,0.0,24.572236377483424,0.0,10
0.012355212355212355,0.3,0.0,1.6,3.4543824600852555,0.0,0.8,-73.74068999897588,1.6,43.9,2.133230015015039,2.133230015015039,0.4911605340317243,0.012148823082763858,0.75,10.0,medium,13000,0.5,0.75,0.24,0.54,role_conditioned_ar_ppo_order_012,0.0,36.81578757247295,0.0,10
0.01865284974093264,0.2,0.0,1.8,3.4965787235705648,0.0,0.9,-105.26005294970075,1.8,32.9,2.754858343760817,2.754858343760817,0.3041436596869587,0.0182370820668693,0.75,10.0,time_pressure,23000,0.8571428571428571,0.4444444444444444,0.16,0.72,role_conditioned_ar_ppo_order_012,0.0,28.699482696416243,0.0,10
0.02588235294117647,0.2,0.0,3.3,3.5450730262965138,0.0,0.95,-72.16624525620652,3.3,45.6,2.14998998529179,2.14998998529179,0.20925667098344053,0.02412280701754386,0.75,10.0,heterogeneity_pressure,33000,0.7037037037037037,0.30303030303030304,0.2,0.56,role_conditioned_ar_ppo_order_012,0.0,25.64946160186505,0.0,10
0.006885998469778117,0.6,0.0,0.9,3.4986372459408512,0.0,0.45,-84.66846445963789,0.9,44.3,2.35837763070578,2.35837763070578,0.5200546057688843,0.006772009029345372,0.8,10.0,medium,13000,0.5,0.7777777777777778,0.14,0.6,role_conditioned_ar_ppo_order_012,0.0,28.73351985571965,0.0,10
0.008342022940563087,0.7,0.0,0.8,3.470840061180716,0.0,0.4,-112.43467575458166,0.8,32.7,2.947038382392882,2.947038382392882,0.4063111805337182,0.00815494393476045,0.8,10.0,time_pressure,23000,0.8571428571428571,0.5,0.08,0.78,role_conditioned_ar_ppo_order_012,0.0,18.118812280113392,0.0,10
0.010594947025264874,0.6,0.0,1.3,3.399896803714341,0.0,0.325,-92.65986258664847,1.3,43.8,2.4717162599648796,2.4717162599648796,0.12946462275139775,0.00989345509893455,0.8,10.0,heterogeneity_pressure,33000,0.7407407407407407,0.23076923076923078,0.06,0.64,role_conditioned_ar_ppo_order_012,0.0,28.726227323217174,0.0,10
0.0015661707126076742,0.8,0.0,0.2,3.9261681293022437,0.0,0.1,-87.77847353024625,0.2,43.3,2.395465107199663,2.395465107199663,0.7422505804189643,0.001539645881447267,0.85,10.0,medium,13000,0.4444444444444444,1.0,0.04,0.6,role_conditioned_ar_ppo_order_012,0.0,29.895095084561923,0.0,10
0.0010626992561105207,0.9,0.0,0.1,3.9980218069421345,0.0,0.05,-120.23833645014824,0.1,32.1,3.0659445483382752,3.0659445483382752,0.0,0.0010384215991692627,0.85,10.0,time_pressure,23000,0.9047619047619048,0.0,0.0,0.8,role_conditioned_ar_ppo_order_012,0.0,12.78395165654832,0.0,10
0.0024449877750611247,0.9,0.0,0.3,3.886945433809675,0.0,0.075,-94.14605279597703,0.3,43.8,2.507342984853108,2.507342984853108,0.2395501092526964,0.00228310502283105,0.85,10.0,heterogeneity_pressure,33000,0.7407407407407407,0.3333333333333333,0.02,0.66,role_conditioned_ar_ppo_order_012,0.0,26.911373628122153,0.0,10
0.0,1.0,0.0,0.0,5.059734964945084,0.0,0.0,-93.24132203857909,0.0,42.9,2.4650440679526366,2.4650440679526366,0.0,0.0,0.9,10.0,medium,13000,0.4444444444444444,0.0,0.0,0.62,role_conditioned_ar_ppo_order_012,0.0,28.788978627348325,0.0,10
0.0,1.0,0.0,0.0,4.689714641632955,0.0,0.0,-120.18833645014824,0.0,32.1,3.0659445483382752,3.0659445483382752,0.0,0.0,0.9,10.0,time_pressure,23000,0.9047619047619048,0.0,0.0,0.8,role_conditioned_ar_ppo_order_012,0.0,12.814161871056234,0.0,10
0.0,1.0,0.0,0.0,3.427847368501231,0.0,0.0,-94.16287368490899,0.0,43.7,2.4930957894969663,2.4930957894969663,0.0,0.0,0.9,10.0,heterogeneity_pressure,33000,0.7407407407407407,0.0,0.0,0.66,role_conditioned_ar_ppo_order_012,0.0,26.91754069441177,0.0,10
0.9248554913294798,0.0,0.0,16.0,3.1917199144906805,0.0,17.0,-56.26576330714262,16.0,46.7,1.4331934080467865,1.4331934080467865,0.09707789693710803,0.11420413990007137,0.1,10.0,medium,13000,0.3888888888888889,0.125,0.4,0.38,factorized_engagement_ar_ppo_order_012,0.0,27.437516916464595,0.0,8
0.9142857142857143,0.0,0.0,16.0,3.404593092932851,0.0,17.0,-58.4635958487375,16.0,33.3,1.612818429168702,1.612818429168702,0.12634351397022509,0.16016016016016016,0.1,10.0,time_pressure,23000,0.38095238095238093,0.1625,0.52,0.46,factorized_engagement_ar_ppo_order_012,0.0,46.13119489441259,0.1,8
0.9337349397590361,0.0,0.0,15.5,2.8939425211731753,0.0,15.275,-56.35532524088809,15.5,46.8,1.4456918051796999,1.4456918051796999,0.10096089220466391,0.1103988603988604,0.1,10.0,heterogeneity_pressure,33000,0.4444444444444444,0.13548387096774195,0.42,0.38,factorized_engagement_ar_ppo_order_012,0.0,38.01422501726928,0.0,8
0.9248554913294798,0.0,0.0,16.0,2.9222620984620282,0.0,17.0,-56.26576330714262,16.0,46.7,1.4331934080467865,1.4331934080467865,0.09707789693710803,0.11420413990007137,0.15,10.0,medium,13000,0.3888888888888889,0.125,0.4,0.38,factorized_engagement_ar_ppo_order_012,0.0,27.437516916464595,0.0,8
0.9142857142857143,0.0,0.0,16.0,2.744221921810302,0.0,17.0,-58.4635958487375,16.0,33.3,1.612818429168702,1.612818429168702,0.12634351397022509,0.16016016016016016,0.15,10.0,time_pressure,23000,0.38095238095238093,0.1625,0.52,0.46,factorized_engagement_ar_ppo_order_012,0.0,46.13119489441259,0.1,8
0.9337349397590361,0.0,0.0,15.5,2.986977350390698,0.0,15.275,-56.35532524088809,15.5,46.8,1.4456918051796999,1.4456918051796999,0.10096089220466391,0.1103988603988604,0.15,10.0,heterogeneity_pressure,33000,0.4444444444444444,0.13548387096774195,0.42,0.38,factorized_engagement_ar_ppo_order_012,0.0,38.01422501726928,0.0,8
0.9248554913294798,0.0,0.0,16.0,2.7175625267894032,0.0,17.0,-56.26576330714262,16.0,46.7,1.4331934080467865,1.4331934080467865,0.09707789693710803,0.11420413990007137,0.2,10.0,medium,13000,0.3888888888888889,0.125,0.4,0.38,factorized_engagement_ar_ppo_order_012,0.0,27.437516916464595,0.0,8
0.9142857142857143,0.0,0.0,16.0,2.803226426352069,0.0,17.0,-58.4635958487375,16.0,33.3,1.612818429168702,1.612818429168702,0.12634351397022509,0.16016016016016016,0.2,10.0,time_pressure,23000,0.38095238095238093,0.1625,0.52,0.46,factorized_engagement_ar_ppo_order_012,0.0,46.13119489441259,0.1,8
0.9337349397590361,0.0,0.0,15.5,2.857799145312727,0.0,15.275,-56.35532524088809,15.5,46.8,1.4456918051796999,1.4456918051796999,0.10096089220466391,0.1103988603988604,0.2,10.0,heterogeneity_pressure,33000,0.4444444444444444,0.13548387096774195,0.42,0.38,factorized_engagement_ar_ppo_order_012,0.0,38.01422501726928,0.0,8
0.5755395683453237,0.0,0.0,16.0,2.696780000057212,0.0,17.0,-43.07730430454008,16.0,48.0,1.0460751211867203,1.0460751211867203,0.12934645485106824,0.1111111111111111,0.25,10.0,medium,13000,0.2222222222222222,0.16875,0.54,0.28,factorized_engagement_ar_ppo_order_012,0.0,39.97180272303902,0.0,8
0.8205128205128205,0.0,0.0,16.0,2.9410743515133175,0.0,17.0,-60.73589764420932,16.0,34.7,1.602631032293413,1.602631032293413,0.12698022627493064,0.15369836695485112,0.25,10.0,time_pressure,23000,0.47619047619047616,0.175,0.56,0.42,factorized_engagement_ar_ppo_order_012,0.0,42.392864280321504,0.0,8
0.5945945945945946,0.0,0.0,15.4,2.694861052717131,0.0,15.25,-46.13353744147409,15.4,47.5,1.1942788423080049,1.1942788423080049,0.12267465797407134,0.1080701754385965,0.25,10.0,heterogeneity_pressure,33000,0.37037037037037035,0.16233766233766234,0.5,0.32,factorized_engagement_ar_ppo_order_012,0.0,38.766465938539,0.0,8
0.0593607305936073,0.0,0.0,6.5,3.1066515970254645,0.0,10.6,-46.184188262235295,6.5,40.7,1.5755312831009964,1.5755312831009964,0.3198543602966597,0.05323505323505324,0.3,10.0,medium,13000,0.3888888888888889,0.4461538461538462,0.58,0.4,factorized_engagement_ar_ppo_order_012,0.0,19.617841235043105,0.0,8
0.0502283105022831,0.0,0.0,4.4,2.8558768488706683,0.0,8.5,-45.025950377464646,4.4,31.1,1.5726033684858658,1.572603368485866,0.48929760857462595,0.04715969989281887,0.3,10.0,time_pressure,23000,0.42857142857142855,0.6590909090909091,0.58,0.42,factorized_engagement_ar_ppo_order_012,0.0,29.478332685130614,0.0,8
0.0625,0.0,0.0,6.7,3.1122946136372613,0.0,10.929999999999998,-30.18592302494336,6.7,42.7,1.2204878558798598,1.2204878558798598,0.34312404335596425,0.05230288836846214,0.3,10.0,heterogeneity_pressure,33000,0.3333333333333333,0.4925373134328358,0.66,0.3,factorized_engagement_ar_ppo_order_012,0.0,26.819286651623656,0.1,8
0.0,1.0,0.0,0.0,3.2689170161755223,0.0,0.0,-93.24132203857909,0.0,42.9,2.4650440679526366,2.4650440679526366,0.0,0.0,0.35,10.0,medium,13000,0.4444444444444444,0.0,0.0,0.62,factorized_engagement_ar_ppo_order_012,0.0,28.788978627348325,0.0,8
0.0,1.0,0.0,0.0,3.00212492223853,0.0,0.0,-120.18833645014824,0.0,32.1,3.0659445483382752,3.0659445483382752,0.0,0.0,0.35,10.0,time_pressure,23000,0.9047619047619048,0.0,0.0,0.8,factorized_engagement_ar_ppo_order_012,0.0,12.814161871056234,0.0,8
0.0,1.0,0.0,0.0,2.7617755148217356,0.0,0.0,-94.16287368490899,0.0,43.7,2.4930957894969663,2.4930957894969663,0.0,0.0,0.35,10.0,heterogeneity_pressure,33000,0.7407407407407407,0.0,0.0,0.66,factorized_engagement_ar_ppo_order_012,0.0,26.91754069441177,0.0,8
0.0,1.0,0.0,0.0,2.8388517482065385,0.0,0.0,-93.24132203857909,0.0,42.9,2.4650440679526366,2.4650440679526366,0.0,0.0,0.4,10.0,medium,13000,0.4444444444444444,0.0,0.0,0.62,factorized_engagement_ar_ppo_order_012,0.0,28.788978627348325,0.0,8
0.0,1.0,0.0,0.0,2.862885669790875,0.0,0.0,-120.18833645014824,0.0,32.1,3.0659445483382752,3.0659445483382752,0.0,0.0,0.4,10.0,time_pressure,23000,0.9047619047619048,0.0,0.0,0.8,factorized_engagement_ar_ppo_order_012,0.0,12.814161871056234,0.0,8
0.0,1.0,0.0,0.0,2.997860640845633,0.0,0.0,-94.16287368490899,0.0,43.7,2.4930957894969663,2.4930957894969663,0.0,0.0,0.4,10.0,heterogeneity_pressure,33000,0.7407407407407407,0.0,0.0,0.66,factorized_engagement_ar_ppo_order_012,0.0,26.91754069441177,0.0,8
0.0,1.0,0.0,0.0,2.9839855478394703,0.0,0.0,-93.24132203857909,0.0,42.9,2.4650440679526366,2.4650440679526366,0.0,0.0,0.45,10.0,medium,13000,0.4444444444444444,0.0,0.0,0.62,factorized_engagement_ar_ppo_order_012,0.0,28.788978627348325,0.0,8
0.0,1.0,0.0,0.0,2.7262766355609833,0.0,0.0,-120.18833645014824,0.0,32.1,3.0659445483382752,3.0659445483382752,0.0,0.0,0.45,10.0,time_pressure,23000,0.9047619047619048,0.0,0.0,0.8,factorized_engagement_ar_ppo_order_012,0.0,12.814161871056234,0.0,8
0.0,1.0,0.0,0.0,2.8280549198850586,0.0,0.0,-94.16287368490899,0.0,43.7,2.4930957894969663,2.4930957894969663,0.0,0.0,0.45,10.0,heterogeneity_pressure,33000,0.7407407407407407,0.0,0.0,0.66,factorized_engagement_ar_ppo_order_012,0.0,26.91754069441177,0.0,8
0.0,1.0,0.0,0.0,2.8920391608117253,0.0,0.0,-93.24132203857909,0.0,42.9,2.4650440679526366,2.4650440679526366,0.0,0.0,0.5,10.0,medium,13000,0.4444444444444444,0.0,0.0,0.62,factorized_engagement_ar_ppo_order_012,0.0,28.788978627348325,0.0,8
0.0,1.0,0.0,0.0,2.9310666666397167,0.0,0.0,-120.18833645014824,0.0,32.1,3.0659445483382752,3.0659445483382752,0.0,0.0,0.5,10.0,time_pressure,23000,0.9047619047619048,0.0,0.0,0.8,factorized_engagement_ar_ppo_order_012,0.0,12.814161871056234,0.0,8
0.0,1.0,0.0,0.0,2.8688123569012225,0.0,0.0,-94.16287368490899,0.0,43.7,2.4930957894969663,2.4930957894969663,0.0,0.0,0.5,10.0,heterogeneity_pressure,33000,0.7407407407407407,0.0,0.0,0.66,factorized_engagement_ar_ppo_order_012,0.0,26.91754069441177,0.0,8
0.0,1.0,0.0,0.0,2.8452144520777054,0.0,0.0,-93.24132203857909,0.0,42.9,2.4650440679526366,2.4650440679526366,0.0,0.0,0.55,10.0,medium,13000,0.4444444444444444,0.0,0.0,0.62,factorized_engagement_ar_ppo_order_012,0.0,28.788978627348325,0.0,8
0.0,1.0,0.0,0.0,2.938734267870395,0.0,0.0,-120.18833645014824,0.0,32.1,3.0659445483382752,3.0659445483382752,0.0,0.0,0.55,10.0,time_pressure,23000,0.9047619047619048,0.0,0.0,0.8,factorized_engagement_ar_ppo_order_012,0.0,12.814161871056234,0.0,8
0.0,1.0,0.0,0.0,2.8702457665795573,0.0,0.0,-94.16287368490899,0.0,43.7,2.4930957894969663,2.4930957894969663,0.0,0.0,0.55,10.0,heterogeneity_pressure,33000,0.7407407407407407,0.0,0.0,0.66,factorized_engagement_ar_ppo_order_012,0.0,26.91754069441177,0.0,8
0.0,1.0,0.0,0.0,2.801384848564153,0.0,0.0,-93.24132203857909,0.0,42.9,2.4650440679526366,2.4650440679526366,0.0,0.0,0.6,10.0,medium,13000,0.4444444444444444,0.0,0.0,0.62,factorized_engagement_ar_ppo_order_012,0.0,28.788978627348325,0.0,8
0.0,1.0,0.0,0.0,2.855238629260421,0.0,0.0,-120.18833645014824,0.0,32.1,3.0659445483382752,3.0659445483382752,0.0,0.0,0.6,10.0,time_pressure,23000,0.9047619047619048,0.0,0.0,0.8,factorized_engagement_ar_ppo_order_012,0.0,12.814161871056234,0.0,8
0.0,1.0,0.0,0.0,3.0058377575204127,0.0,0.0,-94.16287368490899,0.0,43.7,2.4930957894969663,2.4930957894969663,0.0,0.0,0.6,10.0,heterogeneity_pressure,33000,0.7407407407407407,0.0,0.0,0.66,factorized_engagement_ar_ppo_order_012,0.0,26.91754069441177,0.0,8
0.0,1.0,0.0,0.0,2.99422400944857,0.0,0.0,-93.24132203857909,0.0,42.9,2.4650440679526366,2.4650440679526366,0.0,0.0,0.65,10.0,medium,13000,0.4444444444444444,0.0,0.0,0.62,factorized_engagement_ar_ppo_order_012,0.0,28.788978627348325,0.0,8
0.0,1.0,0.0,0.0,2.9557551401992788,0.0,0.0,-120.18833645014824,0.0,32.1,3.0659445483382752,3.0659445483382752,0.0,0.0,0.65,10.0,time_pressure,23000,0.9047619047619048,0.0,0.0,0.8,factorized_engagement_ar_ppo_order_012,0.0,12.814161871056234,0.0,8
0.0,1.0,0.0,0.0,2.8247306636705525,0.0,0.0,-94.16287368490899,0.0,43.7,2.4930957894969663,2.4930957894969663,0.0,0.0,0.65,10.0,heterogeneity_pressure,33000,0.7407407407407407,0.0,0.0,0.66,factorized_engagement_ar_ppo_order_012,0.0,26.91754069441177,0.0,8
0.0,1.0,0.0,0.0,3.1541004662184475,0.0,0.0,-93.24132203857909,0.0,42.9,2.4650440679526366,2.4650440679526366,0.0,0.0,0.7,10.0,medium,13000,0.4444444444444444,0.0,0.0,0.62,factorized_engagement_ar_ppo_order_012,0.0,28.788978627348325,0.0,8
0.0,1.0,0.0,0.0,3.049291277250708,0.0,0.0,-120.18833645014824,0.0,32.1,3.0659445483382752,3.0659445483382752,0.0,0.0,0.7,10.0,time_pressure,23000,0.9047619047619048,0.0,0.0,0.8,factorized_engagement_ar_ppo_order_012,0.0,12.814161871056234,0.0,8
0.0,1.0,0.0,0.0,2.920393821488596,0.0,0.0,-94.16287368490899,0.0,43.7,2.4930957894969663,2.4930957894969663,0.0,0.0,0.7,10.0,heterogeneity_pressure,33000,0.7407407407407407,0.0,0.0,0.66,factorized_engagement_ar_ppo_order_012,0.0,26.91754069441177,0.0,8
0.0,1.0,0.0,0.0,2.9366547786910195,0.0,0.0,-93.24132203857909,0.0,42.9,2.4650440679526366,2.4650440679526366,0.0,0.0,0.75,10.0,medium,13000,0.4444444444444444,0.0,0.0,0.62,factorized_engagement_ar_ppo_order_012,0.0,28.788978627348325,0.0,8
0.0,1.0,0.0,0.0,2.854467289614498,0.0,0.0,-120.18833645014824,0.0,32.1,3.0659445483382752,3.0659445483382752,0.0,0.0,0.75,10.0,time_pressure,23000,0.9047619047619048,0.0,0.0,0.8,factorized_engagement_ar_ppo_order_012,0.0,12.814161871056234,0.0,8
0.0,1.0,0.0,0.0,2.97817185332184,0.0,0.0,-94.16287368490899,0.0,43.7,2.4930957894969663,2.4930957894969663,0.0,0.0,0.75,10.0,heterogeneity_pressure,33000,0.7407407407407407,0.0,0.0,0.66,factorized_engagement_ar_ppo_order_012,0.0,26.91754069441177,0.0,8
0.0,1.0,0.0,0.0,2.8832986013344293,0.0,0.0,-93.24132203857909,0.0,42.9,2.4650440679526366,2.4650440679526366,0.0,0.0,0.8,10.0,medium,13000,0.4444444444444444,0.0,0.0,0.62,factorized_engagement_ar_ppo_order_012,0.0,28.788978627348325,0.0,8
0.0,1.0,0.0,0.0,2.7653576323367774,0.0,0.0,-120.18833645014824,0.0,32.1,3.0659445483382752,3.0659445483382752,0.0,0.0,0.8,10.0,time_pressure,23000,0.9047619047619048,0.0,0.0,0.8,factorized_engagement_ar_ppo_order_012,0.0,12.814161871056234,0.0,8
0.0,1.0,0.0,0.0,2.8780560641357322,0.0,0.0,-94.16287368490899,0.0,43.7,2.4930957894969663,2.4930957894969663,0.0,0.0,0.8,10.0,heterogeneity_pressure,33000,0.7407407407407407,0.0,0.0,0.66,factorized_engagement_ar_ppo_order_012,0.0,26.91754069441177,0.0,8
0.0,1.0,0.0,0.0,2.9519578088321863,0.0,0.0,-93.24132203857909,0.0,42.9,2.4650440679526366,2.4650440679526366,0.0,0.0,0.85,10.0,medium,13000,0.4444444444444444,0.0,0.0,0.62,factorized_engagement_ar_ppo_order_012,0.0,28.788978627348325,0.0,8
0.0,1.0,0.0,0.0,2.818452647879101,0.0,0.0,-120.18833645014824,0.0,32.1,3.0659445483382752,3.0659445483382752,0.0,0.0,0.85,10.0,time_pressure,23000,0.9047619047619048,0.0,0.0,0.8,factorized_engagement_ar_ppo_order_012,0.0,12.814161871056234,0.0,8
0.0,1.0,0.0,0.0,2.9151862700330864,0.0,0.0,-94.16287368490899,0.0,43.7,2.4930957894969663,2.4930957894969663,0.0,0.0,0.85,10.0,heterogeneity_pressure,33000,0.7407407407407407,0.0,0.0,0.66,factorized_engagement_ar_ppo_order_012,0.0,26.91754069441177,0.0,8
0.0,1.0,0.0,0.0,2.913176923083757,0.0,0.0,-93.24132203857909,0.0,42.9,2.4650440679526366,2.4650440679526366,0.0,0.0,0.9,10.0,medium,13000,0.4444444444444444,0.0,0.0,0.62,factorized_engagement_ar_ppo_order_012,0.0,28.788978627348325,0.0,8
0.0,1.0,0.0,0.0,2.8827314641812816,0.0,0.0,-120.18833645014824,0.0,32.1,3.0659445483382752,3.0659445483382752,0.0,0.0,0.9,10.0,time_pressure,23000,0.9047619047619048,0.0,0.0,0.8,factorized_engagement_ar_ppo_order_012,0.0,12.814161871056234,0.0,8
0.0,1.0,0.0,0.0,2.8858764300937896,0.0,0.0,-94.16287368490899,0.0,43.7,2.4930957894969663,2.4930957894969663,0.0,0.0,0.9,10.0,heterogeneity_pressure,33000,0.7407407407407407,0.0,0.0,0.66,factorized_engagement_ar_ppo_order_012,0.0,26.91754069441177,0.0,8
0.21151079136690648,0.0,0.0,14.7,2.8745491183799827,0.0,15.6,3.8365913054689953,14.7,39.7,0.197639248716483,0.197639248716483,0.2023885907068329,0.12342569269521411,0.1,10.0,medium,13000,0.0,0.2653061224489796,0.78,0.06,factorized_engagement_ar_ppo_order_012,0.0,23.584309767985125,0.3,9
0.2631578947368421,0.0,0.0,14.5,3.0950726973179896,0.0,15.35,-16.484156097326835,14.5,30.4,0.8904584487388936,0.8904584487388936,0.1955209929293329,0.15899122807017543,0.1,10.0,time_pressure,23000,0.23809523809523808,0.25517241379310346,0.74,0.26,factorized_engagement_ar_ppo_order_012,0.0,41.098675609856244,0.3,9
0.24398073836276082,0.0,0.0,15.2,3.313150905016786,0.0,15.2,-22.394987900146667,15.2,44.2,0.7418116587721644,0.7418116587721643,0.1651445777761594,0.11463046757164404,0.1,10.0,heterogeneity_pressure,33000,0.2222222222222222,0.21710526315789475,0.66,0.22,factorized_engagement_ar_ppo_order_012,0.0,41.18789090644669,0.1,9
0.149032992036405,0.0,0.0,13.1,2.806298292640216,0.0,13.75,1.2836556324843549,13.1,41.0,0.3545012595502954,0.3545012595502954,0.22950940411152543,0.10650406504065041,0.15,10.0,medium,13000,0.05555555555555555,0.3053435114503817,0.8,0.1,factorized_engagement_ar_ppo_order_012,0.0,27.29438254256248,0.3,9
0.18370165745856354,0.0,0.0,13.3,2.634967647041134,0.0,13.55,8.151141727090911,13.3,27.2,0.4153842524231566,0.4153842524231566,0.24888184915722283,0.16299019607843138,0.15,10.0,time_pressure,23000,0.23809523809523808,0.3308270676691729,0.88,0.12,factorized_engagement_ar_ppo_order_012,0.0,31.240194152941296,0.5,9
0.17990074441687345,0.0,0.0,14.5,2.672341432195896,0.0,13.754999999999999,-0.15174750087347064,14.5,39.1,0.4514651990666153,0.4514651990666153,0.2094015648695134,0.12361466325660699,0.15,10.0,heterogeneity_pressure,33000,0.14814814814814814,0.27586206896551724,0.8,0.14,factorized_engagement_ar_ppo_order_012,0.0,26.50139939892865,0.3,9
0.12512030798845045,0.0,0.0,13.0,2.75682352920579,0.0,13.4,-1.2154470451791344,13.0,40.8,0.43217940105491726,0.43217940105491726,0.22690410235393466,0.10620915032679738,0.2,10.0,medium,13000,0.05555555555555555,0.3,0.78,0.12,factorized_engagement_ar_ppo_order_012,0.0,31.446473364546698,0.3,9
0.13930348258706468,0.0,0.0,11.2,2.8041799999507995,0.0,11.3,-8.183922960355314,11.2,28.5,0.7050430101357882,0.7050430101357882,0.26968480679271717,0.13099415204678364,0.2,10.0,time_pressure,23000,0.23809523809523808,0.3482142857142857,0.78,0.22,factorized_engagement_ar_ppo_order_012,0.0,29.22512035379956,0.2,9
0.1423948220064725,0.0,0.0,13.2,2.8480522388910043,0.0,12.669999999999998,-6.837904215062847,13.2,40.2,0.6743596962956586,0.6743596962956585,0.21991135768037634,0.10945273631840796,0.2,10.0,heterogeneity_pressure,33000,0.18518518518518517,0.2878787878787879,0.76,0.2,factorized_engagement_ar_ppo_order_012,0.0,35.31964254169613,0.3,9
0.08645276292335116,0.0,0.0,9.7,2.71820880195213,0.0,10.1,-23.97872047476194,9.7,40.9,1.0434395366664833,1.0434395366664833,0.2600765764049059,0.07905460472697637,0.25,10.0,medium,13000,0.2222222222222222,0.36082474226804123,0.7,0.26,factorized_engagement_ar_ppo_order_012,0.0,26.926256380678605,0.1,9
0.10463733650416171,0.0,0.0,8.8,2.7436224489337584,0.0,8.6,-23.838647550687448,8.8,29.4,1.0554074990211497,1.0554074990211497,0.30342106218103077,0.09977324263038549,0.25,10.0,time_pressure,23000,0.38095238095238093,0.38636363636363635,0.68,0.32,factorized_engagement_ar_ppo_order_012,0.0,15.736530504467757,0.0,9
0.12437810945273632,0.0,0.0,12.5,2.779599514600775,0.0,12.749999999999998,-24.829573333565452,12.5,41.2,1.0125579875079893,1.0125579875079893,0.19154278468608385,0.1011326860841424,0.25,10.0,heterogeneity_pressure,33000,0.2962962962962963,0.272,0.68,0.24,factorized_engagement_ar_ppo_order_012,0.0,30.584796274697563,0.1,9
0.06706281833616298,0.0,0.0,7.9,2.628295203736535,0.0,7.4,-39.13459410662715,7.9,41.7,1.4862663534551657,1.4862663534551657,0.2715488638191466,0.06314948041566747,0.3,10.0,medium,13000,0.3333333333333333,0.3924050632911392,0.62,0.36,factorized_engagement_ar_ppo_order_012,0.0,9.9749311275644,0.0,9
0.08084163898117387,0.0,0.0,7.3,2.7526881028697794,0.0,5.75,-47.6701099392071,7.3,31.1,1.7679598889754586,1.7679598889754586,0.26815793934777554,0.0782422293676313,0.3,10.0,time_pressure,23000,0.5714285714285714,0.3424657534246575,0.5,0.5,factorized_engagement_ar_ppo_order_012,0.0,18.37895787521733,0.0,9
0.1019644527595884,0.0,0.0,10.9,2.8464055420614844,0.0,10.825,-38.34205869171868,10.9,41.5,1.3753073586431104,1.3753073586431104,0.1961645399938493,0.08755020080321285,0.3,10.0,heterogeneity_pressure,33000,0.37037037037037035,0.28440366972477066,0.62,0.32,factorized_engagement_ar_ppo_order_012,0.0,17.664139134149167,0.0,9
0.045416316232127836,0.1,0.0,5.4,2.8356437957556713,0.0,4.05,-62.1146455220077,5.4,41.1,2.020005985136464,2.020005985136464,0.2633534734755681,0.043795620437956206,0.35,10.0,medium,13000,0.3888888888888889,0.3888888888888889,0.42,0.5,factorized_engagement_ar_ppo_order_012,0.0,21.753475017061614,0.0,9
0.04661487236403995,0.1,0.0,4.2,2.6736174757117865,0.0,3.0,-69.99789132588465,4.2,30.9,2.1980103562451285,2.1980103562451285,0.29524269422048005,0.045307443365695796,0.35,10.0,time_pressure,23000,0.7142857142857143,0.40476190476190477,0.34,0.58,factorized_engagement_ar_ppo_order_012,0.0,30.444070660261588,0.0,9
0.08646288209606987,0.0,0.0,9.9,2.878083644875311,0.0,8.674999999999999,-49.493810305287205,9.9,42.8,1.5923103361080686,1.5923103361080686,0.1749206406677282,0.07710280373831775,0.35,10.0,heterogeneity_pressure,33000,0.4074074074074074,0.23232323232323232,0.46,0.44,factorized_engagement_ar_ppo_order_012,0.0,28.493781485792347,0.0,9
0.03691550451189499,0.2,0.0,4.5,2.81088162287157,0.0,3.15,-64.22100193284662,4.5,41.9,2.07517858615931,2.07517858615931,0.2937331656695281,0.03579952267303103,0.4,10.0,medium,13000,0.4444444444444444,0.4222222222222222,0.38,0.52,factorized_engagement_ar_ppo_order_012,0.0,27.102296942427124,0.0,9
0.03265765765765766,0.3,0.0,2.9,2.8039651314860463,0.0,2.05,-95.59363239736751,2.9,30.4,2.5911982411516186,2.5911982411516186,0.21795566145038528,0.03179824561403509,0.4,10.0,time_pressure,23000,0.8095238095238095,0.3103448275862069,0.18,0.68,factorized_engagement_ar_ppo_order_012,0.0,33.57276153052105,0.0,9
0.07432432432432433,0.0,0.0,8.8,2.844314220222701,0.0,7.01,-61.638727960240416,8.8,43.6,1.826691091195221,1.826691091195221,0.16459616026626508,0.0672782874617737,0.4,10.0,heterogeneity_pressure,33000,0.48148148148148145,0.22727272727272727,0.4,0.48,factorized_engagement_ar_ppo_order_012,0.0,34.01849078392079,0.0,9
0.03117505995203837,0.3,0.0,3.9,2.73201775699163,0.0,2.55,-73.53661045475697,3.9,42.8,2.2306032269815415,2.2306032269815415,0.2481151679804173,0.030373831775700934,0.45,10.0,medium,13000,0.4444444444444444,0.358974358974359,0.28,0.56,factorized_engagement_ar_ppo_order_012,0.0,27.154408697240246,0.0,9
0.025498891352549888,0.3,0.0,2.3,2.7045305194098854,0.0,1.45,-94.86782505703795,2.3,30.8,2.575093875951344,2.575093875951344,0.2663533538784638,0.024891774891774892,0.45,10.0,time_pressure,23000,0.7619047619047619,0.34782608695652173,0.16,0.68,factorized_engagement_ar_ppo_order_012,0.0,24.730825836332325,0.0,9
0.050454921422663356,0.0,0.0,6.1,3.2153875000734513,0.0,4.185,-67.63635300218411,6.1,44.0,1.993711909893485,1.993711909893485,0.15234325583186095,0.04621212121212121,0.45,10.0,heterogeneity_pressure,33000,0.5555555555555556,0.22950819672131148,0.28,0.52,factorized_engagement_ar_ppo_order_012,0.0,30.098974385607153,0.0,9
0.022134387351778657,0.4,0.0,2.8,2.960170533659254,0.0,1.4,-85.2525458725999,2.8,43.1,2.390409987961145,2.390409987961145,0.1824635660126894,0.02165506573859242,0.5,10.0,medium,13000,0.4444444444444444,0.2857142857142857,0.16,0.6,factorized_engagement_ar_ppo_order_012,0.0,31.546784139106105,0.0,9
0.014317180616740088,0.6,0.0,1.3,2.659771612924223,0.0,0.8,-109.95148474456418,1.3,31.0,2.9068512281586676,2.9068512281586676,0.12237947706123675,0.013978494623655914,0.5,10.0,time_pressure,23000,0.8571428571428571,0.15384615384615385,0.04,0.76,factorized_engagement_ar_ppo_order_012,0.0,22.91609822188509,0.0,9
0.03536184210526316,0.0,0.0,4.3,2.8551140909009765,0.0,3.1,-65.65892645324807,4.3,44.0,1.9869858203028428,1.9869858203028428,0.2502411793893801,0.03257575757575758,0.5,10.0,heterogeneity_pressure,33000,0.5555555555555556,0.3488372093023256,0.3,0.52,factorized_engagement_ar_ppo_order_012,0.0,32.6781819131179,0.0,9
0.013364779874213837,0.4,0.0,1.7,2.866215740705566,0.0,0.85,-86.04404342790224,1.7,43.2,2.390409987961145,2.390409987961145,0.22052570364799753,0.013117283950617283,0.55,10.0,medium,13000,0.4444444444444444,0.35294117647058826,0.12,0.6,factorized_engagement_ar_ppo_order_012,0.0,30.11131405588087,0.0,9
0.009846827133479213,0.7,0.0,0.9,2.8489304486589764,0.0,0.6,-109.77148474456419,0.9,31.2,2.9068512281586676,2.9068512281586676,0.17677035575511976,0.009615384615384616,0.55,10.0,time_pressure,23000,0.8571428571428571,0.2222222222222222,0.04,0.76,factorized_engagement_ar_ppo_order_012,0.0,22.90815364130259,0.0,9
0.017341040462427744,0.4,0.0,2.1,2.783461467849495,0.0,1.03,-73.53936627010819,2.1,43.6,2.1016186982587386,2.1016186982587386,0.28164819053809537,0.016055045871559634,0.55,10.0,heterogeneity_pressure,33000,0.6296296296296297,0.38095238095238093,0.16,0.56,factorized_engagement_ar_ppo_order_012,0.0,32.37401614625401,0.0,9
0.003952569169960474,0.8,0.0,0.5,2.7463813518249434,0.0,0.25,-91.86800033845587,0.5,42.9,2.4650440679526366,2.4650440679526366,0.3734191802717888,0.003885003885003885,0.6,10.0,medium,13000,0.4444444444444444,0.6,0.06,0.62,factorized_engagement_ar_ppo_order_012,0.0,30.026504432061756,0.0,9
0.008639308855291577,0.8,0.0,0.8,2.664956012716785,0.0,0.4,-109.6114847445642,0.8,31.6,2.9068512281586676,2.9068512281586676,0.19886665022450972,0.008438818565400843,0.6,10.0,time_pressure,23000,0.8571428571428571,0.25,0.04,0.76,factorized_engagement_ar_ppo_order_012,0.0,23.070934173538994,0.0,9
0.009009009009009009,0.5,0.0,1.1,2.8038365297056957,0.0,0.53,-79.25061705655368,1.1,43.8,2.260578510514473,2.260578510514473,0.39318307988569523,0.00837138508371385,0.6,10.0,heterogeneity_pressure,33000,0.7037037037037037,0.5454545454545454,0.12,0.6,factorized_engagement_ar_ppo_order_012,0.0,26.292244580930287,0.0,9
0.0015810276679841897,0.8,0.0,0.2,2.746468531407781,0.0,0.1,-92.1906609411027,0.2,42.9,2.4650440679526366,2.4650440679526366,0.6343155243743668,0.001554001554001554,0.65,10.0,medium,13000,0.4444444444444444,1.0,0.04,0.62,factorized_engagement_ar_ppo_order_012,0.0,29.667292165939195,0.0,9
0.004333694474539545,0.8,0.0,0.4,2.764774920531578,0.0,0.2,-109.40148474456419,0.4,31.5,2.9068512281586676,2.9068512281586676,0.39773330044901944,0.004232804232804233,0.65,10.0,time_pressure,23000,0.8571428571428571,0.5,0.04,0.76,factorized_engagement_ar_ppo_order_012,0.0,23.410951082850225,0.0,9
0.004914004914004914,0.7,0.0,0.6,2.70662866972197,0.0,0.275,-92.6449783805179,0.6,43.6,2.4930957894969663,2.4930957894969663,0.3333068481529539,0.0045871559633027525,0.65,10.0,heterogeneity_pressure,33000,0.7407407407407407,0.5,0.06,0.66,factorized_engagement_ar_ppo_order_012,0.0,27.761634249513545,0.0,9
0.0,1.0,0.0,0.0,2.8784713287300367,0.0,0.0,-93.24132203857909,0.0,42.9,2.4650440679526366,2.4650440679526366,0.0,0.0,0.7,10.0,medium,13000,0.4444444444444444,0.0,0.0,0.62,factorized_engagement_ar_ppo_order_012,0.0,28.788978627348325,0.0,9
0.004291845493562232,0.8,0.0,0.4,2.7983301887667587,0.0,0.2,-109.43148474456419,0.4,31.8,2.9068512281586676,2.9068512281586676,0.39773330044901944,0.0041928721174004195,0.7,10.0,time_pressure,23000,0.8571428571428571,0.5,0.04,0.76,factorized_engagement_ar_ppo_order_012,0.0,23.361640069815937,0.0,9
0.0008169934640522876,0.9,0.0,0.1,2.7057407322539913,0.0,0.025,-94.187873684909,0.1,43.7,2.4930957894969663,2.4930957894969663,0.0,0.0007627765064836003,0.7,10.0,heterogeneity_pressure,33000,0.7407407407407407,0.0,0.0,0.66,factorized_engagement_ar_ppo_order_012,0.0,26.886039178724374,0.0,9
0.0,1.0,0.0,0.0,2.716815151637629,0.0,0.0,-93.24132203857909,0.0,42.9,2.4650440679526366,2.4650440679526366,0.0,0.0,0.75,10.0,medium,13000,0.4444444444444444,0.0,0.0,0.62,factorized_engagement_ar_ppo_order_012,0.0,28.788978627348325,0.0,9
0.0021253985122210413,0.9,0.0,0.2,2.7619909657045003,0.0,0.1,-115.20269421594917,0.2,32.1,3.0012292804590777,3.0012292804590777,0.32357633939598573,0.0020768431983385254,0.75,10.0,time_pressure,23000,0.8571428571428571,0.5,0.02,0.78,factorized_engagement_ar_ppo_order_012,0.0,19.41645605693066,0.0,9
0.0,1.0,0.0,0.0,2.685597254096816,0.0,0.0,-94.16287368490899,0.0,43.7,2.4930957894969663,2.4930957894969663,0.0,0.0,0.75,10.0,heterogeneity_pressure,33000,0.7407407407407407,0.0,0.0,0.66,factorized_engagement_ar_ppo_order_012,0.0,26.91754069441177,0.0,9
0.0,1.0,0.0,0.0,2.7359748251690306,0.0,0.0,-93.24132203857909,0.0,42.9,2.4650440679526366,2.4650440679526366,0.0,0.0,0.8,10.0,medium,13000,0.4444444444444444,0.0,0.0,0.62,factorized_engagement_ar_ppo_order_012,0.0,28.788978627348325,0.0,9
0.0,1.0,0.0,0.0,2.683215264791374,0.0,0.0,-120.18833645014824,0.0,32.1,3.0659445483382752,3.0659445483382752,0.0,0.0,0.8,10.0,time_pressure,23000,0.9047619047619048,0.0,0.0,0.8,factorized_engagement_ar_ppo_order_012,0.0,12.814161871056234,0.0,9
0.0,1.0,0.0,0.0,2.6610421052326325,0.0,0.0,-94.16287368490899,0.0,43.7,2.4930957894969663,2.4930957894969663,0.0,0.0,0.8,10.0,heterogeneity_pressure,33000,0.7407407407407407,0.0,0.0,0.66,factorized_engagement_ar_ppo_order_012,0.0,26.91754069441177,0.0,9
0.0,1.0,0.0,0.0,2.677675291383259,0.0,0.0,-93.24132203857909,0.0,42.9,2.4650440679526366,2.4650440679526366,0.0,0.0,0.85,10.0,medium,13000,0.4444444444444444,0.0,0.0,0.62,factorized_engagement_ar_ppo_order_012,0.0,28.788978627348325,0.0,9
0.0,1.0,0.0,0.0,2.60589408096968,0.0,0.0,-120.18833645014824,0.0,32.1,3.0659445483382752,3.0659445483382752,0.0,0.0,0.85,10.0,time_pressure,23000,0.9047619047619048,0.0,0.0,0.8,factorized_engagement_ar_ppo_order_012,0.0,12.814161871056234,0.0,9
0.0,1.0,0.0,0.0,2.6940807780292597,0.0,0.0,-94.16287368490899,0.0,43.7,2.4930957894969663,2.4930957894969663,0.0,0.0,0.85,10.0,heterogeneity_pressure,33000,0.7407407407407407,0.0,0.0,0.66,factorized_engagement_ar_ppo_order_012,0.0,26.91754069441177,0.0,9
0.0,1.0,0.0,0.0,2.6867610722801802,0.0,0.0,-93.24132203857909,0.0,42.9,2.4650440679526366,2.4650440679526366,0.0,0.0,0.9,10.0,medium,13000,0.4444444444444444,0.0,0.0,0.62,factorized_engagement_ar_ppo_order_012,0.0,28.788978627348325,0.0,9
0.0,1.0,0.0,0.0,2.758646106012521,0.0,0.0,-120.18833645014824,0.0,32.1,3.0659445483382752,3.0659445483382752,0.0,0.0,0.9,10.0,time_pressure,23000,0.9047619047619048,0.0,0.0,0.8,factorized_engagement_ar_ppo_order_012,0.0,12.814161871056234,0.0,9
0.0,1.0,0.0,0.0,2.6668558351316456,0.0,0.0,-94.16287368490899,0.0,43.7,2.4930957894969663,2.4930957894969663,0.0,0.0,0.9,10.0,heterogeneity_pressure,33000,0.7407407407407407,0.0,0.0,0.66,factorized_engagement_ar_ppo_order_012,0.0,26.91754069441177,0.0,9
0.9523809523809523,0.0,0.0,16.0,2.738101498912923,0.0,17.0,-52.97469020686141,16.0,46.7,1.3535214647890463,1.3535214647890463,0.10236401043988921,0.11420413990007137,0.1,10.0,medium,13000,0.3333333333333333,0.125,0.4,0.38,factorized_engagement_ar_ppo_order_012,0.0,30.721032042617352,0.0,10
0.9248554913294798,0.0,0.0,16.0,3.1794465516652743,0.0,17.0,-59.30143231260132,16.0,34.8,1.6851290398217889,1.6851290398217884,0.118130258356719,0.1532567049808429,0.1,10.0,time_pressure,23000,0.38095238095238093,0.15,0.48,0.48,factorized_engagement_ar_ppo_order_012,0.0,45.417498897317756,0.1,10
0.9691358024691358,0.0,0.0,15.7,3.246758119608303,0.0,15.325,-70.55353020186828,15.7,46.8,1.743856016401215,1.7438560164012145,0.07429668284363891,0.11182336182336182,0.1,10.0,heterogeneity_pressure,33000,0.5185185185185185,0.09554140127388536,0.3,0.46,factorized_engagement_ar_ppo_order_012,0.0,40.9918920188433,0.0,10
0.9523809523809523,0.0,0.0,16.0,2.6064387579614667,0.0,17.0,-52.97469020686141,16.0,46.7,1.3535214647890463,1.3535214647890463,0.10236401043988921,0.11420413990007137,0.15,10.0,medium,13000,0.3333333333333333,0.125,0.4,0.38,factorized_engagement_ar_ppo_order_012,0.0,30.721032042617352,0.0,10
0.9248554913294798,0.0,0.0,16.0,2.5966094826485615,0.0,17.0,-59.30143231260132,16.0,34.8,1.6851290398217889,1.6851290398217884,0.118130258356719,0.1532567049808429,0.15,10.0,time_pressure,23000,0.38095238095238093,0.15,0.48,0.48,factorized_engagement_ar_ppo_order_012,0.0,45.417498897317756,0.1,10
0.9691358024691358,0.0,0.0,15.7,2.592523717887674,0.0,15.325,-70.55353020186828,15.7,46.8,1.743856016401215,1.7438560164012145,0.07429668284363891,0.11182336182336182,0.15,10.0,heterogeneity_pressure,33000,0.5185185185185185,0.09554140127388536,0.3,0.46,factorized_engagement_ar_ppo_order_012,0.0,40.9918920188433,0.0,10
0.9523809523809523,0.0,0.0,16.0,2.653470021547656,0.0,17.0,-52.97469020686141,16.0,46.7,1.3535214647890463,1.3535214647890463,0.10236401043988921,0.11420413990007137,0.2,10.0,medium,13000,0.3333333333333333,0.125,0.4,0.38,factorized_engagement_ar_ppo_order_012,0.0,30.721032042617352,0.0,10
0.9248554913294798,0.0,0.0,16.0,2.693781321785087,0.0,17.0,-59.30143231260132,16.0,34.8,1.6851290398217889,1.6851290398217884,0.118130258356719,0.1532567049808429,0.2,10.0,time_pressure,23000,0.38095238095238093,0.15,0.48,0.48,factorized_engagement_ar_ppo_order_012,0.0,45.417498897317756,0.1,10
0.9691358024691358,0.0,0.0,15.7,2.716364316311073,0.0,15.325,-70.55353020186828,15.7,46.8,1.743856016401215,1.7438560164012145,0.07429668284363891,0.11182336182336182,0.2,10.0,heterogeneity_pressure,33000,0.5185185185185185,0.09554140127388536,0.3,0.46,factorized_engagement_ar_ppo_order_012,0.0,40.9918920188433,0.0,10
0.9523809523809523,0.0,0.0,16.0,2.6931066381261055,0.0,17.0,-52.97469020686141,16.0,46.7,1.3535214647890463,1.3535214647890463,0.10236401043988921,0.11420413990007137,0.25,10.0,medium,13000,0.3333333333333333,0.125,0.4,0.38,factorized_engagement_ar_ppo_order_012,0.0,30.721032042617352,0.0,10
0.9248554913294798,0.0,0.0,16.0,2.5966135056467925,0.0,17.0,-59.30143231260132,16.0,34.8,1.6851290398217889,1.6851290398217884,0.118130258356719,0.1532567049808429,0.25,10.0,time_pressure,23000,0.38095238095238093,0.15,0.48,0.48,factorized_engagement_ar_ppo_order_012,0.0,45.417498897317756,0.1,10
0.9691358024691358,0.0,0.0,15.7,2.7242525640649857,0.0,15.325,-70.55353020186828,15.7,46.8,1.743856016401215,1.7438560164012145,0.07429668284363891,0.11182336182336182,0.25,10.0,heterogeneity_pressure,33000,0.5185185185185185,0.09554140127388536,0.3,0.46,factorized_engagement_ar_ppo_order_012,0.0,40.9918920188433,0.0,10
0.9523809523809523,0.0,0.0,16.0,2.697842826558428,0.0,17.0,-52.97469020686141,16.0,46.7,1.3535214647890463,1.3535214647890463,0.10236401043988921,0.11420413990007137,0.3,10.0,medium,13000,0.3333333333333333,0.125,0.4,0.38,factorized_engagement_ar_ppo_order_012,0.0,30.721032042617352,0.0,10
0.9248554913294798,0.0,0.0,16.0,2.593576149394366,0.0,17.0,-59.30143231260132,16.0,34.8,1.6851290398217889,1.6851290398217884,0.118130258356719,0.1532567049808429,0.3,10.0,time_pressure,23000,0.38095238095238093,0.15,0.48,0.48,factorized_engagement_ar_ppo_order_012,0.0,45.417498897317756,0.1,10
0.9691358024691358,0.0,0.0,15.7,2.749785683831721,0.0,15.325,-70.55353020186828,15.7,46.8,1.743856016401215,1.7438560164012145,0.07429668284363891,0.11182336182336182,0.3,10.0,heterogeneity_pressure,33000,0.5185185185185185,0.09554140127388536,0.3,0.46,factorized_engagement_ar_ppo_order_012,0.0,40.9918920188433,0.0,10
0.9523809523809523,0.0,0.0,16.0,2.6234479658009,0.0,17.0,-52.97469020686141,16.0,46.7,1.3535214647890463,1.3535214647890463,0.10236401043988921,0.11420413990007137,0.35,10.0,medium,13000,0.3333333333333333,0.125,0.4,0.38,factorized_engagement_ar_ppo_order_012,0.0,30.721032042617352,0.0,10
0.9248554913294798,0.0,0.0,16.0,2.7644520116740456,0.0,17.0,-59.30143231260132,16.0,34.8,1.6851290398217889,1.6851290398217884,0.118130258356719,0.1532567049808429,0.35,10.0,time_pressure,23000,0.38095238095238093,0.15,0.48,0.48,factorized_engagement_ar_ppo_order_012,0.0,45.417498897317756,0.1,10
0.9691358024691358,0.0,0.0,15.7,2.5372337606282427,0.0,15.325,-70.55353020186828,15.7,46.8,1.743856016401215,1.7438560164012145,0.07429668284363891,0.11182336182336182,0.35,10.0,heterogeneity_pressure,33000,0.5185185185185185,0.09554140127388536,0.3,0.46,factorized_engagement_ar_ppo_order_012,0.0,40.9918920188433,0.0,10
0.9523809523809523,0.0,0.0,16.0,2.6955126338960937,0.0,17.0,-52.97469020686141,16.0,46.7,1.3535214647890463,1.3535214647890463,0.10236401043988921,0.11420413990007137,0.4,10.0,medium,13000,0.3333333333333333,0.125,0.4,0.38,factorized_engagement_ar_ppo_order_012,0.0,30.721032042617352,0.0,10
0.9248554913294798,0.0,0.0,16.0,2.7131589079116325,0.0,17.0,-59.30143231260132,16.0,34.8,1.6851290398217889,1.6851290398217884,0.118130258356719,0.1532567049808429,0.4,10.0,time_pressure,23000,0.38095238095238093,0.15,0.48,0.48,factorized_engagement_ar_ppo_order_012,0.0,45.417498897317756,0.1,10
0.9691358024691358,0.0,0.0,15.7,2.659741666686122,0.0,15.325,-70.55353020186828,15.7,46.8,1.743856016401215,1.7438560164012145,0.07429668284363891,0.11182336182336182,0.4,10.0,heterogeneity_pressure,33000,0.5185185185185185,0.09554140127388536,0.3,0.46,factorized_engagement_ar_ppo_order_012,0.0,40.9918920188433,0.0,10
0.9523809523809523,0.0,0.0,16.0,2.74489892936026,0.0,17.0,-52.97469020686141,16.0,46.7,1.3535214647890463,1.3535214647890463,0.10236401043988921,0.11420413990007137,0.45,10.0,medium,13000,0.3333333333333333,0.125,0.4,0.38,factorized_engagement_ar_ppo_order_012,0.0,30.721032042617352,0.0,10
0.9248554913294798,0.0,0.0,16.0,2.6698663793060153,0.0,17.0,-59.30143231260132,16.0,34.8,1.6851290398217889,1.6851290398217884,0.118130258356719,0.1532567049808429,0.45,10.0,time_pressure,23000,0.38095238095238093,0.15,0.48,0.48,factorized_engagement_ar_ppo_order_012,0.0,45.417498897317756,0.1,10
0.9691358024691358,0.0,0.0,15.7,2.700387179478033,0.0,15.325,-70.55353020186828,15.7,46.8,1.743856016401215,1.7438560164012145,0.07429668284363891,0.11182336182336182,0.45,10.0,heterogeneity_pressure,33000,0.5185185185185185,0.09554140127388536,0.3,0.46,factorized_engagement_ar_ppo_order_012,0.0,40.9918920188433,0.0,10
0.9523809523809523,0.0,0.0,16.0,2.5863835118478913,0.0,17.0,-52.97469020686141,16.0,46.7,1.3535214647890463,1.3535214647890463,0.10236401043988921,0.11420413990007137,0.5,10.0,medium,13000,0.3333333333333333,0.125,0.4,0.38,factorized_engagement_ar_ppo_order_012,0.0,30.721032042617352,0.0,10
0.9248554913294798,0.0,0.0,16.0,2.6849810345752876,0.0,17.0,-59.30143231260132,16.0,34.8,1.6851290398217889,1.6851290398217884,0.118130258356719,0.1532567049808429,0.5,10.0,time_pressure,23000,0.38095238095238093,0.15,0.48,0.48,factorized_engagement_ar_ppo_order_012,0.0,45.417498897317756,0.1,10
0.9691358024691358,0.0,0.0,15.7,2.76419252133922,0.0,15.325,-70.55353020186828,15.7,46.8,1.743856016401215,1.7438560164012145,0.07429668284363891,0.11182336182336182,0.5,10.0,heterogeneity_pressure,33000,0.5185185185185185,0.09554140127388536,0.3,0.46,factorized_engagement_ar_ppo_order_012,0.0,40.9918920188433,0.0,10
0.8791208791208791,0.0,0.0,16.0,2.633284154303578,0.0,17.0,-52.97469020686141,16.0,46.7,1.3535214647890463,1.3535214647890463,0.10236401043988921,0.11420413990007137,0.55,10.0,medium,13000,0.3333333333333333,0.125,0.4,0.38,factorized_engagement_ar_ppo_order_012,0.0,30.721032042617352,0.0,10
0.7339449541284404,0.0,0.0,16.0,2.6432743363120528,0.0,17.0,-45.929012022983876,16.0,33.9,1.3249769312265154,1.3249769312265154,0.14063976514392354,0.15732546705998032,0.55,10.0,time_pressure,23000,0.3333333333333333,0.18125,0.58,0.38,factorized_engagement_ar_ppo_order_012,0.0,47.29197530061386,0.1,10
0.8959537572254336,0.0,0.0,15.5,2.586842307722784,0.0,15.275,-67.21520932258537,15.5,46.8,1.653449603840518,1.653449603840518,0.08108802149715018,0.1103988603988604,0.55,10.0,heterogeneity_pressure,33000,0.48148148148148145,0.1032258064516129,0.32,0.44,factorized_engagement_ar_ppo_order_012,0.0,45.183708330726965,0.0,10
0.2192429022082019,0.0,0.0,13.9,2.866162639767256,0.0,15.95,-15.13382955926005,13.9,44.7,0.5525263197370396,0.5525263197370396,0.1943115090558056,0.10365398956002983,0.6,10.0,medium,13000,0.2222222222222222,0.2517985611510791,0.7,0.16,factorized_engagement_ar_ppo_order_012,0.0,20.58310768398662,0.1,10
0.288135593220339,0.0,0.0,11.9,2.6343845912727963,0.0,14.35,-43.37356974962366,11.9,31.8,1.3442826754662611,1.3442826754662611,0.18747315109773371,0.12473794549266247,0.6,10.0,time_pressure,23000,0.2857142857142857,0.24369747899159663,0.58,0.38,factorized_engagement_ar_ppo_order_012,0.0,52.570963957091486,0.1,10
0.32608695652173914,0.0,0.0,15.0,2.740037474515606,0.0,15.15,-41.58676883654468,15.0,49.1,1.1835912712459105,1.1835912712459105,0.12260433679666756,0.10183299389002037,0.6,10.0,heterogeneity_pressure,33000,0.4074074074074074,0.15333333333333332,0.46,0.34,factorized_engagement_ar_ppo_order_012,0.0,16.9172782883871,0.0,10
0.036943744752308987,0.2,0.0,4.4,2.82104505749885,0.0,7.15,-57.667586563370854,4.4,43.5,1.8123099936986686,1.8123099936986686,0.3147977120367145,0.03371647509578544,0.65,10.0,medium,13000,0.3888888888888889,0.4318181818181818,0.38,0.46,factorized_engagement_ar_ppo_order_012,0.0,24.50881548450308,0.0,10
0.021505376344086023,0.6,0.0,2.0,2.7437623100530244,0.0,3.25,-82.84733712250346,2.0,32.9,2.3650108024621113,2.3650108024621113,0.5528400123289111,0.020263424518743668,0.65,10.0,time_pressure,23000,0.7619047619047619,0.65,0.26,0.66,factorized_engagement_ar_ppo_order_012,0.0,57.05343820839243,0.1,10
0.01967799642218247,0.2,0.0,2.2,2.7199355931385316,0.0,4.99,-63.787266296024406,2.2,41.3,1.9033933675844104,1.9033933675844104,0.5678541645714396,0.01775625504439064,0.65,10.0,heterogeneity_pressure,33000,0.5555555555555556,0.7727272727272727,0.34,0.52,factorized_engagement_ar_ppo_order_012,0.0,32.3838703283938,0.0,10
0.0,1.0,0.0,0.0,2.8472097903075695,0.0,0.0,-93.24132203857909,0.0,42.9,2.4650440679526366,2.4650440679526366,0.0,0.0,0.7,10.0,medium,13000,0.4444444444444444,0.0,0.0,0.62,factorized_engagement_ar_ppo_order_012,0.0,28.788978627348325,0.0,10
0.0,1.0,0.0,0.0,2.771190031143025,0.0,0.0,-120.18833645014824,0.0,32.1,3.0659445483382752,3.0659445483382752,0.0,0.0,0.7,10.0,time_pressure,23000,0.9047619047619048,0.0,0.0,0.8,factorized_engagement_ar_ppo_order_012,0.0,12.814161871056234,0.0,10
0.0,1.0,0.0,0.0,2.6204254003547347,0.0,0.0,-94.16287368490899,0.0,43.7,2.4930957894969663,2.4930957894969663,0.0,0.0,0.7,10.0,heterogeneity_pressure,33000,0.7407407407407407,0.0,0.0,0.66,factorized_engagement_ar_ppo_order_012,0.0,26.91754069441177,0.0,10
0.0,1.0,0.0,0.0,2.791014918245091,0.0,0.0,-93.24132203857909,0.0,42.9,2.4650440679526366,2.4650440679526366,0.0,0.0,0.75,10.0,medium,13000,0.4444444444444444,0.0,0.0,0.62,factorized_engagement_ar_ppo_order_012,0.0,28.788978627348325,0.0,10
0.0,1.0,0.0,0.0,2.7779919003356595,0.0,0.0,-120.18833645014824,0.0,32.1,3.0659445483382752,3.0659445483382752,0.0,0.0,0.75,10.0,time_pressure,23000,0.9047619047619048,0.0,0.0,0.8,factorized_engagement_ar_ppo_order_012,0.0,12.814161871056234,0.0,10
0.0,1.0,0.0,0.0,2.6377784897766694,0.0,0.0,-94.16287368490899,0.0,43.7,2.4930957894969663,2.4930957894969663,0.0,0.0,0.75,10.0,heterogeneity_pressure,33000,0.7407407407407407,0.0,0.0,0.66,factorized_engagement_ar_ppo_order_012,0.0,26.91754069441177,0.0,10
0.0,1.0,0.0,0.0,2.7479020977924122,0.0,0.0,-93.24132203857909,0.0,42.9,2.4650440679526366,2.4650440679526366,0.0,0.0,0.8,10.0,medium,13000,0.4444444444444444,0.0,0.0,0.62,factorized_engagement_ar_ppo_order_012,0.0,28.788978627348325,0.0,10
0.0,1.0,0.0,0.0,2.7499738317485276,0.0,0.0,-120.18833645014824,0.0,32.1,3.0659445483382752,3.0659445483382752,0.0,0.0,0.8,10.0,time_pressure,23000,0.9047619047619048,0.0,0.0,0.8,factorized_engagement_ar_ppo_order_012,0.0,12.814161871056234,0.0,10
0.0,1.0,0.0,0.0,2.8540999999893746,0.0,0.0,-94.16287368490899,0.0,43.7,2.4930957894969663,2.4930957894969663,0.0,0.0,0.8,10.0,heterogeneity_pressure,33000,0.7407407407407407,0.0,0.0,0.66,factorized_engagement_ar_ppo_order_012,0.0,26.91754069441177,0.0,10
0.0,1.0,0.0,0.0,2.9166011655308894,0.0,0.0,-93.24132203857909,0.0,42.9,2.4650440679526366,2.4650440679526366,0.0,0.0,0.85,10.0,medium,13000,0.4444444444444444,0.0,0.0,0.62,factorized_engagement_ar_ppo_order_012,0.0,28.788978627348325,0.0,10
0.0,1.0,0.0,0.0,2.8878529595875366,0.0,0.0,-120.18833645014824,0.0,32.1,3.0659445483382752,3.0659445483382752,0.0,0.0,0.85,10.0,time_pressure,23000,0.9047619047619048,0.0,0.0,0.8,factorized_engagement_ar_ppo_order_012,0.0,12.814161871056234,0.0,10
0.0,1.0,0.0,0.0,2.6729084668365743,0.0,0.0,-94.16287368490899,0.0,43.7,2.4930957894969663,2.4930957894969663,0.0,0.0,0.85,10.0,heterogeneity_pressure,33000,0.7407407407407407,0.0,0.0,0.66,factorized_engagement_ar_ppo_order_012,0.0,26.91754069441177,0.0,10
0.0,1.0,0.0,0.0,2.7559139859216235,0.0,0.0,-93.24132203857909,0.0,42.9,2.4650440679526366,2.4650440679526366,0.0,0.0,0.9,10.0,medium,13000,0.4444444444444444,0.0,0.0,0.62,factorized_engagement_ar_ppo_order_012,0.0,28.788978627348325,0.0,10
0.0,1.0,0.0,0.0,2.621367601323271,0.0,0.0,-120.18833645014824,0.0,32.1,3.0659445483382752,3.0659445483382752,0.0,0.0,0.9,10.0,time_pressure,23000,0.9047619047619048,0.0,0.0,0.8,factorized_engagement_ar_ppo_order_012,0.0,12.814161871056234,0.0,10
0.0,1.0,0.0,0.0,2.7705224255976737,0.0,0.0,-94.16287368490899,0.0,43.7,2.4930957894969663,2.4930957894969663,0.0,0.0,0.9,10.0,heterogeneity_pressure,33000,0.7407407407407407,0.0,0.0,0.66,factorized_engagement_ar_ppo_order_012,0.0,26.91754069441177,0.0,10
