context_id,scenario,policy_seed,slot,episode_index,environment_seed,environment_step,unit_index,prefix_actions,original_action,observation_hash,engage_probability,engagement_margin,legal_target_count,legal_targets,target_probabilities,argmax_target,safety_score,resource_score,extra_transitions,a_mean,a_standard_error,a_ci_lower,a_ci_upper,a_sign,a_reliable,a_zone_damage_mean,a_high_threat_leaks_mean,a_resource_cost_mean,b_mean,b_standard_error,b_ci_lower,b_ci_upper,b_sign,b_reliable,b_zone_damage_mean,b_high_threat_leaks_mean,b_resource_cost_mean,c_mean,c_standard_error,c_ci_lower,c_ci_upper,c_sign,c_reliable,c_zone_damage_mean,c_high_threat_leaks_mean,c_resource_cost_mean,argmax_target_regret,a_b_sign_consistent,b_c_sign_consistent,target_selection_sign_reversal
time_pressure_seed8_safety00_e06_t29_u2,time_pressure,8,safety,6,886997740,29,2,"5,5","5,5,4",446b3bb796a8dc44e259e6d767c219d3688573c91be48d255fdc0f9945fc9c9a,0.520641565322876,0.08261321512188236,1,4,1,4,1.1943866180553866,1.15,128,9.603302647856355,3.777405118787855,2.199588615032159,17.00701668068055,1,True,-0.15050705921507956,0.0,0.5,9.603302647856355,3.777405118787855,2.199588615032159,17.00701668068055,1,True,-0.15050705921507956,0.0,0.5,9.603302647856355,3.777405118787855,2.199588615032159,17.00701668068055,1,True,-0.15050705921507956,0.0,0.5,0.0,True,True,False
time_pressure_seed8_safety01_e01_t23_u2,time_pressure,8,safety,1,886997735,23,2,"5,5","5,5,3",3ce48ea586327bc403459f1a1cb74e617a50ff5c0a0c231b9df7102779e0ec6b,0.5216169953346252,0.08652191652145069,1,3,1,3,0.9382964362458586,1.15,128,12.063499507175214,3.90832263171306,4.403187149017616,19.723811865332813,1,True,-0.15945637378287492,-0.25,0.5,12.063499507175214,3.90832263171306,4.403187149017616,19.723811865332813,1,True,-0.15945637378287492,-0.25,0.5,12.063499507175214,3.90832263171306,4.403187149017616,19.723811865332813,1,True,-0.15945637378287492,-0.25,0.5,0.0,True,True,False
time_pressure_seed8_safety02_e01_t21_u2,time_pressure,8,safety,1,886997735,21,2,"5,5","5,5,4",465b1b5bc714d8dc3f97855195dffb7499a28ce79c9f80982bdbf5eb06e21557,0.519978940486908,0.0799583347666154,2,"3,4","0.49971011281,0.500289916992",4,0.9153780723813643,0.95,541,13.784915433505468,3.7795453836808717,6.37700648149096,21.192824385519977,1,True,-0.2669365493350394,0.0,0.5,7.106550825951976,1.9762936588731645,3.233015254560573,10.980086397343378,1,True,-0.14350590514861553,-0.01561594055992542,0.445344208040261,6.309231913388322,1.8007814834755147,2.779700205776313,9.83876362100033,1,True,-0.14350590514861555,-0.01561594055992542,0.4609601486001864,0.0,True,True,False
time_pressure_seed8_safety03_e06_t28_u2,time_pressure,8,safety,6,886997740,28,2,"5,5","5,5,4",a0121563ae86c7b2a04652d59580b8e00feccbe4e77b449b483c8a11480075b3,0.5204390287399292,0.08180169925240033,1,4,1,4,0.4800680042693868,1.05,240,13.121070197141805,4.237317547490484,4.815927804060456,21.42621259022315,1,True,-0.20067607895343942,0.0,0.375,13.121070197141805,4.237317547490484,4.815927804060456,21.42621259022315,1,True,-0.20067607895343942,0.0,0.375,13.058570197141805,4.217934452344309,4.791418670546959,21.32572172373665,1,True,-0.20067607895343942,0.0,0.4375,0.0,True,True,False
time_pressure_seed8_safety04_e01_t20_u2,time_pressure,8,safety,1,886997735,20,2,"5,5","5,5,4",51a9ec05cc7ca32d70507ccad7efd0649462d1b2bf99ebbbb356f5f6ca4ceb7d,0.5197485685348511,0.07903539028177542,2,"3,4","0.49970933795,0.500290632248",4,0.4201320494203024,0.85,715,6.342891311218065,2.9613352915348283,0.5386741398098023,12.14710848262633,1,True,-0.1655338009056081,-0.03125,0.46875,4.562512339325623,1.77126157680021,1.090839648797211,8.034185029854035,1,True,-0.11269570288765324,-0.06248183455264075,0.429710206809199,5.386621934018617,1.5771491097997359,2.2954096788111347,8.4778341892261,1,True,-0.13696518177799394,-0.062463669105281505,0.4765761240855194,0.0,True,True,False
time_pressure_seed8_safety05_e01_t22_u2,time_pressure,8,safety,1,886997735,22,2,"5,5","5,5,3",db252c44e0e480e9308525f615c910b04b1c554e8c4b35128bb6a8b3fc654b2e,0.5213969349861145,0.0856400434731388,1,3,1,3,0.3797101341681353,1.05,242,7.483437191984509,3.313559166754176,0.9888612251463238,13.978013158822694,1,True,-0.09966023361429682,-0.15625,0.390625,7.483437191984509,3.313559166754176,0.9888612251463238,13.978013158822694,1,True,-0.09966023361429682,-0.15625,0.390625,10.561812068778313,3.754681198690287,3.20263691934535,17.920987218211273,1,True,-0.13952432706001555,-0.21875,0.453125,0.0,True,True,False
time_pressure_seed8_resource00_e08_t04_u0,time_pressure,8,resource,8,886997742,4,0,,"2,4,5",34bf44f63ee7af1d97110cc10e8e295469bcc808a897ae5db833430af8004ff1,0.5039797425270081,0.015919306294450708,4,"0,1,2,4","0.242623955011,0.243662342429,0.257118195295,0.256595522165",2,0.05231046893078047,2.666666666666667,8539,4.375641041306142,5.038978450188481,-5.500756721063281,14.252038803675566,1,False,-0.09026182603659332,-0.03125,0.0,0.8087073769997122,4.107522023832041,-7.242035789711086,8.85945054371051,1,False,-0.026726102367366767,0.06794728935960993,0.0,6.28599132209705,3.804334188852588,-1.1705036880540227,13.742486332248122,1,False,-0.11341707240121962,-0.009312328278089615,-0.04727916186073172,0.0,True,True,False
time_pressure_seed8_resource01_e06_t04_u1,time_pressure,8,resource,6,886997740,4,1,0,"0,3,5",ba563a2c980d0aa7737620130d6c197ebe6a7b3fc6d671b55be7221319435fcf,0.5046190619468689,0.018476773420117443,1,3,1,3,0.016554363843996903,2.666666666666667,3638,-6.2090597783511745,3.6003925147494416,-13.26582910726008,0.847709550557731,-1,False,0.1158488586793495,0.03125,0.046875,-6.2090597783511745,3.6003925147494416,-13.26582910726008,0.847709550557731,-1,False,0.1158488586793495,0.03125,0.046875,-2.3594211054448957,1.7939973397432047,-5.875655891341577,1.1568136804517857,-1,False,0.039847584951048134,0.0,0.046875,0.0,True,True,False
time_pressure_seed8_resource02_e06_t04_u0,time_pressure,8,resource,6,886997740,4,0,,"0,3,5",ba563a2c980d0aa7737620130d6c197ebe6a7b3fc6d671b55be7221319435fcf,0.5050032138824463,0.020013523522962928,2,"0,3","0.505599141121,0.494400858879",0,0.02310850169517321,2.666666666666667,5467,-3.923693909565485,2.349750221085881,-8.529204342893811,0.681816523762842,-1,False,0.0973918874236864,0.0625,0.015625,0.2214566675580295,1.6290033067540173,-2.9713898136798442,3.4143031487959035,1,False,0.01494282040916034,0.031599946320056915,-0.04617510735988617,2.2702060612212764,1.6077952948111829,-0.8810727166086418,5.421484839051194,1,False,-0.04470865092582513,-0.015450026839971542,-0.061450161039829254,8.384189676614724,False,True,False
time_pressure_seed8_resource03_e09_t04_u1,time_pressure,8,resource,9,886997743,4,1,2,"2,0,5",2c31752ab74d6207d9087d25d1118ec03be717581cbbb464c4103bf106153036,0.5050370693206787,0.020148958928820182,2,"0,1","0.502585709095,0.497414290905",0,0.034626073893407744,2.666666666666667,4893,8.868843631169174,5.083551055131502,-1.0949164368885693,18.832603699226915,1,False,-0.21082140100395444,-0.03125,0.03125,4.231406400257961,3.770614770765416,-3.158998550442255,11.621811350958176,1,False,-0.11158183480460998,-0.04679419659078121,0.05456629488617182,2.264849441295167,3.4379058647818668,-4.473446053677291,9.003144936267626,1,False,-0.047046355055869606,-0.015705803409218788,-0.008095311932265759,0.0,True,True,False
time_pressure_seed8_resource04_e09_t04_u0,time_pressure,8,resource,9,886997743,4,0,,"2,0,5",2c31752ab74d6207d9087d25d1118ec03be717581cbbb464c4103bf106153036,0.5054372549057007,0.02174987699347808,3,"0,1,2","0.326557636261,0.322653442621,0.350788921118",2,0.034626073893407744,2.666666666666667,6521,8.610736264884432,5.228127774146099,-1.6363941724419213,18.857866702210785,1,False,-0.1912226432594909,-0.0625,0.0,2.1618640186818103,3.9472605788020507,-5.574766715770209,9.898494753133829,1,False,-0.058746103636995436,-0.021924307569861412,0.06074153259396553,-3.474234040019221,2.689738103160658,-8.74612072221411,1.7976526421756684,-1,False,0.08653448204989023,0.03125,0.06307421857491136,0.0,True,False,False
time_pressure_seed8_resource05_e07_t04_u0,time_pressure,8,resource,7,886997741,4,0,,"1,3,2",cd1a8afb8705d0532198527028ee195b40d489609427bb98b6d5a374af9b35b7,0.5061607956886292,0.024644429990726913,3,"1,2,3","0.336610227823,0.33152538538,0.331864356995",1,0.06734358005304154,2.666666666666667,9064,-10.873988133307073,5.625032905296136,-21.8990526276875,0.1510763610733541,-1,False,0.23336205578430663,0.25,0.0,-1.5302323421693824,4.404122440123199,-10.162312324810854,7.101847640472089,-1,False,0.06120543007060423,0.06348518657640156,0.0,1.0167577607898028,3.1459495939370594,-5.149303443326834,7.182818964906439,1,False,-0.006555950926954768,-0.010317797148758176,-2.7755575615628914e-17,22.0145897715201,True,False,False
time_pressure_seed9_safety00_e01_t30_u2,time_pressure,9,safety,1,887007735,30,2,"5,5","5,5,3",3a0106d84c031b920c43541405620a4c3918250ead1b62b70fbe57ebf502ab6d,0.5738253593444824,0.2974758811610725,1,3,1,3,0.23184187522764785,1.15,466,-6.503223587966132,4.532973553047153,-15.387851751938552,2.3814045760062887,-1,False,0.09050785828130117,0.125,0.0,-6.503223587966132,4.532973553047153,-15.387851751938552,2.3814045760062887,-1,False,0.09050785828130117,0.125,0.0,-8.125123234957666,4.744304281127825,-17.4239596259682,1.1737131560528695,-1,False,0.11313482285162647,0.15625,0.0,0.0,True,True,False
time_pressure_seed9_safety01_e01_t29_u2,time_pressure,9,safety,1,887007735,29,2,"5,5","5,5,3",15add8dffed558962a669eb3692fbd1671d1507a31a7df30901fdca01438d6fa,0.5733212828636169,0.2954149515222523,1,3,1,3,0.17561172806853811,1.05,590,-3.2812992939830665,3.2669545717633155,-9.684530254639165,3.121931666673032,-1,False,0.04525392914065059,0.0625,0.03125,-3.2812992939830665,3.2669545717633155,-9.684530254639165,3.121931666673032,-1,False,0.04525392914065059,0.0625,0.03125,-6.621973587966134,3.8656423250411285,-14.198632545046745,0.9546853691144772,-1,False,0.09050785828130117,0.125,0.140625,0.0,True,True,False
time_pressure_seed9_safety02_e07_t16_u2,time_pressure,9,safety,7,887007741,16,2,"5,5","5,5,2",e9c7bb755be95039b40a6fad19926c2b61113ca84b438c71cba95e0aed21da07,0.5658818483352661,0.2650685719789476,1,2,1,2,0.17415736565549644,0.44999999999999996,2017,-4.855348245196261,3.10071050008308,-10.932740825359097,1.2220443349665757,-1,False,0.0895296324057906,0.125,0.015625,-4.855348245196261,3.10071050008308,-10.932740825359097,1.2220443349665757,-1,False,0.0895296324057906,0.125,0.015625,-2.0385458735167536,3.9733784316642495,-9.826367599578683,5.749275852545175,-1,False,0.006073875310874999,0.09375,0.1875,0.0,True,True,False
time_pressure_seed9_safety03_e09_t18_u2,time_pressure,9,safety,9,887007743,18,2,"5,5","5,5,3",d9c9059b2640006c38bb4a1a677d8693ddb6e5cba203dade344cb73c201fd7aa,0.5715243816375732,0.2880733084098116,2,"2,3","0.495726853609,0.504273176193",3,0.16735450068688823,1.15,2688,0.0,0.0,0.0,0.0,0,False,0.0,0.0,0.0,1.8049986731471508,0.6748497461667123,0.48229317066039457,3.127704175633907,1,True,-0.046306745153096046,0.0,0.0,-1.675993050001776,1.3146078855780035,-4.252624505734663,0.900638405731111,-1,False,0.04517687658311493,0.03125,0.0,3.6411154929356897,False,False,False
time_pressure_seed9_safety04_e01_t20_u2,time_pressure,9,safety,1,887007735,20,2,"5,5","5,5,4",2399ae48a76f315f2dd15a6b653c056bad97c98d68b6cf7eec23814712b2e027,0.5726748108863831,0.29277274495163563,1,4,1,4,0.14816952670268937,0.65,1691,4.064291159608736,4.985072806323327,-5.706451540784984,13.835033860002456,1,False,-0.08838303010169077,-0.03125,-0.0625,4.064291159608736,4.985072806323327,-5.706451540784984,13.835033860002456,1,False,-0.08838303010169077,-0.03125,-0.0625,1.3565840842598043,4.940492514437737,-8.326781244038159,11.039949412557768,1,False,-0.06363123735175508,0.09375,0.03125,0.0,True,True,False
time_pressure_seed9_safety05_e08_t13_u2,time_pressure,9,safety,8,887007742,13,2,"5,5","5,5,3",166e15ea3e4e6f5ad22efa7a878ac7a4e40eebf7ef4c17f915504610d4ff409a,0.5640321969985962,0.2575429424504042,3,"0,3,4","0.337239921093,0.339633822441,0.323126167059",3,0.14659820922146372,1.15,3881,0.6299052680611394,0.31919121319360466,0.0042904902016742685,1.2555200459206046,1,False,0.0,0.0,0.0,3.844396885499976,1.0476636358806697,1.7909761591738635,5.897817611826088,1,True,-0.02045074983050002,-0.12514181715772899,0.0,1.3670426855564237,2.059839398813104,-2.67024253611726,5.404327907230107,1,False,-0.007911977455363511,-0.03139181715772897,0.0,10.015189435954596,True,True,False
time_pressure_seed9_resource00_e05_t04_u0,time_pressure,9,resource,5,887007739,4,0,,"0,1,5",6146c2be2a59558adebbd738e7d44311710a81b17d9515d032d89614e0eb2747,0.5442108511924744,0.17730645625272456,1,0,1,0,0.023914723546938944,2.666666666666667,2772,0.9900254150016354,3.2101695847184564,-5.301906971046538,7.28195780104981,1,False,0.01844683561186377,0.0,-0.21875,0.9900254150016354,3.2101695847184564,-5.301906971046538,7.28195780104981,1,False,0.01844683561186377,0.0,-0.21875,1.6439104783579856,1.3316931609112403,-0.9662081170280454,4.254029073744016,1,False,-0.01345838483657582,0.0,-0.328125,0.0,True,True,False
time_pressure_seed9_resource01_e02_t04_u1,time_pressure,9,resource,2,887007736,4,1,3,"3,2,4",c89660f6c1a84e1f8f9e4fb49973a5ef1c98de89d61b36a8c69fcb2e5e84ceaf,0.5496124029159546,0.19910476893358287,3,"1,2,4","0.331650286913,0.335625588894,0.332724094391",2,0.04717577554685598,2.666666666666667,9188,8.249543037086191,6.32476531696208,-4.146996984159486,20.646083058331868,1,False,-0.1624721364859949,-0.0625,0.0,5.732872115724418,4.86213401166452,-3.796910547138041,15.262654778586878,1,False,-0.10439850574946433,-0.17673968491672537,-8.881784197001252e-16,-5.890160903982824,4.9845859978812275,-15.65994945983003,3.8796276518643804,-1,False,0.12412965346665582,0.10445319986203906,-8.881784197001252e-16,0.0,True,False,False
time_pressure_seed9_resource02_e10_t04_u0,time_pressure,9,resource,10,887007744,4,0,,"3,2,5",e40bbacb4f0cb1f9d91dcc13882c187d9683df898f70bb0300efc63194897fd5,0.550167977809906,0.20134941674239415,4,"0,2,3,4","0.238069787621,0.251483410597,0.264981895685,0.245464906096",3,0.06327604133073236,2.666666666666667,10292,6.409019365056549,6.971347995906237,-7.254822706919676,20.072861437032774,1,False,-0.12798133670148354,-0.15625,0.0,-4.227910069674737,5.306238741704396,-14.628138003415353,6.17231786406588,-1,False,0.07788518205701468,0.07139029819518328,0.0,6.438091653093589,5.363992913567745,-4.075334457499191,16.95151776368637,1,False,-0.09014269697456526,-0.04972447268664837,-0.004140342120081186,0.0,False,False,False
time_pressure_seed9_resource03_e06_t04_u1,time_pressure,9,resource,6,887007740,4,1,2,"2,3,5",e38e98c29f6b6fb833199e45de669fc0ab207e7808e28c9a923b4df9c41f0fd6,0.5524235367774963,0.21046763818654646,3,"0,3,4","0.328378230333,0.338674426079,0.332947313786",3,0.05529638766882433,2.666666666666667,6435,3.5136521544459924,2.8257945765436645,-2.02490521557959,9.052209524471575,1,False,-0.07835266238752234,-0.0625,0.0,8.426638821932116,2.060490001480681,4.388078419029981,12.465199224834251,1,True,-0.14668628373038278,-0.04197635999251485,-0.005202301932939968,-4.328947162243297,5.322144692932021,-14.760350760390057,6.102456435903463,-1,False,0.1005331645051171,0.062393404540223005,0.046839796471291606,8.887892598188571,True,False,False
time_pressure_seed9_resource04_e04_t04_u0,time_pressure,9,resource,4,887007738,4,0,,"3,1,5",919dcca0dea1a1b90658f81a3620a53c75cfcd11907450bec5ff309cedfa7432,0.5549616813659668,0.22073868103003158,3,"1,2,3","0.332614481449,0.322128713131,0.345256775618",3,0.03444108943717273,2.666666666666667,6869,0.09376055271543926,6.150245519495856,-11.960720665496439,12.148241770927317,1,False,-0.019621002660343917,0.125,-0.03125,-6.226455314684355,5.0545815382316155,-16.13343512961832,3.6805245002496108,-1,False,0.11310638201828321,0.14546072544040456,-0.021183477414651986,-2.0233727038130995,3.515447579250807,-8.913649959144681,4.8669045515184814,-1,False,-0.002875579898684453,-0.05394637279797712,0.06641543761388763,0.0,False,True,False
time_pressure_seed9_resource05_e11_t04_u0,time_pressure,9,resource,11,887007745,4,0,,"3,2,0",e59a5e992f958263f4032c9734944707ba0b560c39af139a7ec93ea2f1345f6f,0.5550581812858582,0.22112941024188904,3,"0,2,3","0.326271384954,0.335782945156,0.337945640087",3,0.0539844135389744,2.666666666666667,10060,-4.761928539186133,4.784169874601509,-14.13890149340509,4.615044415032823,-1,False,0.11127208648703485,0.1875,0.0,-4.51462606642929,3.849770500124196,-12.060176246672714,3.030924113814134,-1,False,0.11194792633822882,0.1877972362651597,-8.881784197001252e-16,-1.5151314333042132,5.97952013426951,-13.234990896472453,10.204728029864025,-1,False,0.004670362163638635,-0.04224320626983665,0.00014861813257902035,0.8830894213426177,True,True,False
time_pressure_seed10_safety00_e09_t24_u2,time_pressure,10,safety,9,887017743,24,2,"5,5","5,5,1",273bcd188fcd32391b228ab8366c85b727917052111e045d7e71360a2d5b7c0a,0.5577284097671509,0.2319479721305293,1,1,1,1,0.4421690175993521,1.05,242,8.389051480956741,3.691520496843458,1.153671307143564,15.624431654769918,1,True,-0.13055426100590614,-0.15625,0.390625,8.389051480956741,3.691520496843458,1.153671307143564,15.624431654769918,1,True,-0.13055426100590614,-0.15625,0.390625,10.078111777148091,3.946384750822301,2.3431976655363815,17.813025888759803,1,True,-0.15666511320708737,-0.1875,0.453125,0.0,True,True,False
time_pressure_seed10_safety01_e04_t16_u2,time_pressure,10,safety,4,887017738,16,2,"5,5","5,5,0",82fd88fee84f83013192ecc5ed50456bce4276e43479ddc158c564950217b17c,0.5530614256858826,0.2130479050142775,2,"0,3","0.507936954498,0.492063075304",0,0.3062410826557369,1.15,2304,2.9107012457481405,2.5551403489077296,-2.097373838111009,7.91877632960729,1,False,-0.08185957936590278,0.0,0.0,1.9085085368917087,2.3768822165140318,-2.750180607475793,6.567197681259211,1,False,-0.051470831415021075,0.0,0.0,4.0752778118898245,1.7723871925252213,0.6013989145403911,7.5491567092392575,1,True,-0.112905865685716,0.0,0.0,0.0,True,True,False
time_pressure_seed10_safety02_e09_t23_u2,time_pressure,10,safety,9,887017743,23,2,"5,5","5,5,1",ccb06edd1ff2c31927add257b42f471d8fe01e1694c90e61864ffd8b0b54b710,0.5571853518486023,0.22974667167588814,1,1,1,1,0.2891511677010537,0.95,347,4.923430888574045,2.9941522294355787,-0.9451074811196891,10.79196925826778,1,False,-0.07833255660354368,-0.09375,0.359375,4.923430888574045,2.9941522294355787,-0.9451074811196891,10.79196925826778,1,False,-0.07833255660354368,-0.09375,0.359375,6.646866184765393,3.376070862392391,0.029767294476306994,13.263965075054479,1,True,-0.10444340880472491,-0.125,0.390625,0.0,True,True,False
time_pressure_seed10_safety03_e09_t22_u2,time_pressure,10,safety,9,887017743,22,2,"5,5","5,5,1",157eb8a249002059761ceea175e41fefae41558b85c718f6cadc8ebaf898e27b,0.5565930008888245,0.22734619210041318,1,1,1,1,0.21481269894285165,0.85,460,1.3453102961913483,1.806989369760622,-2.196388868539471,4.887009460922167,1,False,-0.02611085220118123,-0.03125,0.421875,1.3453102961913483,1.806989369760622,-2.196388868539471,4.887009460922167,1,False,-0.02611085220118123,-0.03125,0.421875,1.3140602961913483,1.775746211105247,-2.166402277574936,4.794522869957633,1,False,-0.02611085220118123,-0.03125,0.453125,0.0,True,True,False
time_pressure_seed10_safety04_e04_t15_u2,time_pressure,10,safety,4,887017738,15,2,"5,5","5,5,0",f32820d25e0bab878f41e025eb50507e47bdd7ea1bc4382e66f80eb7478a2c13,0.5525206327438354,0.2108603470655307,2,"0,3","0.508381485939,0.491618454456",0,0.2085321647282065,1.05,2496,2.458097690082764,2.9049923514224267,-3.2356873187051924,8.15188269887072,1,False,-0.06813561664571667,0.0,0.0,-1.24652692798808,1.9453100180816172,-5.05933456342805,2.56628070745189,-1,False,0.035807392586506656,0.0,0.0,0.9077717912200645,1.7126184562788223,-2.448960383086427,4.264503965526556,1,False,-0.025285264371330246,0.0,0.0,0.0,False,False,False
time_pressure_seed10_safety05_e03_t12_u2,time_pressure,10,safety,3,887017737,12,2,"5,5","5,5,2",f58380c48c0d7a1a0828d619e87be5dae69095f2dcd449b5701f48abbf772a11,0.5579772591590881,0.2329568767351381,2,"0,2","0.499735623598,0.500264406204",2,0.1859043987437338,1.15,3070,-1.1233831093866207,3.0130023775003143,-7.0288677692872366,4.782101550513996,-1,False,0.031634969338599314,0.03125,0.0,-1.6832427196063227,2.5558594017484557,-6.692727147033296,3.3262417078206505,-1,False,0.048096846169168816,0.0781002133160766,0.0,0.3294235132879695,1.916712313163489,-3.427332620512469,4.086179647088407,1,False,-0.010497904491032856,-0.015649786683923403,0.0,0.0,True,False,False
time_pressure_seed10_resource00_e11_t04_u1,time_pressure,10,resource,11,887017745,4,1,4,"4,0,2",47694c2902779bf3d6faa340f74c052de6cfd1339d2e772d26c4d5438ae1a7f1,0.5490036010742188,0.19664564599444978,3,"0,1,2","0.341240316629,0.323980987072,0.334778696299",0,0.044706781393117366,2.666666666666667,10731,1.3748283414573175,5.497788487912718,-9.40083709485161,12.150493777766243,1,False,-0.03254016565830911,0.03125,0.0,-0.3858864894355418,3.311432249130878,-6.876293697732063,6.104520718860979,-1,False,0.0022915149030167184,0.07242248021066189,0.0,-4.151354656939307,3.781817457781102,-11.563716874190266,3.2610075603116533,-1,False,0.10471338070154718,0.0530504509806633,-0.005062202922999859,0.0,False,True,False
time_pressure_seed10_resource01_e04_t04_u1,time_pressure,10,resource,4,887017738,4,1,2,"2,1,5",5af4855aaa1c111c6fae27eb0f034cb8bb354a30b8ba76e291ca9c00f548cb7e,0.5506892800331116,0.20345605495054775,3,"0,1,3","0.331937789917,0.347695320845,0.320366859436",1,0.04624133767640967,2.666666666666667,6203,-3.6730467147363117,2.8420708854299424,-9.243505650179,1.8974122207063755,-1,False,0.07566962986503872,0.0,0.0,-0.4848667741832504,2.649950518640632,-5.6787697907188885,4.709036242352388,-1,False,0.006182699512744118,0.0,0.0,-2.516638739139111,3.35515224105113,-9.092737131599325,4.059459653321103,-1,False,0.05972031257434643,0.0,-0.015559584366070744,5.003294443323597,True,True,False
time_pressure_seed10_resource02_e01_t04_u1,time_pressure,10,resource,1,887017735,4,1,0,"0,1,5",6c4451f9dac39c2ec45fe3c58e0f757244356514dac5ed9245b3eecc1c2394b2,0.5507254600524902,0.2036022789344195,1,1,1,1,0.05706711547829526,2.666666666666667,5010,8.505030668286576,6.2188253497341,-3.6838670171922594,20.69392835376541,1,False,-0.20793072660052597,-0.0625,-0.015625,8.505030668286576,6.2188253497341,-3.6838670171922594,20.69392835376541,1,False,-0.20793072660052597,-0.0625,-0.015625,6.482217716511963,5.359219589196142,-4.0218526783124755,16.9862881113364,1,False,-0.11307986447559465,-0.125,-0.03125,0.0,True,True,False
time_pressure_seed10_resource03_e04_t04_u0,time_pressure,10,resource,4,887017738,4,0,,"2,1,5",5af4855aaa1c111c6fae27eb0f034cb8bb354a30b8ba76e291ca9c00f548cb7e,0.5510449409484863,0.20489357681331744,4,"0,1,2,3","0.24352478981,0.257091462612,0.264686942101,0.234696775675",2,0.04624133767640967,2.666666666666667,7779,-3.201494349339173,2.5448069629949073,-8.189315996809192,1.7863272981308453,-1,False,0.08696290041752461,0.0,0.0,-1.7062973937325914,2.6880914621066014,-6.97495665946153,3.5623618719963472,-1,False,0.045271588338968535,0.0,0.0,-3.6063620825399236,2.5847419706524684,-8.672456345018762,1.4597321799389147,-1,False,0.08463495896266472,0.0,0.018842799219274453,4.398565187248195,True,True,False
time_pressure_seed10_resource04_e01_t04_u0,time_pressure,10,resource,1,887017735,4,0,,"0,1,5",6c4451f9dac39c2ec45fe3c58e0f757244356514dac5ed9245b3eecc1c2394b2,0.5511026382446289,0.20512679947322832,2,"0,1","0.521797895432,0.478202074766",0,0.05706711547829526,2.666666666666667,7419,2.887090430902912,8.937529617180859,-14.630467618771572,20.404648480577396,1,False,-0.0700409195223527,-0.0625,-0.109375,-1.9986018592202417,8.871572324479919,-19.38688361520088,15.389679896760397,-1,False,0.05315740975912945,0.02716289169081723,-0.0869592770772957,7.8347781719031735,3.173115547526761,1.6154716987507225,14.054084645055624,1,True,-0.16589999881253162,-0.03397473887278851,-0.1107373694363942,0.0,False,False,False
time_pressure_seed10_resource05_e09_t04_u1,time_pressure,10,resource,9,887017743,4,1,0,"0,4,5",347299faf837cb311aadddc26180c9b7bba925b67cf161eef46f794bcc99b749,0.5516302585601807,0.2072597926544112,1,4,1,4,0.036575313663477306,2.666666666666667,2784,0.9764836085645165,4.151905837248175,-7.161251832441907,9.11421904957094,1,False,-0.024889822021869054,0.0,-0.03125,0.9764836085645165,4.151905837248175,-7.161251832441907,9.11421904957094,1,False,-0.024889822021869054,0.0,-0.03125,-3.631245592382695,5.623963157212837,-14.654213380519856,7.391722195754465,-1,False,0.05222170440236246,0.0625,0.109375,0.0,True,False,False
heterogeneity_pressure_seed8_safety00_e00_t23_u2,heterogeneity_pressure,8,safety,0,1451868365,23,2,"5,5","5,5,5",2d5f1e4862625aa6e31fd3dd02fae3636891cdda53db968229430adbdc243863,0.4328271746635437,-0.2703255502727344,5,"0,1,2,3,4","0.193481907248,0.196906805038,0.207509741187,0.199458792806,0.20264275372",2,4.969777256168422,1.0892857142857142,5276,11.961175432072578,4.565492907738861,3.0128093329044106,20.909541531240745,1,True,-0.21177933134618487,-0.1875,0.25,8.741630932872738,1.5368690056172245,5.729367681862978,11.753894183882498,1,True,-0.15233322278591827,-0.13789036218076944,0.25,5.3045878834333084,1.23172666153511,2.8904036268244933,7.718772140042123,1,True,-0.10439963473054348,-0.08776640612632036,-0.014247856079600829,13.637170981574371,True,True,False
heterogeneity_pressure_seed8_safety01_e00_t23_u1,heterogeneity_pressure,8,safety,0,1451868365,23,1,5,"5,5,5",2d5f1e4862625aa6e31fd3dd02fae3636891cdda53db968229430adbdc243863,0.429315447807312,-0.2846446507070587,5,"0,1,2,3,4","0.194617137313,0.196971639991,0.20663253963,0.199752792716,0.202025860548",2,4.969777256168422,1.5357142857142856,5456,24.957546769490584,5.7447859281385405,13.697766350339045,36.21732718864212,1,True,-0.4588552179167339,-0.40625,1.5,20.466639255689834,2.065161599317453,16.418922521027625,24.514355990352044,1,True,-0.3547964400409974,-0.34931299945154815,1.4999999999999998,10.998940246873167,2.2021844042064123,6.682658814628598,15.315221679117734,1,True,-0.20945132344662523,-0.1685800490850225,0.5680534946524649,25.239146057803325,True,True,False
heterogeneity_pressure_seed8_safety02_e00_t23_u0,heterogeneity_pressure,8,safety,0,1451868365,23,0,,"5,5,5",2d5f1e4862625aa6e31fd3dd02fae3636891cdda53db968229430adbdc243863,0.4278540313243866,-0.29061205971261284,5,"0,1,2,3,4","0.193355768919,0.197914600372,0.207101762295,0.198972806334,0.202655076981",2,4.969777256168422,2.0,5847,41.97430991759944,5.421715363864383,31.347747804425254,52.60087203077363,1,True,-0.7765242149360112,-0.6875,2.8,26.315925357646687,1.5303917728810719,23.316357482799788,29.315493232493587,1,True,-0.45821799534921986,-0.4492402191387084,2.8000000000000003,15.377505605245936,3.9653560527915928,7.605407741774415,23.14960346871746,1,True,-0.32841415666508245,-0.27388204226073554,-0.03725487920820875,13.384469513106183,True,True,False
heterogeneity_pressure_seed8_safety03_e07_t40_u2,heterogeneity_pressure,8,safety,7,1451868372,40,2,"5,5","5,5,5",dfa609862477dad88d4fb4d73a16ed3c20e2e194405e123b62aaaf844d90ea37,0.4337221086025238,-0.2666809056553904,2,"0,1","0.505562186241,0.494437813759",0,3.8599262100520138,1.0892857142857142,1668,0.06113268368736091,0.2164264907521117,-0.36306323818677805,0.48532860556149987,1,False,0.0,0.0,0.25,2.5989493704643194,1.1165517088984094,0.41050802102343686,4.787390719905202,1,True,-0.074550526428461,-0.07725590839982033,0.25,2.5182767195404345,1.1189310475002219,0.32517186643999985,4.711381572640869,1,True,-0.074550526428461,-0.07725590839982033,0.1781153766438365,5.13273179388079,True,True,False
heterogeneity_pressure_seed8_safety04_e07_t40_u1,heterogeneity_pressure,8,safety,7,1451868372,40,1,5,"5,5,5",dfa609862477dad88d4fb4d73a16ed3c20e2e194405e123b62aaaf844d90ea37,0.43023210763931274,-0.28090422324912145,3,"0,1,3","0.339660346508,0.332322657108,0.328016966581",0,3.8599262100520138,1.5357142857142856,2084,0.9890614694988873,0.44704863699255576,0.112846140993478,1.8652767980042966,1,False,0.0,0.0,1.5,4.76804616148472,1.0476024849060914,2.714745291068781,6.821347031900659,1,True,-0.13027838002919417,-0.13500608347374451,1.5,4.289101943274501,1.067994905333876,2.195831928820104,6.382371957728898,1,True,-0.13027838002919417,-0.13500608347374451,0.43760042679795363,11.664986172178303,True,True,False
heterogeneity_pressure_seed8_safety05_e07_t40_u0,heterogeneity_pressure,8,safety,7,1451868372,40,0,,"5,5,5",dfa609862477dad88d4fb4d73a16ed3c20e2e194405e123b62aaaf844d90ea37,0.42862945795059204,-0.287445123162844,3,"0,1,3","0.341136336327,0.331328094006,0.32753559947",0,3.8599262100520138,2.0,2049,0.6224595205609693,0.41442517816529634,-0.18981382864301144,1.4347328697649502,1,False,0.0,0.0,2.8,3.775003515788412,1.0103539375301427,1.7947097982293323,5.755297233347491,1,True,-0.12988847991279934,-0.1346020341783156,2.8,2.074811260015547,1.5840545017305843,-1.0299355633763985,5.179558083407493,1,False,-0.11020141099367561,-0.11420053648351025,1.6212339840554741,10.731588121116221,True,True,False
heterogeneity_pressure_seed8_resource00_e10_t49_u0,heterogeneity_pressure,8,resource,10,1451868375,49,0,,"5,5,5",2b5e14556ec0a7ac9e60995985685aa031b00c1fcfe9337cfb655b9fb535b914,0.43387073278427124,-0.2660758004271321,2,"0,2","0.490330338478,0.509669661522",2,0.17773194648066432,2.0,192,1.0122504425213257,0.46162491020307883,0.10746561852329117,1.9170352665193602,1,True,0.0,0.0,2.8,0.667586635440459,0.2980589140087269,0.08339116398335433,1.2517821068975636,1,False,0.0,0.0,2.8,0.6829512169102085,0.36275354429418294,-0.028045729906389982,1.3939481637268072,1,False,0.0,0.0,2.7921875,0.0,True,True,False
heterogeneity_pressure_seed8_resource01_e04_t45_u0,heterogeneity_pressure,8,resource,4,1451868369,45,0,,"5,5,5",10e8ffa930ddfd1b5a93abcb9f63cd87ce6b6fc66495727c5494330d6a2110b0,0.43362605571746826,-0.2670719990759962,2,"2,3","0.518641769886,0.481358230114",2,1.4029295507463346,2.0,395,43.30617367486377,3.5635376779513113,36.3216398260792,50.290707523648344,1,True,-0.6903743318407269,0.0,2.8,21.844059420164697,1.8820547815029682,18.15523204841888,25.532886791910514,1,True,-0.35805696534975084,0.0,2.8,18.9676953407088,3.1936919294534376,12.708059158980063,25.227331522437538,1,True,-0.31445958418366377,0.0,3.3265759806148703,0.0,True,True,False
heterogeneity_pressure_seed8_resource02_e10_t48_u0,heterogeneity_pressure,8,resource,10,1451868375,48,0,,"5,5,5",d85b7c9148f38b14e9037b8f0a8a63b029ce70a73e42ebc2c7eb90f2aa971137,0.4335785508155823,-0.2672654297596263,2,"0,2","0.490520834923,0.509479224682",2,0.14259915561129718,2.0,368,1.5321027755924157,0.41171521821962914,0.7251409478819426,2.339064603302889,1,True,0.0,0.0,2.8,1.0049348172545323,0.2809835009740939,0.4542071553453082,1.5556624791637563,1,True,0.0,0.0,2.8,0.7828117926007556,0.49115933950210605,-0.17986051282337223,1.7454840980248836,1,False,0.0,0.0,1.5520068372334928,0.0,True,True,False
heterogeneity_pressure_seed8_resource03_e04_t44_u0,heterogeneity_pressure,8,resource,4,1451868369,44,0,,"5,5,5",ca2eb207ba655a364472d7e3bf4de8e2860edef883d3bb1860cdbb021dfe371f,0.4333067834377289,-0.2683721091209499,2,"2,3","0.518556058407,0.481443911791",2,0.5168073370282676,2.0,620,41.598537612831784,3.8306879007222365,34.0903893274162,49.10668589824737,1,True,-0.6648049121429223,0.0,2.8,20.771832944502368,1.9839052044162957,16.88337874384643,24.660287145158307,1,True,-0.3447386251243443,0.0,2.8,3.641417526930553,4.227030158725525,-4.643561584171476,11.926396638032582,1,False,-0.06819376160897132,0.0,1.3584082209682677,0.0,True,True,False
heterogeneity_pressure_seed8_resource04_e10_t47_u0,heterogeneity_pressure,8,resource,10,1451868375,47,0,,"5,5,5",bdba428790e769f2bfedb9ba71085b31b353022523a230b3451ed562275505ea,0.43329060077667236,-0.2684380126005006,2,"0,2","0.490711838007,0.509288191795",2,0.11906352272720032,2.0,536,1.358818664568719,0.43124940623010566,0.5135698283577119,2.2040675007797264,1,True,0.0,0.0,2.8,0.6258523786440793,0.29074272208880586,0.05599664335001975,1.1957081139381387,1,False,0.0,0.0,2.8,0.39308654042453484,0.5566733417720139,-0.6979932094486124,1.484166290297682,1,False,0.0,0.0,1.4441853832789395,0.0,True,True,False
heterogeneity_pressure_seed8_resource05_e09_t49_u0,heterogeneity_pressure,8,resource,9,1451868374,49,0,,"5,5,5",c6f5cd67d83b1a273f81b548a2ddb9c7afafaa7fbccf2707e4f56010d9b7187a,0.4330364763736725,-0.26947300392749174,2,"1,2","0.499470382929,0.500529646873",2,0.2224648505595578,2.0,192,-0.6748056187543815,0.46144817893764184,-1.5792440494721594,0.22963281196339647,-1,False,0.0,0.0,2.8,0.042996195327900194,0.332954773343148,-0.6095951604246699,0.6955875510804703,1,False,0.0,0.0,2.8,0.2505423937941597,0.4507643720110179,-0.6329557753474353,1.1340405629357548,1,False,0.0,0.0,2.7609375,1.4371259237941576,False,True,False
heterogeneity_pressure_seed9_safety00_e02_t45_u2,heterogeneity_pressure,9,safety,2,1451878367,45,2,"5,5","5,5,4",98451391452687077652ca50620ba794f6be2134031f835f62b24058397149de,0.6709685325622559,0.7125688476425045,1,4,1,4,1.1888606989487551,0.8892857142857143,128,-0.25,0.0,-0.25,-0.25,-1,False,0.0,0.0,0.25,-0.25,0.0,-0.25,-0.25,-1,False,0.0,0.0,0.25,-0.25,0.0,-0.25,-0.25,-1,False,0.0,0.0,0.25,0.0,True,True,False
heterogeneity_pressure_seed9_safety01_e00_t26_u2,heterogeneity_pressure,9,safety,0,1451878365,26,2,"5,5","5,5,2",e4f2f5b70288f0560fcb3d1aa026e03619a25062c7c938baddff3fddc36e27b2,0.6670188903808594,0.6947326064242553,2,"2,4","0.500317573547,0.499682426453",2,1.0566742078679716,0.9892857142857143,2608,-0.7311841407197075,2.5343176936932883,-5.698446820358552,4.236078538919137,-1,False,0.00701924225587755,-0.15625,0.0,-0.6480012922775067,2.1601214030982376,-4.881839242350052,3.5858366577950385,-1,False,0.010524493223508208,-0.07817462086677551,0.0,0.5314241277019396,1.9881150392690947,-3.365281349265486,4.4281296046693654,1,False,-0.017543906218476762,-0.07817462086677551,0.0,0.1664714307299846,True,False,False
heterogeneity_pressure_seed9_safety02_e00_t25_u2,heterogeneity_pressure,9,safety,0,1451878365,25,2,"5,5","5,5,3",de444a5da45423fe64d9ae6dfe793611c7ec939e3b33413fe3397682c2056094,0.67047119140625,0.7103169546004235,3,"2,3,4","0.332841843367,0.334721326828,0.332436859608",3,0.4432202467307448,0.8892857142857143,4077,-1.9050436910282547,2.0989122969479714,-6.0189117930462785,2.2088244109897697,-1,False,0.0474820302936501,0.0,0.0,-2.3391682616679423,1.7998253679430039,-5.86682598283623,1.188489459500345,-1,False,0.061324941076322664,-0.031203921885671563,0.0,-4.455214665429899,2.1121244219433293,-8.594978532438825,-0.315450798420974,-1,True,0.11526077765154502,-0.031203921885671563,0.0,0.0,True,True,False
heterogeneity_pressure_seed9_safety03_e02_t44_u2,heterogeneity_pressure,9,safety,2,1451878367,44,2,"5,5","5,5,4",2c6ad9317c29bb8df30791278dd604f8336f17e832f48b780cd91c8f3f9e7982,0.6711668968200684,0.7134674976534247,1,4,1,4,0.30581927236811673,0.7892857142857143,252,1.0467718060359332,1.2855279649734905,-1.4728630053121083,3.566406617383975,1,False,-0.012866627560076137,0.0,0.234375,1.0467718060359332,1.2855279649734905,-1.4728630053121083,3.566406617383975,1,False,-0.012866627560076137,0.0,0.234375,1.0389593060359332,1.2777157491813842,-1.4653635623595798,3.543282174431446,1,False,-0.012866627560076137,0.0,0.2421875,0.0,True,True,False
heterogeneity_pressure_seed9_safety04_e00_t24_u2,heterogeneity_pressure,9,safety,0,1451878365,24,2,"5,5","5,5,3",8a6a298af06bf3d67f520838c4f1fb03775edc1141304102679dfe096adc3a92,0.6705242395401001,0.7105570668844603,3,"2,3,4","0.33283239603,0.334554046392,0.332613587379",3,0.28042128497833296,0.7892857142857143,4248,1.9126754430045385,2.295471646446962,-2.5864489840315072,6.411799870040584,1,False,-0.054030204159621384,-0.03125,0.0,0.5942629416484284,1.5321654902452024,-2.4087814192321684,3.5973073025290248,1,False,-0.015744155371233134,-0.052058861902092045,0.0,-0.7212762253112956,1.881235985039899,-4.4084987559894975,2.9659463053669066,-1,False,0.017434611819304877,-0.041604048263906,0.0078125,0.0,True,False,False
heterogeneity_pressure_seed9_safety05_e00_t23_u2,heterogeneity_pressure,9,safety,0,1451878365,23,2,"5,5","5,5,3",cdf6ab1bfb65e9e46eed2ab8d8a8a5ce7fcd10548e89aab5a34e668d800e2ec6,0.670501708984375,0.7104550842092299,3,"2,3,4","0.332817256451,0.334391504526,0.332791209221",3,0.20508987216833094,0.6892857142857143,4313,-4.943422336282576,1.6827697044937904,-8.241650957090405,-1.645193715474747,-1,True,0.13051598483098326,0.0,0.0,-3.5126817477742267,1.8292519817836528,-7.098015632070187,0.07265213652173275,-1,False,0.10249323422226113,0.0,-0.0025999313995221686,-2.89899637353858,1.630059449004761,-6.093912893587912,0.2959201465107517,-1,False,0.07269352883304792,0.0,0.02083756860047783,4.29921375993834,True,True,False
heterogeneity_pressure_seed9_resource00_e02_t04_u0,heterogeneity_pressure,9,resource,2,1451878367,4,0,,"2,5,5",894626ffa0aa7e406d0dc642d89cff9908c3e5843d03009bab96a32650e0a7a2,0.6488267183303833,0.6138859014872698,1,2,1,2,0.019243114087046945,2.666666666666667,5336,0.218749999999999,0.031249999999999736,0.15749999999999953,0.2799999999999985,1,False,0.0,0.0,-0.21875,0.218749999999999,0.031249999999999736,0.15749999999999953,0.2799999999999985,1,False,0.0,0.0,-0.21875,0.15624999999999944,0.04860711069048831,0.06098006304664236,0.2515199369533565,1,False,0.0,0.0,-0.15625,0.0,True,True,False
heterogeneity_pressure_seed9_resource01_e10_t04_u0,heterogeneity_pressure,9,resource,10,1451878375,4,0,,"4,2,0",0f1ed530b7f42479c247ca7943ad60ea83764a90c75442be8c5c4b2d2ed349cf,0.6541430950164795,0.6373010071409002,4,"0,1,2,4","0.247945338488,0.243829280138,0.247539117932,0.260686218739",4,0.06270380313832673,2.666666666666667,12030,6.8931349132538315,3.2626378490260124,0.498364729162847,13.287905097344815,1,True,-0.11685090783872415,0.0,0.0,4.206306841791744,2.4556429725621,-0.6067533844299708,9.019367068013459,1,False,-0.07029399289156761,0.0,8.881784197001252e-16,6.06782576798466,2.408739244465226,1.346696848832817,10.788954687136503,1,True,-0.11514274667679189,-0.03993591844749085,8.881784197001252e-16,0.0646684224227485,True,True,False
heterogeneity_pressure_seed9_resource02_e07_t04_u0,heterogeneity_pressure,9,resource,7,1451878372,4,0,,"2,4,3",14aa4b705712983420f8a0288dfe65f93216ac49b4848b7067a3a78a489dc3ad,0.6513102054595947,0.6248033487071998,5,"0,1,2,3,4","0.197766125202,0.196688532829,0.206107378006,0.196232423186,0.203205525875",2,0.04216280133175337,2.466666666666667,12977,-6.53189840659199,3.321058460467137,-13.04117298910758,-0.022623824076401178,-1,True,0.10055786225656939,0.0,0.0,-2.1884318873492785,4.353725356175546,-10.721733585453348,6.344869810754792,-1,False,0.07141287876367196,-0.13000639628628485,0.0,-1.7571311308623696,4.065442466418187,-9.725398365042015,6.211136103317276,-1,False,-0.017293666106759656,0.044617060305432395,0.0,14.77826681762646,True,True,False
heterogeneity_pressure_seed9_resource03_e02_t02_u0,heterogeneity_pressure,9,resource,2,1451878367,2,0,,"2,5,5",92ed945bbb52592c6e33b2bf6cf8da62200cec78eeee572c06044863763320e8,0.648289680480957,0.6115297533677382,1,2,1,2,0.017966763016648134,2.3333333333333335,5552,0.031249999999999334,0.021737760738757918,-0.011356011047966186,0.07385601104796485,1,False,0.0,0.0,-0.03125,0.031249999999999334,0.021737760738757918,-0.011356011047966186,0.07385601104796485,1,False,0.0,0.0,-0.03125,1.6045843060359322,1.3942755186626656,-1.1281957105428924,4.337364322614757,1,False,-0.012866627560076137,0.0,-0.1796875,0.0,True,True,False
heterogeneity_pressure_seed9_resource04_e08_t04_u0,heterogeneity_pressure,9,resource,8,1451878373,4,0,,"1,4,2",789bc1ef95af6afcfe79a872365a98d4eee3ce858ec689ccf7b306d6076f2d8d,0.6495267152786255,0.6169594842448449,3,"1,2,4","0.337332725525,0.330158919096,0.332508414984",1,0.026526217739127493,2.3333333333333335,11496,0.307635575199237,0.5490042597770856,-0.7684127739638507,1.3836839243623247,1,False,0.0,0.0,0.0,12.748203711845578,2.6656595183582046,7.523511055863497,17.97289636782766,1,True,-0.21778458543919374,0.0,8.881784197001252e-16,2.3380877034679655,2.976259910778,-3.495381721656914,8.171557128592845,1,False,-0.03077896104142787,0.010615068786438184,8.881784197001252e-16,22.124891619155903,True,True,False
heterogeneity_pressure_seed9_resource05_e10_t02_u0,heterogeneity_pressure,9,resource,10,1451878375,2,0,,"4,2,0",86d9c26349fd184a1b08641d6ddd7d692a4516246f8f715a6f37c18c7a597e93,0.6534027457237244,0.6340302459979056,4,"0,1,2,4","0.248232573271,0.243785351515,0.2473243922,0.260657668114",4,0.056429763826220516,2.3333333333333335,12898,-1.6946857178737824,5.8890843686212815,-13.237291080371495,9.847919644623929,-1,False,0.06732029500505884,-0.03125,0.0078125,-1.3170260844186004,5.840041248053451,-12.763506930603365,10.129454761766164,-1,False,0.04533850122922484,-0.015902820280236308,0.005873182992423842,2.7900285448103785,3.479898656313022,-4.030572821563145,9.610629911183903,1,False,-0.04905761790551778,0.007450936007513646,-0.0019393170075761579,5.1459534045337065,True,False,False
heterogeneity_pressure_seed10_safety00_e10_t40_u2,heterogeneity_pressure,10,safety,10,1451888375,40,2,"5,5","5,5,5",e8dc0a84d2468cb137e9e2b370733a97a16ffe78d8d849a8a030cc83c771fb33,0.47409114241600037,-0.1037283363797874,4,"0,2,3,4","0.256221443415,0.248797863722,0.254653483629,0.240327164531",0,4.817250023665671,1.0892857142857142,1786,3.002633755460094,2.2625591791039694,-1.4319822355836864,7.437249746503874,1,False,-0.04658147609335497,-0.0625,0.25,7.918079041094759,1.7774579843023661,4.434261391862122,11.401896690327398,1,True,-0.13518494176423218,-0.12541187556439037,0.25,6.601744875846917,1.5923658318805942,3.480707845360952,9.722781906332882,1,True,-0.12921735497694714,-0.11740495509974433,0.23756459313733536,19.97210977507504,True,True,False
heterogeneity_pressure_seed10_safety01_e10_t40_u1,heterogeneity_pressure,10,safety,10,1451888375,40,1,5,"5,5,5",e8dc0a84d2468cb137e9e2b370733a97a16ffe78d8d849a8a030cc83c771fb33,0.46671831607818604,-0.133323874102255,5,"0,1,2,3,4","0.205933511257,0.19761992991,0.198856621981,0.204591661692,0.192998230457",0,4.817250023665671,1.5357142857142856,2355,19.642119410490608,4.590635372908752,10.644474079589454,28.63976474139176,1,True,-0.30277959460680737,-0.40625,1.5,18.985020888637823,2.1328974260892295,14.804541933502934,23.165499843772714,1,True,-0.31507777526674674,-0.3294221915418889,1.5,15.951281847099265,3.3084057671656066,9.466806543454677,22.435757150743854,1,True,-0.3117127648961859,-0.3161471189698779,1.585290931578693,21.084687008664176,True,True,False
heterogeneity_pressure_seed10_safety02_e10_t40_u0,heterogeneity_pressure,10,safety,10,1451888375,40,0,,"5,5,5",e8dc0a84d2468cb137e9e2b370733a97a16ffe78d8d849a8a030cc83c771fb33,0.46526336669921875,-0.13917072623207216,5,"0,1,2,3,4","0.205393895507,0.198218807578,0.199893534184,0.204138025641,0.19235573709",0,4.817250023665671,2.0,2377,24.847386921410816,4.664385239828224,15.705191851347497,33.98958199147414,1,True,-0.39594254679351726,-0.53125,2.8,19.326837498217728,1.8448552139760173,15.710921278824735,22.94275371761072,1,True,-0.3388243808408528,-0.3549906378611922,2.8,14.946079483392019,2.8121668220362346,9.434232512201,20.45792645458304,1,True,-0.3365277282634889,-0.3465218357741833,1.8294499769108368,18.802100139659473,True,True,False
heterogeneity_pressure_seed10_safety03_e03_t33_u2,heterogeneity_pressure,10,safety,3,1451888368,33,2,"5,5","5,5,5",51dd5f5ecac4788e99d5a0425e96931b5bdfd79ae3c6a0b2a32dd0690e47cf7b,0.4751979112625122,-0.09928984513834083,3,"1,3,4","0.33383589983,0.330201208591,0.335962861776",4,4.213113410327151,1.0892857142857142,3166,6.852071209557135,2.6553099591319294,1.647663689658553,12.056478729455716,1,True,-0.1974896911090852,-0.1875,0.25,4.310474411796738,0.8693390717533125,2.606569831160246,6.0143789924332305,1,True,-0.11069110675814786,-0.06299303846040483,0.25,2.428724087979605,0.8916666921074216,0.6810573714490586,4.1763908045101505,1,True,-0.06634920377369638,-0.06299303846040483,-0.024083954999862933,0.0,True,True,False
heterogeneity_pressure_seed10_safety04_e03_t33_u1,heterogeneity_pressure,10,safety,3,1451888368,33,1,5,"5,5,5",51dd5f5ecac4788e99d5a0425e96931b5bdfd79ae3c6a0b2a32dd0690e47cf7b,0.46873724460601807,-0.1252143646965459,4,"1,2,3,4","0.253253787756,0.24191826582,0.249476715922,0.255351245403",4,4.213113410327151,1.5357142857142856,4116,22.173570698523783,3.293506660330108,15.71829764427677,28.628843752770795,1,True,-0.6582989703636173,-0.625,1.5,8.888191207144486,1.0267277097202323,6.875804896092831,10.90057751819614,1,True,-0.23845083869552153,-0.15959452599891233,1.5,5.639863592717912,0.9756196787296413,3.7276490224078156,7.552078163028009,1,True,-0.17819866353858965,-0.15959452599891233,0.6273184452326085,0.0,True,True,False
heterogeneity_pressure_seed10_safety05_e03_t33_u0,heterogeneity_pressure,10,safety,3,1451888368,33,0,,"5,5,5",51dd5f5ecac4788e99d5a0425e96931b5bdfd79ae3c6a0b2a32dd0690e47cf7b,0.4672231078147888,-0.1312958572514875,4,"1,2,3,4","0.252408325672,0.243567228317,0.249212577939,0.254811882973",4,4.213113410327151,2.0,4295,20.87357069852378,3.2935066603301073,14.418297644276768,27.328843752770787,1,True,-0.6582989703636173,-0.625,2.8,7.647350910734164,0.9036475178571463,5.876201775734158,9.41850004573417,1,True,-0.24136790293007282,-0.15925742448482771,2.8,6.96585631683086,1.8052668649336236,3.4275332615609577,10.504179372100761,1,True,-0.19772703476624864,-0.21319306836362079,-0.0816765711579237,0.0,True,True,False
heterogeneity_pressure_seed10_resource00_e08_t49_u0,heterogeneity_pressure,10,resource,8,1451888373,49,0,,"5,5,5",75af5cfbb55dcb7856435018ff6108aa0839d56c5960486e221461165b9fd1bb,0.4724259078502655,-0.11040838868289382,1,2,1,2,0.20045939118512726,2.0,128,3.3987409058695794,0.5348248628117842,2.350484174758482,4.446997636980677,1,True,0.0,0.0,2.8,3.3987409058695794,0.5348248628117842,2.350484174758482,4.446997636980677,1,True,0.0,0.0,2.8,1.7411722882274339,0.6340440338725081,0.49844598183731814,2.98389859461755,1,True,0.0,0.0,2.0734375,0.0,True,True,False
heterogeneity_pressure_seed10_resource01_e08_t48_u0,heterogeneity_pressure,10,resource,8,1451888373,48,0,,"5,5,5",42f575ea4e583ecabaad88afe113618a80920f575b8b558e49c677ec2ddeb056,0.4723760485649109,-0.11060843533141307,1,2,1,2,0.17429260952629005,2.0,200,2.996914682341151,0.601112050406134,1.8187350635451283,4.1750943011371735,1,True,0.0,0.0,2.8,2.996914682341151,0.601112050406134,1.8187350635451283,4.1750943011371735,1,True,0.0,0.0,2.8,0.5929786705852876,0.8271093374237762,-1.0281556307653137,2.214112971935889,1,False,0.0,0.0,0.8875,0.0,True,True,False
heterogeneity_pressure_seed10_resource02_e08_t47_u0,heterogeneity_pressure,10,resource,8,1451888373,47,0,,"5,5,5",21af6f0041cb94a0f422baa94e674d432c1ee188ef85e7e8882c3b0fcab47f86,0.47232651710510254,-0.11080716885943376,1,2,1,2,0.15416838203309804,2.0,224,4.539893352926438,0.3403794038483505,3.872749721383671,5.207036984469204,1,True,0.0,0.0,2.8,4.539893352926438,0.3403794038483505,3.872749721383671,5.207036984469204,1,True,0.0,0.0,2.8,-0.19478505294314144,0.5368898607689209,-1.2470891800502264,0.8575190741639436,-1,False,0.0,0.0,1.2171874999999999,0.0,True,False,False
heterogeneity_pressure_seed10_resource03_e08_t46_u0,heterogeneity_pressure,10,resource,8,1451888373,46,0,,"5,5,5",26aca723a1843c8b71495a8302e859170659634e8bd0377600c1d36d1746332b,0.47227728366851807,-0.11100470880444457,1,2,1,2,0.13821032050755006,2.0,300,3.394702794105365,0.5887333576318633,2.240785413146913,4.548620175063817,1,True,0.0,0.0,2.8,3.394702794105365,0.5887333576318633,2.240785413146913,4.548620175063817,1,True,0.0,0.0,2.8,0.31992683529264393,0.5519684101582497,-0.7619312486175256,1.4017849192028133,1,False,0.0,0.0,0.4859374999999999,0.0,True,True,False
heterogeneity_pressure_seed10_resource04_e08_t45_u0,heterogeneity_pressure,10,resource,8,1451888373,45,0,,"5,5,5",9c7b1f69ef43c2a5c96f2c55e67e02580a9c7e12d1577758915654762d84f3d6,0.47222840785980225,-0.11120081597469089,1,2,1,2,0.1252460132340007,2.0,345,3.22191468234115,0.6244434635375686,1.9980054938075158,4.445823870874785,1,True,0.0,0.0,2.8,3.22191468234115,0.6244434635375686,1.9980054938075158,4.445823870874785,1,True,0.0,0.0,2.8,-0.4272118882357854,0.46245419818489464,-1.3336221166781788,0.4791983402066081,-1,False,0.0,0.0,0.73125,0.0,True,False,False
heterogeneity_pressure_seed10_resource05_e08_t44_u0,heterogeneity_pressure,10,resource,8,1451888373,44,0,,"5,5,5",345da50cd318f83719b8cbc8dfb4d4865ece7122ebed8193fb21330f22be15c8,0.4721798896789551,-0.11139549032713048,1,2,1,2,0.11450527039781677,2.0,398,3.29691468234115,0.6322206012480468,2.057762303894978,4.536067060787322,1,True,0.0,0.0,2.8,3.29691468234115,0.6322206012480468,2.057762303894978,4.536067060787322,1,True,0.0,0.0,2.8,-0.35689938823578543,0.4270954297481803,-1.1940064305422189,0.48020765407064797,-1,False,0.0,0.0,0.6828124999999998,0.0,True,False,False
