method,method_type,train_scenario,eval_scenario,run_index,train_seed,evaluation_seed,episode_index,episode_seed,step_index,unit_index,resource_type,unit_order,unit_order_position,selected_action,selected_target,selected_noop,base_action_legal,conditional_action_legal,ammo_before,cooldown_before,energy_before,num_base_legal_targets,num_conditional_legal_targets,num_conditional_high_threat_targets,prefix_denied_target_count,avoidable_noop,selected_high_threat,target_alive,target_threat,target_payload,target_time_to_impact,target_distance,hit_probability,damage_potential,expected_damage_reduction,best_expected_damage_reduction,matching_efficiency,target_already_selected_by_prefix,shot_fired,hit,target_intercepted,target_status_after
autoregressive_ppo_order_012,learning_frozen_replay,medium,medium,0,0,30000,0,30000,0,0,missile,0-1-2,0,4,4,False,True,True,3,0,1.0,4,4,1,0,False,True,True,0.8067134165472705,0.6736075970521073,26.291993247592792,53.536216735839844,0.3257426973230698,0.5434082860301025,0.17701128083915182,0.17701128083915182,1.0,False,True,True,True,intercepted
autoregressive_ppo_order_012,learning_frozen_replay,medium,medium,0,0,30000,0,30000,0,1,missile,0-1-2,1,5,,True,True,True,3,0,1.0,4,3,0,1,True,False,,,,,,,,,0.09916744188353584,,False,False,False,False,
autoregressive_ppo_order_012,learning_frozen_replay,medium,medium,0,0,30000,0,30000,0,2,laser,0-1-2,2,5,,True,True,True,10,0,1.0,0,0,0,0,False,False,,,,,,,,,0.0,,False,False,False,False,
autoregressive_ppo_order_012,learning_frozen_replay,medium,medium,0,0,30000,0,30000,1,0,missile,0-1-2,0,5,,True,True,True,2,1,1.0,0,0,0,0,False,False,,,,,,,,,0.0,,False,False,False,False,
autoregressive_ppo_order_012,learning_frozen_replay,medium,medium,0,0,30000,0,30000,1,1,missile,0-1-2,1,5,,True,True,True,3,0,1.0,3,3,0,0,True,False,,,,,,,,,0.10717591052976735,,False,False,False,False,
autoregressive_ppo_order_012,learning_frozen_replay,medium,medium,0,0,30000,0,30000,1,2,laser,0-1-2,2,5,,True,True,True,10,0,1.0,0,0,0,0,False,False,,,,,,,,,0.0,,False,False,False,False,
autoregressive_ppo_order_012,learning_frozen_replay,medium,medium,0,0,30000,0,30000,2,0,missile,0-1-2,0,1,1,False,True,True,2,0,1.0,3,3,0,0,False,False,True,0.7970796786112013,0.7767675542601649,48.79673418755868,75.96613311767578,0.09352709242876839,0.4953165060042409,0.04632551263855325,0.1564647755448933,0.29607630520814193,False,True,False,False,alive
autoregressive_ppo_order_012,learning_frozen_replay,medium,medium,0,0,30000,0,30000,2,1,missile,0-1-2,1,5,,True,True,True,3,0,1.0,4,3,0,1,True,False,,,,,,,,,0.11516819454897122,,False,False,False,False,
autoregressive_ppo_order_012,learning_frozen_replay,medium,medium,0,0,30000,0,30000,2,2,laser,0-1-2,2,5,,True,True,True,10,0,1.0,0,0,0,0,False,False,,,,,,,,,0.0,,False,False,False,False,
autoregressive_ppo_order_012,learning_frozen_replay,medium,medium,0,0,30000,0,30000,3,0,missile,0-1-2,0,5,,True,True,True,1,1,1.0,0,0,0,0,False,False,,,,,,,,,0.0,,False,False,False,False,
autoregressive_ppo_order_012,learning_frozen_replay,medium,medium,0,0,30000,0,30000,3,1,missile,0-1-2,1,5,,True,True,True,3,0,1.0,4,4,0,0,True,False,,,,,,,,,0.12314287734359576,,False,False,False,False,
autoregressive_ppo_order_012,learning_frozen_replay,medium,medium,0,0,30000,0,30000,3,2,laser,0-1-2,2,5,,True,True,True,10,0,1.0,0,0,0,0,False,False,,,,,,,,,0.0,,False,False,False,False,
autoregressive_ppo_order_012,learning_frozen_replay,medium,medium,0,0,30000,0,30000,4,0,missile,0-1-2,0,1,1,False,True,True,1,0,1.0,3,3,0,0,False,False,True,0.7970796786112013,0.7767675542601649,46.79672896647378,72.7750473022461,0.12656421616498165,0.4953165060042409,0.06268934533600418,0.16916625480505854,0.37057831308167966,False,True,False,False,alive
autoregressive_ppo_order_012,learning_frozen_replay,medium,medium,0,0,30000,0,30000,4,1,missile,0-1-2,1,5,,True,True,True,3,0,1.0,4,3,0,1,True,False,,,,,,,,,0.1310983475339261,,False,False,False,False,
autoregressive_ppo_order_012,learning_frozen_replay,medium,medium,0,0,30000,0,30000,4,2,laser,0-1-2,2,5,,True,True,True,10,0,1.0,0,0,0,0,False,False,,,,,,,,,0.0,,False,False,False,False,
autoregressive_ppo_order_012,learning_frozen_replay,medium,medium,0,0,30000,0,30000,5,0,missile,0-1-2,0,5,,True,True,True,0,1,1.0,0,0,0,0,False,False,,,,,,,,,0.0,,False,False,False,False,
autoregressive_ppo_order_012,learning_frozen_replay,medium,medium,0,0,30000,0,30000,5,1,missile,0-1-2,1,5,,True,True,True,3,0,1.0,4,4,0,0,True,False,,,,,,,,,0.13903279895808374,,False,False,False,False,
autoregressive_ppo_order_012,learning_frozen_replay,medium,medium,0,0,30000,0,30000,5,2,laser,0-1-2,2,5,,True,True,True,10,0,1.0,0,0,0,0,False,False,,,,,,,,,0.0,,False,False,False,False,
autoregressive_ppo_order_012,learning_frozen_replay,medium,medium,0,0,30000,0,30000,6,0,missile,0-1-2,0,5,,True,True,True,0,0,1.0,0,0,0,0,False,False,,,,,,,,,0.0,,False,False,False,False,
autoregressive_ppo_order_012,learning_frozen_replay,medium,medium,0,0,30000,0,30000,6,1,missile,0-1-2,1,5,,True,True,True,3,0,1.0,4,4,0,0,True,False,,,,,,,,,0.14694421296455756,,False,False,False,False,
autoregressive_ppo_order_012,learning_frozen_replay,medium,medium,0,0,30000,0,30000,6,2,laser,0-1-2,2,5,,True,True,True,10,0,1.0,0,0,0,0,False,False,,,,,,,,,0.0,,False,False,False,False,
autoregressive_ppo_order_012,learning_frozen_replay,medium,medium,0,0,30000,0,30000,7,0,missile,0-1-2,0,5,,True,True,True,0,0,1.0,0,0,0,0,False,False,,,,,,,,,0.0,,False,False,False,False,
autoregressive_ppo_order_012,learning_frozen_replay,medium,medium,0,0,30000,0,30000,7,1,missile,0-1-2,1,5,,True,True,True,3,0,1.0,4,4,0,0,True,False,,,,,,,,,0.154830322997265,,False,False,False,False,
autoregressive_ppo_order_012,learning_frozen_replay,medium,medium,0,0,30000,0,30000,7,2,laser,0-1-2,2,5,,True,True,True,10,0,1.0,0,0,0,0,False,False,,,,,,,,,0.0,,False,False,False,False,
autoregressive_ppo_order_012,learning_frozen_replay,medium,medium,0,0,30000,0,30000,8,0,missile,0-1-2,0,5,,True,True,True,0,0,1.0,0,0,0,0,False,False,,,,,,,,,0.0,,False,False,False,False,
autoregressive_ppo_order_012,learning_frozen_replay,medium,medium,0,0,30000,0,30000,8,1,missile,0-1-2,1,5,,True,True,True,3,0,1.0,4,4,0,0,True,False,,,,,,,,,0.16268852605820489,,False,False,False,False,
autoregressive_ppo_order_012,learning_frozen_replay,medium,medium,0,0,30000,0,30000,8,2,laser,0-1-2,2,5,,True,True,True,10,0,1.0,1,1,0,0,True,False,,,,,,,,,0.008790860715620418,,False,False,False,False,
autoregressive_ppo_order_012,learning_frozen_replay,medium,medium,0,0,30000,0,30000,9,0,missile,0-1-2,0,5,,True,True,True,0,0,1.0,0,0,0,0,False,False,,,,,,,,,0.0,,False,False,False,False,
autoregressive_ppo_order_012,learning_frozen_replay,medium,medium,0,0,30000,0,30000,9,1,missile,0-1-2,1,5,,True,True,True,3,0,1.0,4,4,0,0,True,False,,,,,,,,,0.17051590041492692,,False,False,False,False,
autoregressive_ppo_order_012,learning_frozen_replay,medium,medium,0,0,30000,0,30000,9,2,laser,0-1-2,2,5,,True,True,True,10,0,1.0,1,1,0,0,True,False,,,,,,,,,0.019227168009076014,,False,False,False,False,
autoregressive_ppo_order_012,learning_frozen_replay,medium,medium,0,0,30000,0,30000,10,0,missile,0-1-2,0,5,,True,True,True,0,0,1.0,0,0,0,0,False,False,,,,,,,,,0.0,,False,False,False,False,
autoregressive_ppo_order_012,learning_frozen_replay,medium,medium,0,0,30000,0,30000,10,1,missile,0-1-2,1,5,,True,True,True,3,0,1.0,4,4,0,0,True,False,,,,,,,,,0.18327941620549834,,False,False,False,False,
autoregressive_ppo_order_012,learning_frozen_replay,medium,medium,0,0,30000,0,30000,10,2,laser,0-1-2,2,5,,True,True,True,10,0,1.0,2,2,0,0,True,False,,,,,,,,,0.029637124235750482,,False,False,False,False,
autoregressive_ppo_order_012,learning_frozen_replay,medium,medium,0,0,30000,0,30000,11,0,missile,0-1-2,0,5,,True,True,True,0,0,1.0,0,0,0,0,False,False,,,,,,,,,0.0,,False,False,False,False,
autoregressive_ppo_order_012,learning_frozen_replay,medium,medium,0,0,30000,0,30000,11,1,missile,0-1-2,1,5,,True,True,True,3,0,1.0,4,4,0,0,True,False,,,,,,,,,0.20540235902740386,,False,False,False,False,
autoregressive_ppo_order_012,learning_frozen_replay,medium,medium,0,0,30000,0,30000,11,2,laser,0-1-2,2,5,,True,True,True,10,0,1.0,2,2,0,0,True,False,,,,,,,,,0.04001799617329149,,False,False,False,False,
autoregressive_ppo_order_012,learning_frozen_replay,medium,medium,0,0,30000,0,30000,12,0,missile,0-1-2,0,5,,True,True,True,0,0,1.0,0,0,0,0,False,False,,,,,,,,,0.0,,False,False,False,False,
autoregressive_ppo_order_012,learning_frozen_replay,medium,medium,0,0,30000,0,30000,12,1,missile,0-1-2,1,5,,True,True,True,3,0,1.0,4,4,0,0,True,False,,,,,,,,,0.22751427006343128,,False,False,False,False,
autoregressive_ppo_order_012,learning_frozen_replay,medium,medium,0,0,30000,0,30000,12,2,laser,0-1-2,2,5,,True,True,True,10,0,1.0,2,2,0,0,True,False,,,,,,,,,0.05036653666010097,,False,False,False,False,
autoregressive_ppo_order_012,learning_frozen_replay,medium,medium,0,0,30000,0,30000,13,0,missile,0-1-2,0,5,,True,True,True,0,0,1.0,0,0,0,0,False,False,,,,,,,,,0.0,,False,False,False,False,
autoregressive_ppo_order_012,learning_frozen_replay,medium,medium,0,0,30000,0,30000,13,1,missile,0-1-2,1,5,,True,True,True,3,0,1.0,4,4,0,0,True,False,,,,,,,,,0.249613678408797,,False,False,False,False,
autoregressive_ppo_order_012,learning_frozen_replay,medium,medium,0,0,30000,0,30000,13,2,laser,0-1-2,2,5,,True,True,True,10,0,1.0,2,2,0,0,True,False,,,,,,,,,0.06067919484320847,,False,False,False,False,
autoregressive_ppo_order_012,learning_frozen_replay,medium,medium,0,0,30000,0,30000,14,0,missile,0-1-2,0,5,,True,True,True,0,0,1.0,0,0,0,0,False,False,,,,,,,,,0.0,,False,False,False,False,
autoregressive_ppo_order_012,learning_frozen_replay,medium,medium,0,0,30000,0,30000,14,1,missile,0-1-2,1,5,,True,True,True,3,0,1.0,4,4,0,0,True,False,,,,,,,,,0.2716988122918295,,False,False,False,False,
autoregressive_ppo_order_012,learning_frozen_replay,medium,medium,0,0,30000,0,30000,14,2,laser,0-1-2,2,5,,True,True,True,10,0,1.0,2,2,0,0,True,False,,,,,,,,,0.07095174240427404,,False,False,False,False,
autoregressive_ppo_order_012,learning_frozen_replay,medium,medium,0,0,30000,0,30000,15,0,missile,0-1-2,0,5,,True,True,True,0,0,1.0,0,0,0,0,False,False,,,,,,,,,0.0,,False,False,False,False,
autoregressive_ppo_order_012,learning_frozen_replay,medium,medium,0,0,30000,0,30000,15,1,missile,0-1-2,1,5,,True,True,True,3,0,1.0,4,4,0,0,True,False,,,,,,,,,0.29376759907397015,,False,False,False,False,
autoregressive_ppo_order_012,learning_frozen_replay,medium,medium,0,0,30000,0,30000,15,2,laser,0-1-2,2,5,,True,True,True,10,0,1.0,2,2,0,0,True,False,,,,,,,,,0.08117939036396253,,False,False,False,False,
autoregressive_ppo_order_012,learning_frozen_replay,medium,medium,0,0,30000,0,30000,16,0,missile,0-1-2,0,5,,True,True,True,0,0,1.0,0,0,0,0,False,False,,,,,,,,,0.0,,False,False,False,False,
autoregressive_ppo_order_012,learning_frozen_replay,medium,medium,0,0,30000,0,30000,16,1,missile,0-1-2,1,5,,True,True,True,3,0,1.0,4,4,0,0,True,False,,,,,,,,,0.3158174646718472,,False,False,False,False,
autoregressive_ppo_order_012,learning_frozen_replay,medium,medium,0,0,30000,0,30000,16,2,laser,0-1-2,2,5,,True,True,True,10,0,1.0,2,2,0,0,True,False,,,,,,,,,0.09135648539057083,,False,False,False,False,
autoregressive_ppo_order_012,learning_frozen_replay,medium,medium,0,0,30000,0,30000,17,0,missile,0-1-2,0,5,,True,True,True,0,0,1.0,0,0,0,0,False,False,,,,,,,,,0.0,,False,False,False,False,
autoregressive_ppo_order_012,learning_frozen_replay,medium,medium,0,0,30000,0,30000,17,1,missile,0-1-2,1,5,,True,True,True,3,0,1.0,4,4,0,0,True,False,,,,,,,,,0.3378454004165848,,False,False,False,False,
autoregressive_ppo_order_012,learning_frozen_replay,medium,medium,0,0,30000,0,30000,17,2,laser,0-1-2,2,5,,True,True,True,10,0,1.0,2,2,0,0,True,False,,,,,,,,,0.10147646307827843,,False,False,False,False,
autoregressive_ppo_order_012,learning_frozen_replay,medium,medium,0,0,30000,0,30000,18,0,missile,0-1-2,0,5,,True,True,True,0,0,1.0,0,0,0,0,False,False,,,,,,,,,0.0,,False,False,False,False,
autoregressive_ppo_order_012,learning_frozen_replay,medium,medium,0,0,30000,0,30000,18,1,missile,0-1-2,1,5,,True,True,True,3,0,1.0,4,4,0,0,True,False,,,,,,,,,0.359847595327607,,False,False,False,False,
autoregressive_ppo_order_012,learning_frozen_replay,medium,medium,0,0,30000,0,30000,18,2,laser,0-1-2,2,5,,True,True,True,10,0,1.0,2,2,0,0,True,False,,,,,,,,,0.11153166106014901,,False,False,False,False,
autoregressive_ppo_order_012,learning_frozen_replay,medium,medium,0,0,30000,0,30000,19,0,missile,0-1-2,0,5,,True,True,True,0,0,1.0,0,0,0,0,False,False,,,,,,,,,0.0,,False,False,False,False,
autoregressive_ppo_order_012,learning_frozen_replay,medium,medium,0,0,30000,0,30000,19,1,missile,0-1-2,1,5,,True,True,True,3,0,1.0,4,4,0,0,True,False,,,,,,,,,0.38181940268298326,,False,False,False,False,
autoregressive_ppo_order_012,learning_frozen_replay,medium,medium,0,0,30000,0,30000,19,2,laser,0-1-2,2,5,,True,True,True,10,0,1.0,2,2,0,0,True,False,,,,,,,,,0.12151299195588303,,False,False,False,False,
autoregressive_ppo_order_012,learning_frozen_replay,medium,medium,0,0,30000,0,30000,20,0,missile,0-1-2,0,5,,True,True,True,0,0,1.0,0,0,0,0,False,False,,,,,,,,,0.0,,False,False,False,False,
autoregressive_ppo_order_012,learning_frozen_replay,medium,medium,0,0,30000,0,30000,20,1,missile,0-1-2,1,5,,True,True,True,3,0,1.0,4,4,0,0,True,False,,,,,,,,,0.40375490543392456,,False,False,False,False,
autoregressive_ppo_order_012,learning_frozen_replay,medium,medium,0,0,30000,0,30000,20,2,laser,0-1-2,2,5,,True,True,True,10,0,1.0,3,3,0,0,True,False,,,,,,,,,0.13140966304132015,,False,False,False,False,
autoregressive_ppo_order_012,learning_frozen_replay,medium,medium,0,0,30000,0,30000,21,0,missile,0-1-2,0,5,,True,True,True,0,0,1.0,0,0,0,0,False,False,,,,,,,,,0.0,,False,False,False,False,
autoregressive_ppo_order_012,learning_frozen_replay,medium,medium,0,0,30000,0,30000,21,1,missile,0-1-2,1,5,,True,True,True,3,0,1.0,4,4,0,0,True,False,,,,,,,,,0.4256466487675496,,False,False,False,False,
autoregressive_ppo_order_012,learning_frozen_replay,medium,medium,0,0,30000,0,30000,21,2,laser,0-1-2,2,3,3,False,True,True,10,0,1.0,4,4,0,0,False,False,True,0.5311047873143284,1.3066893349368849,19.441044673925354,53.45785140991211,0.019066564386541217,0.6939889613175555,0.013231985214510033,0.14120886087662918,0.09370506307016033,False,True,False,False,alive
autoregressive_ppo_order_012,learning_frozen_replay,medium,medium,0,0,30000,0,30000,22,0,missile,0-1-2,0,5,,True,True,True,0,0,1.0,0,0,0,0,False,False,,,,,,,,,0.0,,False,False,False,False,
autoregressive_ppo_order_012,learning_frozen_replay,medium,medium,0,0,30000,0,30000,22,1,missile,0-1-2,1,5,,True,True,True,3,0,1.0,4,4,0,0,True,False,,,,,,,,,0.4474849715138015,,False,False,False,False,
autoregressive_ppo_order_012,learning_frozen_replay,medium,medium,0,0,30000,0,30000,22,2,laser,0-1-2,2,3,3,False,True,True,9,0,1.0,4,4,0,0,False,False,True,0.5311047873143284,1.3066893349368849,18.441045806529605,51.60095977783203,0.042024497292258545,0.6939889613175555,0.029164537225746932,0.15089515560400088,0.1932768292594123,False,True,False,False,alive
autoregressive_ppo_order_012,learning_frozen_replay,medium,medium,0,0,30000,0,30000,23,0,missile,0-1-2,0,5,,True,True,True,0,0,1.0,0,0,0,0,False,False,,,,,,,,,0.0,,False,False,False,False,
autoregressive_ppo_order_012,learning_frozen_replay,medium,medium,0,0,30000,0,30000,23,1,missile,0-1-2,1,5,,True,True,True,3,0,1.0,4,4,0,0,True,False,,,,,,,,,0.4692571871189207,,False,False,False,False,
autoregressive_ppo_order_012,learning_frozen_replay,medium,medium,0,0,30000,0,30000,23,2,laser,0-1-2,2,3,3,False,True,True,8,0,1.0,4,4,0,0,False,False,True,0.5311047873143284,1.3066893349368849,17.44104488495932,49.74407958984375,0.06498228870738634,0.6939889613175555,0.045096991044076565,0.16044992860621482,0.2810658218163258,False,True,False,False,alive
autoregressive_ppo_order_012,learning_frozen_replay,medium,medium,0,0,30000,0,30000,24,0,missile,0-1-2,0,5,,True,True,True,0,0,1.0,0,0,0,0,False,False,,,,,,,,,0.0,,False,False,False,False,
autoregressive_ppo_order_012,learning_frozen_replay,medium,medium,0,0,30000,0,30000,24,1,missile,0-1-2,1,5,,True,True,True,3,0,1.0,4,4,0,0,True,False,,,,,,,,,0.49094624645927726,,False,False,False,False,
autoregressive_ppo_order_012,learning_frozen_replay,medium,medium,0,0,30000,0,30000,24,2,laser,0-1-2,2,3,3,False,True,True,7,0,1.0,4,4,0,0,False,False,True,0.5311047873143284,1.3066893349368849,16.44104396338904,47.88721466064453,0.0879398914683949,0.6939889613175555,0.061029313938529936,0.16985062495864575,0.35931168315329426,False,True,False,False,alive
autoregressive_ppo_order_012,learning_frozen_replay,medium,medium,0,0,30000,0,30000,25,0,missile,0-1-2,0,5,,True,True,True,0,0,1.0,0,0,0,0,False,False,,,,,,,,,0.0,,False,False,False,False,
autoregressive_ppo_order_012,learning_frozen_replay,medium,medium,0,0,30000,0,30000,25,1,missile,0-1-2,1,5,,True,True,True,3,0,1.0,4,4,0,0,True,False,,,,,,,,,0.5125288992103921,,False,False,False,False,
autoregressive_ppo_order_012,learning_frozen_replay,medium,medium,0,0,30000,0,30000,25,2,laser,0-1-2,2,3,3,False,True,True,6,0,1.0,4,4,0,0,False,False,True,0.5311047873143284,1.3066893349368849,15.441043041818757,46.03036117553711,0.11089735273881393,0.6939889613175555,0.07696153864007604,0.1790696905094601,0.4297854004277191,False,True,False,False,alive
autoregressive_ppo_order_012,learning_frozen_replay,medium,medium,0,0,30000,0,30000,26,0,missile,0-1-2,0,5,,True,True,True,0,0,1.0,0,0,0,0,False,False,,,,,,,,,0.0,,False,False,False,False,
autoregressive_ppo_order_012,learning_frozen_replay,medium,medium,0,0,30000,0,30000,26,1,missile,0-1-2,1,5,,True,True,True,3,0,1.0,4,4,0,0,True,False,,,,,,,,,0.533972484600135,,False,False,False,False,
autoregressive_ppo_order_012,learning_frozen_replay,medium,medium,0,0,30000,0,30000,26,2,laser,0-1-2,2,3,3,False,True,True,5,0,1.0,4,4,0,0,False,False,True,0.5311047873143284,1.3066893349368849,14.441044174423007,44.173526763916016,0.1338545781915838,0.6939889613175555,0.09289359968677677,0.18807332207281352,0.49392225682498736,False,True,False,False,alive
autoregressive_ppo_order_012,learning_frozen_replay,medium,medium,0,0,30000,0,30000,27,0,missile,0-1-2,0,5,,True,True,True,0,0,1.0,0,0,0,0,False,False,,,,,,,,,0.0,,False,False,False,False,
autoregressive_ppo_order_012,learning_frozen_replay,medium,medium,0,0,30000,0,30000,27,1,missile,0-1-2,1,5,,True,True,True,3,0,1.0,4,4,0,0,True,False,,,,,,,,,0.55522979995681,,False,False,False,False,
autoregressive_ppo_order_012,learning_frozen_replay,medium,medium,0,0,30000,0,30000,27,2,laser,0-1-2,2,3,3,False,True,True,4,0,1.0,4,4,0,0,False,False,True,0.5311047873143284,1.3066893349368849,13.441043252852724,42.31671142578125,0.15681156782670458,0.6939889613175555,0.10882549707863211,0.19681997233286358,0.5529189735612071,False,True,False,False,alive
autoregressive_ppo_order_012,learning_frozen_replay,medium,medium,0,0,30000,0,30000,28,0,missile,0-1-2,0,5,,True,True,True,0,0,1.0,0,0,0,0,False,False,,,,,,,,,0.0,,False,False,False,False,
autoregressive_ppo_order_012,learning_frozen_replay,medium,medium,0,0,30000,0,30000,28,1,missile,0-1-2,1,5,,True,True,True,3,0,1.0,4,4,0,0,True,False,,,,,,,,,0.5762304089990683,,False,False,False,False,
autoregressive_ppo_order_012,learning_frozen_replay,medium,medium,0,0,30000,0,30000,28,2,laser,0-1-2,2,3,3,False,True,True,3,0,1.0,4,4,0,0,False,False,True,0.5311047873143284,1.3066893349368849,12.441043358369708,40.45991516113281,0.17976832164417614,0.6939889613175555,0.12475723081564202,0.217235520713492,0.5742948041180709,False,True,False,False,alive
autoregressive_ppo_order_012,learning_frozen_replay,medium,medium,0,0,30000,0,30000,29,0,missile,0-1-2,0,5,,True,True,True,0,0,1.0,0,0,0,0,False,False,,,,,,,,,0.0,,False,False,False,False,
autoregressive_ppo_order_012,learning_frozen_replay,medium,medium,0,0,30000,0,30000,29,1,missile,0-1-2,1,5,,True,True,True,3,0,1.0,4,4,0,0,True,False,,,,,,,,,0.5968650134725817,,False,False,False,False,
autoregressive_ppo_order_012,learning_frozen_replay,medium,medium,0,0,30000,0,30000,29,2,laser,0-1-2,2,3,3,False,True,True,2,0,1.0,4,4,0,0,False,False,True,0.5311047873143284,1.3066893349368849,11.441043463886691,38.60314178466797,0.2027247924804688,0.6939889613175555,0.1406887681668375,0.24211271423231434,0.5810878978947073,False,True,False,False,alive
autoregressive_ppo_order_012,learning_frozen_replay,medium,medium,0,0,30000,0,30000,30,0,missile,0-1-2,0,5,,True,True,True,0,0,1.0,0,0,0,0,False,False,,,,,,,,,0.0,,False,False,False,False,
autoregressive_ppo_order_012,learning_frozen_replay,medium,medium,0,0,30000,0,30000,30,1,missile,0-1-2,1,5,,True,True,True,3,0,1.0,4,4,0,0,True,False,,,,,,,,,0.6169563944231506,,False,False,False,False,
autoregressive_ppo_order_012,learning_frozen_replay,medium,medium,0,0,30000,0,30000,30,2,laser,0-1-2,2,3,3,False,True,True,1,0,1.0,4,4,0,0,False,False,True,0.5311047873143284,1.3066893349368849,10.441042542316408,36.74639892578125,0.22568088600852274,0.6939889613175555,0.15662004367028035,0.26670727860478405,0.5872357308341977,False,True,True,True,intercepted
autoregressive_ppo_order_012,learning_frozen_replay,medium,medium,0,0,30000,0,30000,31,0,missile,0-1-2,0,5,,True,True,True,0,0,1.0,0,0,0,0,False,False,,,,,,,,,0.0,,False,False,False,False,
autoregressive_ppo_order_012,learning_frozen_replay,medium,medium,0,0,30000,0,30000,31,1,missile,0-1-2,1,5,,True,True,True,3,0,1.0,3,3,0,0,True,False,,,,,,,,,0.6362028575792508,,False,False,False,False,
autoregressive_ppo_order_012,learning_frozen_replay,medium,medium,0,0,30000,0,30000,31,2,laser,0-1-2,2,5,,True,True,True,0,0,1.0,0,0,0,0,False,False,,,,,,,,,0.0,,False,False,False,False,
autoregressive_ppo_order_012,learning_frozen_replay,medium,medium,0,0,30000,0,30000,32,0,missile,0-1-2,0,5,,True,True,True,0,0,1.0,0,0,0,0,False,False,,,,,,,,,0.0,,False,False,False,False,
autoregressive_ppo_order_012,learning_frozen_replay,medium,medium,0,0,30000,0,30000,32,1,missile,0-1-2,1,5,,True,True,True,3,0,1.0,3,3,0,0,True,False,,,,,,,,,0.6540656506341836,,False,False,False,False,
autoregressive_ppo_order_012,learning_frozen_replay,medium,medium,0,0,30000,0,30000,32,2,laser,0-1-2,2,5,,True,True,True,0,0,1.0,0,0,0,0,False,False,,,,,,,,,0.0,,False,False,False,False,
autoregressive_ppo_order_012,learning_frozen_replay,medium,medium,0,0,30000,0,30000,33,0,missile,0-1-2,0,5,,True,True,True,0,0,1.0,0,0,0,0,False,False,,,,,,,,,0.0,,False,False,False,False,
autoregressive_ppo_order_012,learning_frozen_replay,medium,medium,0,0,30000,0,30000,33,1,missile,0-1-2,1,5,,True,True,True,3,0,1.0,3,3,0,0,True,False,,,,,,,,,0.6695539938548978,,False,False,False,False,
autoregressive_ppo_order_012,learning_frozen_replay,medium,medium,0,0,30000,0,30000,33,2,laser,0-1-2,2,5,,True,True,True,0,0,1.0,0,0,0,0,False,False,,,,,,,,,0.0,,False,False,False,False,
autoregressive_ppo_order_012,learning_frozen_replay,medium,medium,0,0,30000,0,30000,34,0,missile,0-1-2,0,5,,True,True,True,0,0,1.0,0,0,0,0,False,False,,,,,,,,,0.0,,False,False,False,False,
autoregressive_ppo_order_012,learning_frozen_replay,medium,medium,0,0,30000,0,30000,34,1,missile,0-1-2,1,5,,True,True,True,3,0,1.0,2,2,0,0,True,False,,,,,,,,,0.6809192530694672,,False,False,False,False,
autoregressive_ppo_order_012,learning_frozen_replay,medium,medium,0,0,30000,0,30000,34,2,laser,0-1-2,2,5,,True,True,True,0,0,1.0,0,0,0,0,False,False,,,,,,,,,0.0,,False,False,False,False,
autoregressive_ppo_order_012,learning_frozen_replay,medium,medium,0,0,30000,0,30000,35,0,missile,0-1-2,0,5,,True,True,True,0,0,1.0,0,0,0,0,False,False,,,,,,,,,0.0,,False,False,False,False,
autoregressive_ppo_order_012,learning_frozen_replay,medium,medium,0,0,30000,0,30000,35,1,missile,0-1-2,1,5,,True,True,True,3,0,1.0,2,2,0,0,True,False,,,,,,,,,0.685735078905565,,False,False,False,False,
autoregressive_ppo_order_012,learning_frozen_replay,medium,medium,0,0,30000,0,30000,35,2,laser,0-1-2,2,5,,True,True,True,0,0,1.0,0,0,0,0,False,False,,,,,,,,,0.0,,False,False,False,False,
autoregressive_ppo_order_012,learning_frozen_replay,medium,medium,0,0,30000,0,30000,36,0,missile,0-1-2,0,5,,True,True,True,0,0,1.0,0,0,0,0,False,False,,,,,,,,,0.0,,False,False,False,False,
autoregressive_ppo_order_012,learning_frozen_replay,medium,medium,0,0,30000,0,30000,36,1,missile,0-1-2,1,5,,True,True,True,3,0,1.0,2,2,0,0,True,False,,,,,,,,,0.68246673683351,,False,False,False,False,
autoregressive_ppo_order_012,learning_frozen_replay,medium,medium,0,0,30000,0,30000,36,2,laser,0-1-2,2,5,,True,True,True,0,0,1.0,0,0,0,0,False,False,,,,,,,,,0.0,,False,False,False,False,
autoregressive_ppo_order_012,learning_frozen_replay,medium,medium,0,0,30000,0,30000,37,0,missile,0-1-2,0,5,,True,True,True,0,0,1.0,0,0,0,0,False,False,,,,,,,,,0.0,,False,False,False,False,
autoregressive_ppo_order_012,learning_frozen_replay,medium,medium,0,0,30000,0,30000,37,1,missile,0-1-2,1,5,,True,True,True,3,0,1.0,2,2,0,0,True,False,,,,,,,,,0.6721965996600886,,False,False,False,False,
autoregressive_ppo_order_012,learning_frozen_replay,medium,medium,0,0,30000,0,30000,37,2,laser,0-1-2,2,5,,True,True,True,0,0,1.0,0,0,0,0,False,False,,,,,,,,,0.0,,False,False,False,False,
autoregressive_ppo_order_012,learning_frozen_replay,medium,medium,0,0,30000,0,30000,38,0,missile,0-1-2,0,5,,True,True,True,0,0,1.0,0,0,0,0,False,False,,,,,,,,,0.0,,False,False,False,False,
autoregressive_ppo_order_012,learning_frozen_replay,medium,medium,0,0,30000,0,30000,38,1,missile,0-1-2,1,5,,True,True,True,3,0,1.0,1,1,0,0,True,False,,,,,,,,,0.3544224807690408,,False,False,False,False,
autoregressive_ppo_order_012,learning_frozen_replay,medium,medium,0,0,30000,0,30000,38,2,laser,0-1-2,2,5,,True,True,True,0,0,1.0,0,0,0,0,False,False,,,,,,,,,0.0,,False,False,False,False,
autoregressive_ppo_order_012,learning_frozen_replay,medium,medium,0,0,30000,0,30000,39,0,missile,0-1-2,0,5,,True,True,True,0,0,1.0,0,0,0,0,False,False,,,,,,,,,0.0,,False,False,False,False,
autoregressive_ppo_order_012,learning_frozen_replay,medium,medium,0,0,30000,0,30000,39,1,missile,0-1-2,1,5,,True,True,True,3,0,1.0,1,1,0,0,True,False,,,,,,,,,0.3616455069675277,,False,False,False,False,
autoregressive_ppo_order_012,learning_frozen_replay,medium,medium,0,0,30000,0,30000,39,2,laser,0-1-2,2,5,,True,True,True,0,0,1.0,0,0,0,0,False,False,,,,,,,,,0.0,,False,False,False,False,
autoregressive_ppo_order_012,learning_frozen_replay,medium,medium,0,0,30000,0,30000,40,0,missile,0-1-2,0,5,,True,True,True,0,0,1.0,0,0,0,0,False,False,,,,,,,,,0.0,,False,False,False,False,
autoregressive_ppo_order_012,learning_frozen_replay,medium,medium,0,0,30000,0,30000,40,1,missile,0-1-2,1,5,,True,True,True,3,0,1.0,1,1,0,0,True,False,,,,,,,,,0.36842419400926063,,False,False,False,False,
autoregressive_ppo_order_012,learning_frozen_replay,medium,medium,0,0,30000,0,30000,40,2,laser,0-1-2,2,5,,True,True,True,0,0,1.0,0,0,0,0,False,False,,,,,,,,,0.0,,False,False,False,False,
autoregressive_ppo_order_012,learning_frozen_replay,medium,medium,0,0,30000,0,30000,41,0,missile,0-1-2,0,5,,True,True,True,0,0,1.0,0,0,0,0,False,False,,,,,,,,,0.0,,False,False,False,False,
autoregressive_ppo_order_012,learning_frozen_replay,medium,medium,0,0,30000,0,30000,41,1,missile,0-1-2,1,5,,True,True,True,3,0,1.0,1,1,0,0,True,False,,,,,,,,,0.3746108901721129,,False,False,False,False,
autoregressive_ppo_order_012,learning_frozen_replay,medium,medium,0,0,30000,0,30000,41,2,laser,0-1-2,2,5,,True,True,True,0,0,1.0,0,0,0,0,False,False,,,,,,,,,0.0,,False,False,False,False,
autoregressive_ppo_order_012,learning_frozen_replay,medium,medium,0,0,30000,0,30000,42,0,missile,0-1-2,0,5,,True,True,True,0,0,1.0,0,0,0,0,False,False,,,,,,,,,0.0,,False,False,False,False,
autoregressive_ppo_order_012,learning_frozen_replay,medium,medium,0,0,30000,0,30000,42,1,missile,0-1-2,1,5,,True,True,True,3,0,1.0,1,1,0,0,True,False,,,,,,,,,0.38000857489006307,,False,False,False,False,
autoregressive_ppo_order_012,learning_frozen_replay,medium,medium,0,0,30000,0,30000,42,2,laser,0-1-2,2,5,,True,True,True,0,0,1.0,0,0,0,0,False,False,,,,,,,,,0.0,,False,False,False,False,
autoregressive_ppo_order_012,learning_frozen_replay,medium,medium,0,0,30000,0,30000,43,0,missile,0-1-2,0,5,,True,True,True,0,0,1.0,0,0,0,0,False,False,,,,,,,,,0.0,,False,False,False,False,
autoregressive_ppo_order_012,learning_frozen_replay,medium,medium,0,0,30000,0,30000,43,1,missile,0-1-2,1,5,,True,True,True,3,0,1.0,1,1,0,0,True,False,,,,,,,,,0.38436862382881043,,False,False,False,False,
autoregressive_ppo_order_012,learning_frozen_replay,medium,medium,0,0,30000,0,30000,43,2,laser,0-1-2,2,5,,True,True,True,0,0,1.0,0,0,0,0,False,False,,,,,,,,,0.0,,False,False,False,False,
autoregressive_ppo_order_012,learning_frozen_replay,medium,medium,0,0,30000,0,30000,44,0,missile,0-1-2,0,5,,True,True,True,0,0,1.0,0,0,0,0,False,False,,,,,,,,,0.0,,False,False,False,False,
autoregressive_ppo_order_012,learning_frozen_replay,medium,medium,0,0,30000,0,30000,44,1,missile,0-1-2,1,5,,True,True,True,3,0,1.0,1,1,0,0,True,False,,,,,,,,,0.38741017497015623,,False,False,False,False,
autoregressive_ppo_order_012,learning_frozen_replay,medium,medium,0,0,30000,0,30000,44,2,laser,0-1-2,2,5,,True,True,True,0,0,1.0,0,0,0,0,False,False,,,,,,,,,0.0,,False,False,False,False,
autoregressive_ppo_order_012,learning_frozen_replay,medium,medium,0,0,30000,0,30000,45,0,missile,0-1-2,0,5,,True,True,True,0,0,1.0,0,0,0,0,False,False,,,,,,,,,0.0,,False,False,False,False,
autoregressive_ppo_order_012,learning_frozen_replay,medium,medium,0,0,30000,0,30000,45,1,missile,0-1-2,1,5,,True,True,True,3,0,1.0,1,1,0,0,True,False,,,,,,,,,0.38887657390137736,,False,False,False,False,
autoregressive_ppo_order_012,learning_frozen_replay,medium,medium,0,0,30000,0,30000,45,2,laser,0-1-2,2,5,,True,True,True,0,0,1.0,0,0,0,0,False,False,,,,,,,,,0.0,,False,False,False,False,
autoregressive_ppo_order_012,learning_frozen_replay,medium,medium,0,0,30000,0,30000,46,0,missile,0-1-2,0,5,,True,True,True,0,0,1.0,0,0,0,0,False,False,,,,,,,,,0.0,,False,False,False,False,
autoregressive_ppo_order_012,learning_frozen_replay,medium,medium,0,0,30000,0,30000,46,1,missile,0-1-2,1,5,,True,True,True,3,0,1.0,1,1,0,0,True,False,,,,,,,,,0.3886209758205297,,False,False,False,False,
autoregressive_ppo_order_012,learning_frozen_replay,medium,medium,0,0,30000,0,30000,46,2,laser,0-1-2,2,5,,True,True,True,0,0,1.0,0,0,0,0,False,False,,,,,,,,,0.0,,False,False,False,False,
autoregressive_ppo_order_012,learning_frozen_replay,medium,medium,0,0,30000,0,30000,47,0,missile,0-1-2,0,5,,True,True,True,0,0,1.0,0,0,0,0,False,False,,,,,,,,,0.0,,False,False,False,False,
autoregressive_ppo_order_012,learning_frozen_replay,medium,medium,0,0,30000,0,30000,47,1,missile,0-1-2,1,5,,True,True,True,3,0,1.0,1,1,0,0,True,False,,,,,,,,,0.386670185148949,,False,False,False,False,
autoregressive_ppo_order_012,learning_frozen_replay,medium,medium,0,0,30000,0,30000,47,2,laser,0-1-2,2,5,,True,True,True,0,0,1.0,0,0,0,0,False,False,,,,,,,,,0.0,,False,False,False,False,
autoregressive_ppo_order_012,learning_frozen_replay,medium,medium,0,0,30000,0,30000,48,0,missile,0-1-2,0,5,,True,True,True,0,0,1.0,0,0,0,0,False,False,,,,,,,,,0.0,,False,False,False,False,
autoregressive_ppo_order_012,learning_frozen_replay,medium,medium,0,0,30000,0,30000,48,1,missile,0-1-2,1,5,,True,True,True,3,0,1.0,1,1,0,0,True,False,,,,,,,,,0.383212258302993,,False,False,False,False,
autoregressive_ppo_order_012,learning_frozen_replay,medium,medium,0,0,30000,0,30000,48,2,laser,0-1-2,2,5,,True,True,True,0,0,1.0,0,0,0,0,False,False,,,,,,,,,0.0,,False,False,False,False,
autoregressive_ppo_order_012,learning_frozen_replay,medium,medium,0,0,30000,0,30000,49,0,missile,0-1-2,0,5,,True,True,True,0,0,1.0,0,0,0,0,False,False,,,,,,,,,0.0,,False,False,False,False,
autoregressive_ppo_order_012,learning_frozen_replay,medium,medium,0,0,30000,0,30000,49,1,missile,0-1-2,1,5,,True,True,True,3,0,1.0,1,1,0,0,True,False,,,,,,,,,0.3785191029320469,,False,False,False,False,
autoregressive_ppo_order_012,learning_frozen_replay,medium,medium,0,0,30000,0,30000,49,2,laser,0-1-2,2,5,,True,True,True,0,0,1.0,0,0,0,0,False,False,,,,,,,,,0.0,,False,False,False,False,
