method,method_type,train_scenario,eval_scenario,run_index,train_seed,attribution,count,total_high_threat_leaks,rate
role_conditioned_ar_ppo_order_012,learning,medium,medium,0,0,never_legal,0,45,0.0
role_conditioned_ar_ppo_order_012,learning,medium,medium,0,0,unassigned,43,45,0.9555555555555556
role_conditioned_ar_ppo_order_012,learning,medium,medium,0,0,prefix_denied,0,45,0.0
role_conditioned_ar_ppo_order_012,learning,medium,medium,0,0,mismatched_resource,0,45,0.0
role_conditioned_ar_ppo_order_012,learning,medium,medium,0,0,attempted_miss,2,45,0.044444444444444446
role_conditioned_ar_ppo_order_012,learning,medium,medium,0,0,resource_exhausted,0,45,0.0
role_conditioned_ar_ppo_order_012,learning,medium,time_pressure,0,0,never_legal,0,53,0.0
role_conditioned_ar_ppo_order_012,learning,medium,time_pressure,0,0,unassigned,51,53,0.9622641509433962
role_conditioned_ar_ppo_order_012,learning,medium,time_pressure,0,0,prefix_denied,0,53,0.0
role_conditioned_ar_ppo_order_012,learning,medium,time_pressure,0,0,mismatched_resource,0,53,0.0
role_conditioned_ar_ppo_order_012,learning,medium,time_pressure,0,0,attempted_miss,2,53,0.03773584905660377
role_conditioned_ar_ppo_order_012,learning,medium,time_pressure,0,0,resource_exhausted,0,53,0.0
role_conditioned_ar_ppo_order_012,learning,medium,heterogeneity_pressure,0,0,never_legal,0,47,0.0
role_conditioned_ar_ppo_order_012,learning,medium,heterogeneity_pressure,0,0,unassigned,44,47,0.9361702127659575
role_conditioned_ar_ppo_order_012,learning,medium,heterogeneity_pressure,0,0,prefix_denied,0,47,0.0
role_conditioned_ar_ppo_order_012,learning,medium,heterogeneity_pressure,0,0,mismatched_resource,0,47,0.0
role_conditioned_ar_ppo_order_012,learning,medium,heterogeneity_pressure,0,0,attempted_miss,3,47,0.06382978723404255
role_conditioned_ar_ppo_order_012,learning,medium,heterogeneity_pressure,0,0,resource_exhausted,0,47,0.0
role_conditioned_ar_ppo_order_120,learning,medium,medium,0,0,never_legal,0,38,0.0
role_conditioned_ar_ppo_order_120,learning,medium,medium,0,0,unassigned,38,38,1.0
role_conditioned_ar_ppo_order_120,learning,medium,medium,0,0,prefix_denied,0,38,0.0
role_conditioned_ar_ppo_order_120,learning,medium,medium,0,0,mismatched_resource,0,38,0.0
role_conditioned_ar_ppo_order_120,learning,medium,medium,0,0,attempted_miss,0,38,0.0
role_conditioned_ar_ppo_order_120,learning,medium,medium,0,0,resource_exhausted,0,38,0.0
role_conditioned_ar_ppo_order_120,learning,medium,time_pressure,0,0,never_legal,0,40,0.0
role_conditioned_ar_ppo_order_120,learning,medium,time_pressure,0,0,unassigned,37,40,0.925
role_conditioned_ar_ppo_order_120,learning,medium,time_pressure,0,0,prefix_denied,1,40,0.025
role_conditioned_ar_ppo_order_120,learning,medium,time_pressure,0,0,mismatched_resource,0,40,0.0
role_conditioned_ar_ppo_order_120,learning,medium,time_pressure,0,0,attempted_miss,2,40,0.05
role_conditioned_ar_ppo_order_120,learning,medium,time_pressure,0,0,resource_exhausted,0,40,0.0
role_conditioned_ar_ppo_order_120,learning,medium,heterogeneity_pressure,0,0,never_legal,0,36,0.0
role_conditioned_ar_ppo_order_120,learning,medium,heterogeneity_pressure,0,0,unassigned,32,36,0.8888888888888888
role_conditioned_ar_ppo_order_120,learning,medium,heterogeneity_pressure,0,0,prefix_denied,1,36,0.027777777777777776
role_conditioned_ar_ppo_order_120,learning,medium,heterogeneity_pressure,0,0,mismatched_resource,0,36,0.0
role_conditioned_ar_ppo_order_120,learning,medium,heterogeneity_pressure,0,0,attempted_miss,3,36,0.08333333333333333
role_conditioned_ar_ppo_order_120,learning,medium,heterogeneity_pressure,0,0,resource_exhausted,0,36,0.0
role_conditioned_ar_ppo_order_201,learning,medium,medium,0,0,never_legal,0,64,0.0
role_conditioned_ar_ppo_order_201,learning,medium,medium,0,0,unassigned,64,64,1.0
role_conditioned_ar_ppo_order_201,learning,medium,medium,0,0,prefix_denied,0,64,0.0
role_conditioned_ar_ppo_order_201,learning,medium,medium,0,0,mismatched_resource,0,64,0.0
role_conditioned_ar_ppo_order_201,learning,medium,medium,0,0,attempted_miss,0,64,0.0
role_conditioned_ar_ppo_order_201,learning,medium,medium,0,0,resource_exhausted,0,64,0.0
role_conditioned_ar_ppo_order_201,learning,medium,time_pressure,0,0,never_legal,0,70,0.0
role_conditioned_ar_ppo_order_201,learning,medium,time_pressure,0,0,unassigned,70,70,1.0
role_conditioned_ar_ppo_order_201,learning,medium,time_pressure,0,0,prefix_denied,0,70,0.0
role_conditioned_ar_ppo_order_201,learning,medium,time_pressure,0,0,mismatched_resource,0,70,0.0
role_conditioned_ar_ppo_order_201,learning,medium,time_pressure,0,0,attempted_miss,0,70,0.0
role_conditioned_ar_ppo_order_201,learning,medium,time_pressure,0,0,resource_exhausted,0,70,0.0
role_conditioned_ar_ppo_order_201,learning,medium,heterogeneity_pressure,0,0,never_legal,0,65,0.0
role_conditioned_ar_ppo_order_201,learning,medium,heterogeneity_pressure,0,0,unassigned,65,65,1.0
role_conditioned_ar_ppo_order_201,learning,medium,heterogeneity_pressure,0,0,prefix_denied,0,65,0.0
role_conditioned_ar_ppo_order_201,learning,medium,heterogeneity_pressure,0,0,mismatched_resource,0,65,0.0
role_conditioned_ar_ppo_order_201,learning,medium,heterogeneity_pressure,0,0,attempted_miss,0,65,0.0
role_conditioned_ar_ppo_order_201,learning,medium,heterogeneity_pressure,0,0,resource_exhausted,0,65,0.0
role_conditioned_ar_ppo_order_012,learning,medium,medium,1,1,never_legal,0,73,0.0
role_conditioned_ar_ppo_order_012,learning,medium,medium,1,1,unassigned,73,73,1.0
role_conditioned_ar_ppo_order_012,learning,medium,medium,1,1,prefix_denied,0,73,0.0
role_conditioned_ar_ppo_order_012,learning,medium,medium,1,1,mismatched_resource,0,73,0.0
role_conditioned_ar_ppo_order_012,learning,medium,medium,1,1,attempted_miss,0,73,0.0
role_conditioned_ar_ppo_order_012,learning,medium,medium,1,1,resource_exhausted,0,73,0.0
role_conditioned_ar_ppo_order_012,learning,medium,time_pressure,1,1,never_legal,0,93,0.0
role_conditioned_ar_ppo_order_012,learning,medium,time_pressure,1,1,unassigned,93,93,1.0
role_conditioned_ar_ppo_order_012,learning,medium,time_pressure,1,1,prefix_denied,0,93,0.0
role_conditioned_ar_ppo_order_012,learning,medium,time_pressure,1,1,mismatched_resource,0,93,0.0
role_conditioned_ar_ppo_order_012,learning,medium,time_pressure,1,1,attempted_miss,0,93,0.0
role_conditioned_ar_ppo_order_012,learning,medium,time_pressure,1,1,resource_exhausted,0,93,0.0
role_conditioned_ar_ppo_order_012,learning,medium,heterogeneity_pressure,1,1,never_legal,0,85,0.0
role_conditioned_ar_ppo_order_012,learning,medium,heterogeneity_pressure,1,1,unassigned,85,85,1.0
role_conditioned_ar_ppo_order_012,learning,medium,heterogeneity_pressure,1,1,prefix_denied,0,85,0.0
role_conditioned_ar_ppo_order_012,learning,medium,heterogeneity_pressure,1,1,mismatched_resource,0,85,0.0
role_conditioned_ar_ppo_order_012,learning,medium,heterogeneity_pressure,1,1,attempted_miss,0,85,0.0
role_conditioned_ar_ppo_order_012,learning,medium,heterogeneity_pressure,1,1,resource_exhausted,0,85,0.0
role_conditioned_ar_ppo_order_120,learning,medium,medium,1,1,never_legal,0,19,0.0
role_conditioned_ar_ppo_order_120,learning,medium,medium,1,1,unassigned,15,19,0.7894736842105263
role_conditioned_ar_ppo_order_120,learning,medium,medium,1,1,prefix_denied,0,19,0.0
role_conditioned_ar_ppo_order_120,learning,medium,medium,1,1,mismatched_resource,0,19,0.0
role_conditioned_ar_ppo_order_120,learning,medium,medium,1,1,attempted_miss,4,19,0.21052631578947367
role_conditioned_ar_ppo_order_120,learning,medium,medium,1,1,resource_exhausted,0,19,0.0
role_conditioned_ar_ppo_order_120,learning,medium,time_pressure,1,1,never_legal,0,33,0.0
role_conditioned_ar_ppo_order_120,learning,medium,time_pressure,1,1,unassigned,30,33,0.9090909090909091
role_conditioned_ar_ppo_order_120,learning,medium,time_pressure,1,1,prefix_denied,0,33,0.0
role_conditioned_ar_ppo_order_120,learning,medium,time_pressure,1,1,mismatched_resource,0,33,0.0
role_conditioned_ar_ppo_order_120,learning,medium,time_pressure,1,1,attempted_miss,3,33,0.09090909090909091
role_conditioned_ar_ppo_order_120,learning,medium,time_pressure,1,1,resource_exhausted,0,33,0.0
role_conditioned_ar_ppo_order_120,learning,medium,heterogeneity_pressure,1,1,never_legal,0,22,0.0
role_conditioned_ar_ppo_order_120,learning,medium,heterogeneity_pressure,1,1,unassigned,17,22,0.7727272727272727
role_conditioned_ar_ppo_order_120,learning,medium,heterogeneity_pressure,1,1,prefix_denied,0,22,0.0
role_conditioned_ar_ppo_order_120,learning,medium,heterogeneity_pressure,1,1,mismatched_resource,0,22,0.0
role_conditioned_ar_ppo_order_120,learning,medium,heterogeneity_pressure,1,1,attempted_miss,5,22,0.22727272727272727
role_conditioned_ar_ppo_order_120,learning,medium,heterogeneity_pressure,1,1,resource_exhausted,0,22,0.0
role_conditioned_ar_ppo_order_201,learning,medium,medium,1,1,never_legal,0,50,0.0
role_conditioned_ar_ppo_order_201,learning,medium,medium,1,1,unassigned,47,50,0.94
role_conditioned_ar_ppo_order_201,learning,medium,medium,1,1,prefix_denied,3,50,0.06
role_conditioned_ar_ppo_order_201,learning,medium,medium,1,1,mismatched_resource,0,50,0.0
role_conditioned_ar_ppo_order_201,learning,medium,medium,1,1,attempted_miss,0,50,0.0
role_conditioned_ar_ppo_order_201,learning,medium,medium,1,1,resource_exhausted,0,50,0.0
role_conditioned_ar_ppo_order_201,learning,medium,time_pressure,1,1,never_legal,0,77,0.0
role_conditioned_ar_ppo_order_201,learning,medium,time_pressure,1,1,unassigned,66,77,0.8571428571428571
role_conditioned_ar_ppo_order_201,learning,medium,time_pressure,1,1,prefix_denied,9,77,0.11688311688311688
role_conditioned_ar_ppo_order_201,learning,medium,time_pressure,1,1,mismatched_resource,0,77,0.0
role_conditioned_ar_ppo_order_201,learning,medium,time_pressure,1,1,attempted_miss,2,77,0.025974025974025976
role_conditioned_ar_ppo_order_201,learning,medium,time_pressure,1,1,resource_exhausted,0,77,0.0
role_conditioned_ar_ppo_order_201,learning,medium,heterogeneity_pressure,1,1,never_legal,0,66,0.0
role_conditioned_ar_ppo_order_201,learning,medium,heterogeneity_pressure,1,1,unassigned,57,66,0.8636363636363636
role_conditioned_ar_ppo_order_201,learning,medium,heterogeneity_pressure,1,1,prefix_denied,9,66,0.13636363636363635
role_conditioned_ar_ppo_order_201,learning,medium,heterogeneity_pressure,1,1,mismatched_resource,0,66,0.0
role_conditioned_ar_ppo_order_201,learning,medium,heterogeneity_pressure,1,1,attempted_miss,0,66,0.0
role_conditioned_ar_ppo_order_201,learning,medium,heterogeneity_pressure,1,1,resource_exhausted,0,66,0.0
role_conditioned_ar_ppo_order_012,learning,medium,medium,2,2,never_legal,0,34,0.0
role_conditioned_ar_ppo_order_012,learning,medium,medium,2,2,unassigned,30,34,0.8823529411764706
role_conditioned_ar_ppo_order_012,learning,medium,medium,2,2,prefix_denied,0,34,0.0
role_conditioned_ar_ppo_order_012,learning,medium,medium,2,2,mismatched_resource,3,34,0.08823529411764706
role_conditioned_ar_ppo_order_012,learning,medium,medium,2,2,attempted_miss,1,34,0.029411764705882353
role_conditioned_ar_ppo_order_012,learning,medium,medium,2,2,resource_exhausted,0,34,0.0
role_conditioned_ar_ppo_order_012,learning,medium,time_pressure,2,2,never_legal,0,48,0.0
role_conditioned_ar_ppo_order_012,learning,medium,time_pressure,2,2,unassigned,40,48,0.8333333333333334
role_conditioned_ar_ppo_order_012,learning,medium,time_pressure,2,2,prefix_denied,0,48,0.0
role_conditioned_ar_ppo_order_012,learning,medium,time_pressure,2,2,mismatched_resource,7,48,0.14583333333333334
role_conditioned_ar_ppo_order_012,learning,medium,time_pressure,2,2,attempted_miss,1,48,0.020833333333333332
role_conditioned_ar_ppo_order_012,learning,medium,time_pressure,2,2,resource_exhausted,0,48,0.0
role_conditioned_ar_ppo_order_012,learning,medium,heterogeneity_pressure,2,2,never_legal,0,41,0.0
role_conditioned_ar_ppo_order_012,learning,medium,heterogeneity_pressure,2,2,unassigned,35,41,0.8536585365853658
role_conditioned_ar_ppo_order_012,learning,medium,heterogeneity_pressure,2,2,prefix_denied,0,41,0.0
role_conditioned_ar_ppo_order_012,learning,medium,heterogeneity_pressure,2,2,mismatched_resource,6,41,0.14634146341463414
role_conditioned_ar_ppo_order_012,learning,medium,heterogeneity_pressure,2,2,attempted_miss,0,41,0.0
role_conditioned_ar_ppo_order_012,learning,medium,heterogeneity_pressure,2,2,resource_exhausted,0,41,0.0
role_conditioned_ar_ppo_order_120,learning,medium,medium,2,2,never_legal,0,61,0.0
role_conditioned_ar_ppo_order_120,learning,medium,medium,2,2,unassigned,61,61,1.0
role_conditioned_ar_ppo_order_120,learning,medium,medium,2,2,prefix_denied,0,61,0.0
role_conditioned_ar_ppo_order_120,learning,medium,medium,2,2,mismatched_resource,0,61,0.0
role_conditioned_ar_ppo_order_120,learning,medium,medium,2,2,attempted_miss,0,61,0.0
role_conditioned_ar_ppo_order_120,learning,medium,medium,2,2,resource_exhausted,0,61,0.0
role_conditioned_ar_ppo_order_120,learning,medium,time_pressure,2,2,never_legal,0,85,0.0
role_conditioned_ar_ppo_order_120,learning,medium,time_pressure,2,2,unassigned,85,85,1.0
role_conditioned_ar_ppo_order_120,learning,medium,time_pressure,2,2,prefix_denied,0,85,0.0
role_conditioned_ar_ppo_order_120,learning,medium,time_pressure,2,2,mismatched_resource,0,85,0.0
role_conditioned_ar_ppo_order_120,learning,medium,time_pressure,2,2,attempted_miss,0,85,0.0
role_conditioned_ar_ppo_order_120,learning,medium,time_pressure,2,2,resource_exhausted,0,85,0.0
role_conditioned_ar_ppo_order_120,learning,medium,heterogeneity_pressure,2,2,never_legal,0,68,0.0
role_conditioned_ar_ppo_order_120,learning,medium,heterogeneity_pressure,2,2,unassigned,68,68,1.0
role_conditioned_ar_ppo_order_120,learning,medium,heterogeneity_pressure,2,2,prefix_denied,0,68,0.0
role_conditioned_ar_ppo_order_120,learning,medium,heterogeneity_pressure,2,2,mismatched_resource,0,68,0.0
role_conditioned_ar_ppo_order_120,learning,medium,heterogeneity_pressure,2,2,attempted_miss,0,68,0.0
role_conditioned_ar_ppo_order_120,learning,medium,heterogeneity_pressure,2,2,resource_exhausted,0,68,0.0
role_conditioned_ar_ppo_order_201,learning,medium,medium,2,2,never_legal,0,30,0.0
role_conditioned_ar_ppo_order_201,learning,medium,medium,2,2,unassigned,24,30,0.8
role_conditioned_ar_ppo_order_201,learning,medium,medium,2,2,prefix_denied,0,30,0.0
role_conditioned_ar_ppo_order_201,learning,medium,medium,2,2,mismatched_resource,0,30,0.0
role_conditioned_ar_ppo_order_201,learning,medium,medium,2,2,attempted_miss,6,30,0.2
role_conditioned_ar_ppo_order_201,learning,medium,medium,2,2,resource_exhausted,0,30,0.0
role_conditioned_ar_ppo_order_201,learning,medium,time_pressure,2,2,never_legal,0,44,0.0
role_conditioned_ar_ppo_order_201,learning,medium,time_pressure,2,2,unassigned,36,44,0.8181818181818182
role_conditioned_ar_ppo_order_201,learning,medium,time_pressure,2,2,prefix_denied,0,44,0.0
role_conditioned_ar_ppo_order_201,learning,medium,time_pressure,2,2,mismatched_resource,0,44,0.0
role_conditioned_ar_ppo_order_201,learning,medium,time_pressure,2,2,attempted_miss,8,44,0.18181818181818182
role_conditioned_ar_ppo_order_201,learning,medium,time_pressure,2,2,resource_exhausted,0,44,0.0
role_conditioned_ar_ppo_order_201,learning,medium,heterogeneity_pressure,2,2,never_legal,0,31,0.0
role_conditioned_ar_ppo_order_201,learning,medium,heterogeneity_pressure,2,2,unassigned,26,31,0.8387096774193549
role_conditioned_ar_ppo_order_201,learning,medium,heterogeneity_pressure,2,2,prefix_denied,1,31,0.03225806451612903
role_conditioned_ar_ppo_order_201,learning,medium,heterogeneity_pressure,2,2,mismatched_resource,0,31,0.0
role_conditioned_ar_ppo_order_201,learning,medium,heterogeneity_pressure,2,2,attempted_miss,4,31,0.12903225806451613
role_conditioned_ar_ppo_order_201,learning,medium,heterogeneity_pressure,2,2,resource_exhausted,0,31,0.0
