context_id,scenario,policy_seed,slot,target_index,target_probability,repeat_count,sub_shot_mean,sub_shot_standard_error,sub_shot_lower,sub_shot_upper,sub_cost_mean,sub_cost_standard_error,sub_cost_lower,sub_cost_upper,reuse_probe_mean,reuse_probe_standard_error,reuse_probe_lower,reuse_probe_upper,reuse_total_mean,reuse_total_standard_error,reuse_total_lower,reuse_total_upper,option_edge_mean,option_edge_standard_error,option_edge_lower,option_edge_upper,option_threat_mean,option_threat_standard_error,option_threat_lower,option_threat_upper,ammo_gain_damage_mean,ammo_gain_damage_standard_error,ammo_gain_damage_lower,ammo_gain_damage_upper,ammo_gain_leaks_mean,ammo_gain_leaks_standard_error,ammo_gain_leaks_lower,ammo_gain_leaks_upper
heterogeneity_pressure_seed10_resource00_e08_t49_u0,heterogeneity_pressure,10,resource,2,1.0,32,0.0,0.0,0.0,0.0,0.0,0.0,0.0,0.0,0.0,0.0,0.0,0.0,0.0,0.0,0.0,0.0,0.0,0.0,0.0,0.0,0.0,0.0,0.0,0.0,0.0,0.0,0.0,0.0,0.0,0.0,0.0,0.0
heterogeneity_pressure_seed10_resource01_e08_t48_u0,heterogeneity_pressure,10,resource,2,1.0,32,0.4375,0.08909830562090465,0.2628673209830269,0.6121326790169731,1.1468749999999999,0.2163193006149668,0.722889170794665,1.5708608292053348,0.0,0.0,0.0,0.0,0.0,0.0,0.0,0.0,0.0,0.0,0.0,0.0,0.0,0.0,0.0,0.0,0.0,0.0,0.0,0.0,0.0,0.0,0.0,0.0
heterogeneity_pressure_seed10_resource02_e08_t47_u0,heterogeneity_pressure,10,resource,2,1.0,32,0.46875,0.1098420328354285,0.25345961564256014,0.6840403843574399,0.871875,0.23416522870545362,0.41291115173731086,1.330838848262689,0.0,0.0,0.0,0.0,0.0,0.0,0.0,0.0,0.0,0.0,0.0,0.0,0.0,0.0,0.0,0.0,0.0,0.0,0.0,0.0,0.0,0.0,0.0,0.0
heterogeneity_pressure_seed10_resource03_e08_t46_u0,heterogeneity_pressure,10,resource,2,1.0,32,0.71875,0.17525542994671078,0.37524935730444686,1.0622506426955531,1.571875,0.29293544837612695,0.9977215211827911,2.146028478817209,0.0,0.0,0.0,0.0,0.0,0.0,0.0,0.0,0.0,0.0,0.0,0.0,0.0,0.0,0.0,0.0,0.0,0.0,0.0,0.0,0.0,0.0,0.0,0.0
heterogeneity_pressure_seed10_resource04_e08_t45_u0,heterogeneity_pressure,10,resource,2,1.0,32,0.5625,0.16150439422764543,0.245951387313815,0.879048612686185,1.2953124999999999,0.29350632802672905,0.720040097067611,1.8705849029323889,0.0,0.0,0.0,0.0,0.0,0.0,0.0,0.0,0.0,0.0,0.0,0.0,0.0,0.0,0.0,0.0,0.0,0.0,0.0,0.0,0.0,0.0,0.0,0.0
heterogeneity_pressure_seed10_resource05_e08_t44_u0,heterogeneity_pressure,10,resource,2,1.0,32,0.65625,0.18299356039260312,0.2975826216304979,1.014917378369502,1.0781249999999998,0.3196830705949253,0.4515461816339462,1.7047038183660534,0.0,0.0,0.0,0.0,0.0,0.0,0.0,0.0,0.0,0.0,0.0,0.0,0.0,0.0,0.0,0.0,0.0,0.0,0.0,0.0,0.0,0.0,0.0,0.0
heterogeneity_pressure_seed10_safety00_e10_t40_u2,heterogeneity_pressure,10,safety,0,0.2562214434146881,32,0.15625,0.11098327940032954,-0.06127722762464588,0.3737772276246459,0.196875,0.1506862243393375,-0.09846999970510154,0.49221999970510155,0.0,0.0,0.0,0.0,0.0,0.0,0.0,0.0,0.0,0.0,0.0,0.0,0.0,0.0,0.0,0.0,0.0,0.0,0.0,0.0,0.0,0.0,0.0,0.0
heterogeneity_pressure_seed10_safety00_e10_t40_u2,heterogeneity_pressure,10,safety,2,0.24879786372184753,32,-0.5,0.23331413131434564,-0.9572956973761175,-0.04270430262388253,-0.6,0.2931423880598289,-1.1745590805972645,-0.025440919402735407,0.0,0.0,0.0,0.0,0.0,0.0,0.0,0.0,0.0,0.0,0.0,0.0,0.0,0.0,0.0,0.0,0.0,0.0,0.0,0.0,0.0,0.0,0.0,0.0
heterogeneity_pressure_seed10_safety00_e10_t40_u2,heterogeneity_pressure,10,safety,3,0.2546534836292267,32,-0.125,0.125,-0.37,0.12,-0.07031250000000003,0.07031250000000003,-0.2081250000000001,0.06750000000000003,0.0,0.0,0.0,0.0,0.0,0.0,0.0,0.0,0.0,0.0,0.0,0.0,0.0,0.0,0.0,0.0,0.0,0.0,0.0,0.0,0.0,0.0,0.0,0.0
heterogeneity_pressure_seed10_safety00_e10_t40_u2,heterogeneity_pressure,10,safety,4,0.2403271645307541,32,0.40625,0.20507362466260273,0.004305695661298625,0.8081943043387014,0.5374999999999999,0.35280414698389273,-0.15399612808842988,1.2289961280884296,0.0,0.0,0.0,0.0,0.0,0.0,0.0,0.0,0.0,0.0,0.0,0.0,0.0,0.0,0.0,0.0,0.0,0.0,0.0,0.0,0.0,0.0,0.0,0.0
heterogeneity_pressure_seed10_safety01_e10_t40_u1,heterogeneity_pressure,10,safety,0,0.20593351125717163,32,0.15625,0.27352749095191803,-0.3798638822657593,0.6923638822657593,0.22968750000000004,0.35980547062059515,-0.4755312224163665,0.9349062224163666,0.0625,0.04347552147751577,-0.022712022095930914,0.14771202209593093,0.0625,0.04347552147751577,-0.022712022095930914,0.14771202209593093,0.21875,0.1327012698361588,-0.04134448887887121,0.4788444888788712,0.0,0.0,0.0,0.0,0.0,0.0,0.0,0.0,0.0,0.0,0.0,0.0
heterogeneity_pressure_seed10_safety01_e10_t40_u1,heterogeneity_pressure,10,safety,1,0.19761992990970612,32,0.1875,0.2126896686754914,-0.22937175060396314,0.6043717506039632,0.35625,0.2669623591626306,-0.16699622395875596,0.879496223958756,0.03125,0.03125,-0.03,0.0925,0.03125,0.03125,-0.03,0.0925,0.1875,0.13042656443254733,-0.06813606628779273,0.44313606628779273,0.0,0.0,0.0,0.0,0.0,0.0,0.0,0.0,0.0,0.0,0.0,0.0
heterogeneity_pressure_seed10_safety01_e10_t40_u1,heterogeneity_pressure,10,safety,2,0.19885662198066711,32,-0.625,0.23653240929133007,-1.0886035222110069,-0.16139647778899308,-0.7968749999999999,0.36668838332255577,-1.5155842313122092,-0.07816576868779057,0.09375,0.0523514603733822,-0.008858862331829115,0.19635886233182911,0.0625,0.04347552147751577,-0.022712022095930914,0.14771202209593093,0.25,0.13470397652008115,-0.014019793979359041,0.514019793979359,0.0,0.0,0.0,0.0,0.0,0.0,0.0,0.0,0.0,0.0,0.0,0.0
heterogeneity_pressure_seed10_safety01_e10_t40_u1,heterogeneity_pressure,10,safety,3,0.20459166169166565,32,-0.71875,0.25885283136649595,-1.226101549478332,-0.21139845052166795,-0.9796874999999999,0.41502076424321727,-1.7931281979167057,-0.16624680208329412,0.0625,0.04347552147751577,-0.022712022095930914,0.14771202209593093,0.0625,0.04347552147751577,-0.022712022095930914,0.14771202209593093,0.25,0.13470397652008115,-0.014019793979359041,0.514019793979359,0.0,0.0,0.0,0.0,0.0,0.0,0.0,0.0,0.0,0.0,0.0,0.0
heterogeneity_pressure_seed10_safety01_e10_t40_u1,heterogeneity_pressure,10,safety,4,0.1929982304573059,32,0.5625,0.19016917341180467,0.18976842011286288,0.9352315798871371,0.8078124999999999,0.22996437941866404,0.3570823163394184,1.2585426836605815,0.0,0.0,0.0,0.0,0.0,0.0,0.0,0.0,0.0625,0.04347552147751577,-0.022712022095930914,0.14771202209593093,0.0,0.0,0.0,0.0,0.0,0.0,0.0,0.0,0.0,0.0,0.0,0.0
heterogeneity_pressure_seed10_safety02_e10_t40_u0,heterogeneity_pressure,10,safety,0,0.20539389550685883,32,0.6875,0.2855297142889606,0.12786175999363714,1.2471382400063629,1.2031249999999998,0.3741787883151581,0.46973457490228987,1.9365154250977097,0.03125,0.03125,-0.03,0.0925,0.0,0.0,0.0,0.0,0.03125,0.03125,-0.03,0.0925,0.0,0.0,0.0,0.0,0.0,0.0,0.0,0.0,0.0,0.0,0.0,0.0
heterogeneity_pressure_seed10_safety02_e10_t40_u0,heterogeneity_pressure,10,safety,1,0.19821880757808685,32,1.09375,0.27809611575276305,0.5486816131245844,1.6388183868754156,1.8218749999999997,0.3762876916872548,1.0843511242929802,2.559398875707019,0.03125,0.03125,-0.03,0.0925,0.0,0.0,0.0,0.0,0.03125,0.03125,-0.03,0.0925,0.0,0.0,0.0,0.0,0.0,0.0,0.0,0.0,0.0,0.0,0.0,0.0
heterogeneity_pressure_seed10_safety02_e10_t40_u0,heterogeneity_pressure,10,safety,2,0.1998935341835022,32,-0.28125,0.21172474808489652,-0.6962305062463972,0.1337305062463972,0.4921874999999998,0.26924054419815924,-0.0355239666283923,1.019898966628392,0.25,0.07777137710478188,0.09756810087462753,0.40243189912537247,0.0,0.04490132550669372,-0.08800659799311969,0.08800659799311969,0.25,0.19050019050028574,-0.12338037338056007,0.6233803733805601,0.0,0.0,0.0,0.0,0.0,0.0,0.0,0.0,0.0,0.0,0.0,0.0
heterogeneity_pressure_seed10_safety02_e10_t40_u0,heterogeneity_pressure,10,safety,3,0.20413802564144135,32,-0.28125,0.24277617712086033,-0.7570913071568862,0.19459130715688622,0.33437499999999976,0.3620647936744863,-0.3752719956019934,1.044021995601993,0.21875,0.07424858801742054,0.07322276748585574,0.36427723251414423,-0.03125,0.03125,-0.0925,0.03,0.15625,0.16866037046240626,-0.17432432610631626,0.48682432610631626,0.0,0.0,0.0,0.0,0.0,0.0,0.0,0.0,0.0,0.0,0.0,0.0
heterogeneity_pressure_seed10_safety02_e10_t40_u0,heterogeneity_pressure,10,safety,4,0.19235573709011078,32,0.40625,0.22833273241817165,-0.041282155539616394,0.8537821555396163,1.0171874999999997,0.27741434102775375,0.47345539158560235,1.560919608414397,0.15625,0.06521328221627366,0.028431966856103635,0.2840680331438964,-0.03125,0.03125,-0.0925,0.03,0.1875,0.12245390837951786,-0.05250966042385499,0.42750966042385496,0.0,0.0,0.0,0.0,0.0,0.0,0.0,0.0,0.0,0.0,0.0,0.0
heterogeneity_pressure_seed10_safety03_e03_t33_u2,heterogeneity_pressure,10,safety,1,0.3338358998298645,32,0.0625,0.04347552147751577,-0.022712022095930914,0.14771202209593093,0.175,0.12173146013704417,-0.06359366186860657,0.4135936618686066,0.0,0.0,0.0,0.0,0.0,0.0,0.0,0.0,0.0,0.0,0.0,0.0,0.0,0.0,0.0,0.0,0.0,0.0,0.0,0.0,0.0,0.0,0.0,0.0
heterogeneity_pressure_seed10_safety03_e03_t33_u2,heterogeneity_pressure,10,safety,3,0.3302012085914612,32,0.71875,0.3337058989831151,0.06468643799309448,1.3728135620069055,0.653125,0.39047981172774526,-0.11221543098638076,1.4184654309863807,0.0,0.0,0.0,0.0,0.0,0.0,0.0,0.0,0.0,0.0,0.0,0.0,0.0,0.0,0.0,0.0,0.0,0.0,0.0,0.0,0.0,0.0,0.0,0.0
heterogeneity_pressure_seed10_safety03_e03_t33_u2,heterogeneity_pressure,10,safety,4,0.33596286177635193,32,0.0,0.0,0.0,0.0,0.0,0.0,0.0,0.0,0.0,0.0,0.0,0.0,0.0,0.0,0.0,0.0,0.0,0.0,0.0,0.0,0.0,0.0,0.0,0.0,0.0,0.0,0.0,0.0,0.0,0.0,0.0,0.0
heterogeneity_pressure_seed10_safety04_e03_t33_u1,heterogeneity_pressure,10,safety,1,0.2532537877559662,32,1.3125,0.454452657316398,0.4217727916598599,2.20322720834014,1.6671874999999998,0.4479152502947097,0.7892736094223689,2.5451013905776305,0.21875,0.07424858801742054,0.07322276748585574,0.36427723251414423,0.21875,0.1327012698361588,-0.04134448887887121,0.4788444888788712,0.65625,0.379965445691256,-0.08848227355486171,1.4009822735548618,0.0,0.0,0.0,0.0,0.0,0.0,0.0,0.0,0.0,0.0,0.0,0.0
heterogeneity_pressure_seed10_safety04_e03_t33_u1,heterogeneity_pressure,10,safety,2,0.24191826581954956,32,-0.09375,0.3712429400871027,-0.8213861625707213,0.6338861625707213,0.6421874999999999,0.3584388007260477,-0.06035254942305357,1.3447275494230535,0.34375,0.08530513305661301,0.1765519392090385,0.5109480607909616,0.09375,0.15133395430572233,-0.20286455043921575,0.39036455043921575,0.3125,0.44094267603441045,-0.5517476450274444,1.1767476450274446,-0.25,0.25,-0.74,0.24,0.0,0.0,0.0,0.0,0.0,0.0,0.0,0.0
heterogeneity_pressure_seed10_safety04_e03_t33_u1,heterogeneity_pressure,10,safety,3,0.24947671592235565,32,0.71875,0.4404780554564662,-0.14458698869467368,1.5820869886946736,1.0437500000000002,0.442037244362085,0.1773570010503136,1.9101429989496868,0.25,0.07777137710478188,0.09756810087462753,0.40243189912537247,0.125,0.059398870413936426,0.008578213988684608,0.2414217860113154,0.5625,0.17353941171778484,0.22236275303314174,0.9026372469668582,0.0,0.0,0.0,0.0,0.0,0.0,0.0,0.0,0.0,0.0,0.0,0.0
heterogeneity_pressure_seed10_safety04_e03_t33_u1,heterogeneity_pressure,10,safety,4,0.2553512454032898,32,-0.53125,0.29093971426862586,-1.1014918399665068,0.03899183996650668,0.13593750000000013,0.2548840894750794,-0.36363531537115545,0.6355103153711558,0.375,0.08695104295503155,0.20457595580813817,0.5454240441918619,0.09375,0.15133395430572233,-0.20286455043921575,0.39036455043921575,0.34375,0.44133543447791096,-0.5212674515767055,1.2087674515767055,-0.25,0.25,-0.74,0.24,0.0,0.0,0.0,0.0,0.0,0.0,0.0,0.0
heterogeneity_pressure_seed10_safety05_e03_t33_u0,heterogeneity_pressure,10,safety,1,0.25240832567214966,32,0.84375,0.5734540490492396,-0.28021993613650964,1.9677199361365096,2.0843749999999996,0.5763021611512319,0.9548227641435851,3.2139272358564144,0.4375,0.08909830562090465,0.2628673209830269,0.6121326790169731,0.0625,0.09977292767466629,-0.13305493824234593,0.25805493824234593,0.4375,0.35051085989342157,-0.24950128539110628,1.1245012853911063,-0.28125,0.25094328092606,-0.7730988306150776,0.21059883061507756,0.013428752078803369,0.013428752078803369,-0.012891601995651234,0.03974910615325797,0.0,0.0,0.0,0.0
heterogeneity_pressure_seed10_safety05_e03_t33_u0,heterogeneity_pressure,10,safety,2,0.24356722831726074,32,3.0625,0.5955776201410722,1.8951678645234986,4.229832135476501,4.1,0.5780903978310971,2.9669428202510497,5.23305717974895,0.28125,0.08075219711382271,0.1229756936569075,0.4395243063430925,0.0,0.06350006350009525,-0.12446012446018669,0.12446012446018669,0.21875,0.23216362677382127,-0.2362907084766897,0.6737907084766896,-0.1875,0.09458632343338629,-0.3728891939294371,-0.0021108060705628817,0.013428752078803369,0.013428752078803369,-0.012891601995651234,0.03974910615325797,0.0,0.0,0.0,0.0
heterogeneity_pressure_seed10_safety05_e03_t33_u0,heterogeneity_pressure,10,safety,3,0.2492125779390335,32,1.5625,0.523514603733822,0.5364113766817089,2.588588623318291,2.9749999999999996,0.47413971331447796,2.045686161903623,3.9043138380963764,0.375,0.08695104295503155,0.20457595580813817,0.5454240441918619,0.0625,0.08909830562090465,-0.1121326790169731,0.2371326790169731,0.34375,0.27900086353780107,-0.2030916925340901,0.8905916925340901,-0.5,0.29443768166981743,-1.0770978560728421,0.07709785607284214,0.0,0.0,0.0,0.0,0.0,0.0,0.0,0.0
heterogeneity_pressure_seed10_safety05_e03_t33_u0,heterogeneity_pressure,10,safety,4,0.2548118829727173,32,1.0625,0.5098574674325895,0.06317936383212452,2.0618206361678757,2.4156249999999995,0.44492794303793465,1.5435662316456475,3.287683768354351,0.40625,0.0882099653319905,0.2333584679492986,0.5791415320507014,0.0625,0.09977292767466629,-0.13305493824234593,0.25805493824234593,0.375,0.3291913356755778,-0.2702150179241325,1.0202150179241325,-0.4375,0.29077725373612456,-1.007423417322804,0.13242341732280416,0.013428752078803369,0.013428752078803369,-0.012891601995651234,0.03974910615325797,0.0,0.0,0.0,0.0
heterogeneity_pressure_seed8_resource00_e10_t49_u0,heterogeneity_pressure,8,resource,0,0.4903303384780884,32,0.0,0.0,0.0,0.0,0.0,0.0,0.0,0.0,0.0,0.0,0.0,0.0,0.0,0.0,0.0,0.0,0.0,0.0,0.0,0.0,0.0,0.0,0.0,0.0,0.0,0.0,0.0,0.0,0.0,0.0,0.0,0.0
heterogeneity_pressure_seed8_resource00_e10_t49_u0,heterogeneity_pressure,8,resource,2,0.5096696615219116,32,0.0,0.0,0.0,0.0,0.0,0.0,0.0,0.0,0.0,0.0,0.0,0.0,0.0,0.0,0.0,0.0,0.0,0.0,0.0,0.0,0.0,0.0,0.0,0.0,0.0,0.0,0.0,0.0,0.0,0.0,0.0,0.0
heterogeneity_pressure_seed8_resource01_e04_t45_u0,heterogeneity_pressure,8,resource,2,0.5186417698860168,32,-0.96875,0.30613477094879465,-1.5687741510596376,-0.36872584894036253,-1.0703125,0.4500048127822831,-1.9523219330532748,-0.18830306694672516,0.0,0.0,0.0,0.0,0.0,0.0,0.0,0.0,0.0,0.0,0.0,0.0,0.0,0.0,0.0,0.0,0.0,0.0,0.0,0.0,0.0,0.0,0.0,0.0
heterogeneity_pressure_seed8_resource01_e04_t45_u0,heterogeneity_pressure,8,resource,3,0.48135823011398315,32,-0.125,0.16649857114566596,-0.45133719944550527,0.20133719944550527,0.009374999999999994,0.2770218699515466,-0.5335878651050313,0.5523378651050314,0.0,0.0,0.0,0.0,0.0,0.0,0.0,0.0,0.0,0.0,0.0,0.0,0.0,0.0,0.0,0.0,0.0,0.0,0.0,0.0,0.0,0.0,0.0,0.0
heterogeneity_pressure_seed8_resource02_e10_t48_u0,heterogeneity_pressure,8,resource,0,0.4905208349227905,32,0.375,0.09786017015735159,0.1831940664915909,0.5668059335084091,1.2484374999999999,0.24231623789623646,0.7734976737233764,1.7233773262766232,0.0,0.0,0.0,0.0,0.0,0.0,0.0,0.0,0.0,0.0,0.0,0.0,0.0,0.0,0.0,0.0,0.0,0.0,0.0,0.0,0.0,0.0,0.0,0.0
heterogeneity_pressure_seed8_resource02_e10_t48_u0,heterogeneity_pressure,8,resource,2,0.5094792246818542,32,0.34375,0.0964006989500829,0.15480463005783754,0.5326953699421625,1.2015624999999999,0.2452624127004979,0.720848171107024,1.6822768288929757,0.0,0.0,0.0,0.0,0.0,0.0,0.0,0.0,0.0,0.0,0.0,0.0,0.0,0.0,0.0,0.0,0.0,0.0,0.0,0.0,0.0,0.0,0.0,0.0
heterogeneity_pressure_seed8_resource03_e04_t44_u0,heterogeneity_pressure,8,resource,2,0.5185560584068298,32,0.5,0.2804086879147372,-0.04960102831288493,1.049601028312885,1.1609374999999997,0.5612563957849173,0.060874964261562026,2.261000035738437,0.0,0.0,0.0,0.0,0.0,0.0,0.0,0.0,0.0,0.0,0.0,0.0,0.0,0.0,0.0,0.0,0.0,0.0,0.0,0.0,0.0,0.0,0.0,0.0
heterogeneity_pressure_seed8_resource03_e04_t44_u0,heterogeneity_pressure,8,resource,3,0.4814439117908478,32,0.59375,0.2651056355188832,0.0741429543829889,1.1133570456170112,1.6609374999999997,0.5201665674940174,0.6414110277117258,2.6804639722882735,0.0,0.0,0.0,0.0,0.0,0.0,0.0,0.0,0.0,0.0,0.0,0.0,0.0,0.0,0.0,0.0,0.0,0.0,0.0,0.0,0.0,0.0,0.0,0.0
heterogeneity_pressure_seed8_resource04_e10_t47_u0,heterogeneity_pressure,8,resource,0,0.49071183800697327,32,0.625,0.13281991203226293,0.36467297241676466,0.8853270275832353,1.3484374999999997,0.25220283910259866,0.8541199353589064,1.842755064641093,0.0,0.0,0.0,0.0,0.0,0.0,0.0,0.0,0.0,0.0,0.0,0.0,0.0,0.0,0.0,0.0,0.0,0.0,0.0,0.0,0.0,0.0,0.0,0.0
heterogeneity_pressure_seed8_resource04_e10_t47_u0,heterogeneity_pressure,8,resource,2,0.5092881917953491,32,0.59375,0.14098855335600602,0.3174124354222282,0.8700875645777718,1.3015625,0.2728423823378589,0.7667914306177965,1.8363335693822034,0.0,0.0,0.0,0.0,0.0,0.0,0.0,0.0,0.0,0.0,0.0,0.0,0.0,0.0,0.0,0.0,0.0,0.0,0.0,0.0,0.0,0.0,0.0,0.0
heterogeneity_pressure_seed8_resource05_e09_t49_u0,heterogeneity_pressure,8,resource,1,0.49947038292884827,32,0.0,0.0,0.0,0.0,0.0,0.0,0.0,0.0,0.0,0.0,0.0,0.0,0.0,0.0,0.0,0.0,0.0,0.0,0.0,0.0,0.0,0.0,0.0,0.0,0.0,0.0,0.0,0.0,0.0,0.0,0.0,0.0
heterogeneity_pressure_seed8_resource05_e09_t49_u0,heterogeneity_pressure,8,resource,2,0.5005296468734741,32,0.0,0.0,0.0,0.0,0.0,0.0,0.0,0.0,0.0,0.0,0.0,0.0,0.0,0.0,0.0,0.0,0.0,0.0,0.0,0.0,0.0,0.0,0.0,0.0,0.0,0.0,0.0,0.0,0.0,0.0,0.0,0.0
heterogeneity_pressure_seed8_safety00_e00_t23_u2,heterogeneity_pressure,8,safety,0,0.193481907248497,32,0.28125,0.19173641496226176,-0.09455337332603303,0.6570533733260331,0.1875,0.16382831788776775,-0.13360350306002478,0.5086035030600248,0.0625,0.04347552147751577,-0.022712022095930914,0.14771202209593093,0.0625,0.04347552147751577,-0.022712022095930914,0.14771202209593093,0.0625,0.04347552147751577,-0.022712022095930914,0.14771202209593093,0.0,0.0,0.0,0.0,0.0,0.0,0.0,0.0,0.0,0.0,0.0,0.0
heterogeneity_pressure_seed8_safety00_e00_t23_u2,heterogeneity_pressure,8,safety,1,0.19690680503845215,32,0.125,0.07446042464765881,-0.020942432309411257,0.2709424323094113,0.15,0.13431051528502536,-0.11324860995864969,0.41324860995864965,0.0625,0.04347552147751577,-0.022712022095930914,0.14771202209593093,0.0625,0.04347552147751577,-0.022712022095930914,0.14771202209593093,0.0625,0.04347552147751577,-0.022712022095930914,0.14771202209593093,0.0,0.0,0.0,0.0,0.0,0.0,0.0,0.0,0.0,0.0,0.0,0.0
heterogeneity_pressure_seed8_safety00_e00_t23_u2,heterogeneity_pressure,8,safety,2,0.20750974118709564,32,0.875,0.439368131341714,0.013838462570240573,1.7361615374297594,0.771875,0.4179680198591753,-0.04734231892398366,1.5910923189239836,0.03125,0.03125,-0.03,0.0925,0.03125,0.03125,-0.03,0.0925,0.03125,0.03125,-0.03,0.0925,0.0,0.0,0.0,0.0,0.0,0.0,0.0,0.0,0.0,0.0,0.0,0.0
heterogeneity_pressure_seed8_safety00_e00_t23_u2,heterogeneity_pressure,8,safety,3,0.1994587928056717,32,0.0625,0.04347552147751577,-0.022712022095930914,0.14771202209593093,0.015625,0.010868880369378943,-0.005678005523982729,0.03692800552398273,0.0625,0.04347552147751577,-0.022712022095930914,0.14771202209593093,0.0625,0.04347552147751577,-0.022712022095930914,0.14771202209593093,0.0625,0.04347552147751577,-0.022712022095930914,0.14771202209593093,0.0,0.0,0.0,0.0,0.0,0.0,0.0,0.0,0.0,0.0,0.0,0.0
heterogeneity_pressure_seed8_safety00_e00_t23_u2,heterogeneity_pressure,8,safety,4,0.2026427537202835,32,0.21875,0.11652196767825757,-0.009633056649384825,0.44713305664938485,0.17343749999999997,0.14239781945976263,-0.1056622261411348,0.45253722614113473,0.0625,0.04347552147751577,-0.022712022095930914,0.14771202209593093,0.0625,0.04347552147751577,-0.022712022095930914,0.14771202209593093,0.0625,0.04347552147751577,-0.022712022095930914,0.14771202209593093,0.0,0.0,0.0,0.0,0.0,0.0,0.0,0.0,0.0,0.0,0.0,0.0
heterogeneity_pressure_seed8_safety01_e00_t23_u1,heterogeneity_pressure,8,safety,0,0.1946171373128891,32,0.625,0.27219981986673664,0.09148835306119618,1.1585116469388037,0.978125,0.30206728498342555,0.38607312143248596,1.570176878567514,0.28125,0.08075219711382271,0.1229756936569075,0.4395243063430925,0.09375,0.10394802322438876,-0.10998812551980197,0.29748812551980197,0.75,0.2804086879147372,0.20039897168711507,1.299601028312885,-0.25,0.17960530202677488,-0.6020263919724788,0.10202639197247876,0.0,0.0,0.0,0.0,0.0,0.0,0.0,0.0
heterogeneity_pressure_seed8_safety01_e00_t23_u1,heterogeneity_pressure,8,safety,1,0.19697163999080658,32,0.46875,0.23324661166850572,0.011586641129728792,0.9259133588702713,0.7406250000000002,0.2600736315946052,0.23088068207457402,1.2503693179254265,0.3125,0.08324928557283298,0.14933140027724737,0.47566859972275266,0.03125,0.10515325796802646,-0.17485038561733188,0.23735038561733188,1.125,0.34707882343556967,0.44472550606628347,1.8052744939337164,-0.15625,0.11098327940032954,-0.3737772276246459,0.06127722762464588,0.0,0.0,0.0,0.0,0.0,0.0,0.0,0.0
heterogeneity_pressure_seed8_safety01_e00_t23_u1,heterogeneity_pressure,8,safety,2,0.20663253962993622,32,0.8125,0.19796087508524537,0.4244966848329191,1.200503315167081,1.225,0.2700059736495687,0.6957882916468455,1.7542117083531545,0.3125,0.08324928557283298,0.14933140027724737,0.47566859972275266,0.1875,0.08324928557283298,0.024331400277247367,0.35066859972275266,0.96875,0.37696895728702184,0.22989084371743718,1.7076091562825628,-0.25,0.17960530202677488,-0.6020263919724788,0.10202639197247876,0.0,0.0,0.0,0.0,0.0,0.0,0.0,0.0
heterogeneity_pressure_seed8_safety01_e00_t23_u1,heterogeneity_pressure,8,safety,3,0.1997527927160263,32,0.375,0.1402043439573686,0.10019948584355753,0.6498005141564425,0.7968750000000001,0.18061188422076271,0.4428757069273052,1.150874293072695,0.34375,0.08530513305661301,0.1765519392090385,0.5109480607909616,0.125,0.10766959615176361,-0.08603240845745666,0.33603240845745663,1.09375,0.3630054179592116,0.38225938079994526,1.8052406192000547,-0.25,0.17960530202677488,-0.6020263919724788,0.10202639197247876,0.0,0.0,0.0,0.0,0.0,0.0,0.0,0.0
heterogeneity_pressure_seed8_safety01_e00_t23_u1,heterogeneity_pressure,8,safety,4,0.2020258605480194,32,0.65625,0.2641532996685948,0.13850953264955423,1.1739904673504458,0.9078125000000001,0.29592417238443236,0.3278011221265127,1.4878238778734876,0.3125,0.08324928557283298,0.14933140027724737,0.47566859972275266,0.1875,0.08324928557283298,0.024331400277247367,0.35066859972275266,0.84375,0.2583655785460195,0.33735346604980176,1.3501465339501983,-0.25,0.17960530202677488,-0.6020263919724788,0.10202639197247876,0.0,0.0,0.0,0.0,0.0,0.0,0.0,0.0
heterogeneity_pressure_seed8_safety02_e00_t23_u0,heterogeneity_pressure,8,safety,0,0.1933557689189911,32,0.84375,0.512169198904475,-0.16010162985277088,1.8476016298527709,2.642187499999999,0.4887087443141908,1.684318361144185,3.600056638855813,0.53125,0.10024541458421572,0.3347689874149372,0.7277310125850628,-0.40625,0.290506284286033,-0.9756423172006247,0.16314231720062466,-0.0625,1.0719456797443518,-2.1635135322989294,2.0385135322989294,0.25,0.25,-0.24,0.74,0.01997057844015758,0.01997057844015758,-0.019171755302551274,0.059112912182866434,0.03125,0.03125,-0.03,0.0925
heterogeneity_pressure_seed8_safety02_e00_t23_u0,heterogeneity_pressure,8,safety,1,0.19791460037231445,32,2.0625,0.5479755630882963,0.9884678963469393,3.1365321036530607,3.695312499999999,0.4328343347817122,2.8469572038278432,4.543667796172155,0.3125,0.08324928557283298,0.14933140027724737,0.47566859972275266,-0.40625,0.22833273241817165,-0.8537821555396163,0.041282155539616394,-0.59375,0.6733093747400991,-1.9134363744905942,0.7259363744905942,-0.0625,0.0625,-0.185,0.06,0.01997057844015758,0.01997057844015758,-0.019171755302551274,0.059112912182866434,0.03125,0.03125,-0.03,0.0925
heterogeneity_pressure_seed8_safety02_e00_t23_u0,heterogeneity_pressure,8,safety,2,0.2071017622947693,32,0.9375,0.4488729164933994,0.057709083672937256,1.8172909163270627,2.623437499999999,0.32264175722157257,1.991059655845717,3.255815344154281,0.46875,0.08962708359030336,0.2930809161630054,0.6444190838369945,-0.375,0.22338127394297644,-0.8128272969282337,0.0628272969282338,-0.3125,0.6741743755955705,-1.6338817761673181,1.0088817761673181,0.0,0.0,0.0,0.0,0.01997057844015758,0.01997057844015758,-0.019171755302551274,0.059112912182866434,0.03125,0.03125,-0.03,0.0925
heterogeneity_pressure_seed8_safety02_e00_t23_u0,heterogeneity_pressure,8,safety,3,0.19897280633449554,32,-0.21875,0.30031695286383575,-0.8073712276131181,0.3698712276131181,1.8624999999999994,0.22999605536589307,1.411707731482849,2.31329226851715,0.71875,0.08075219711382271,0.5604756936569075,0.8770243063430925,-0.4375,0.2537520856421518,-0.9348540878586176,0.05985408785861751,-0.5625,0.8018847505881418,-2.134194111152758,1.0091941111527578,0.0,0.0,0.0,0.0,0.019970578440157583,0.01997057844015758,-0.01917175530255127,0.059112912182866434,0.03125,0.03125,-0.03,0.0925
heterogeneity_pressure_seed8_safety02_e00_t23_u0,heterogeneity_pressure,8,safety,4,0.20265507698059082,32,2.0,0.46228744025698426,1.0939166170963108,2.906083382903689,3.360937499999999,0.3725033446956897,2.6308309443964473,4.09104405560355,0.40625,0.0882099653319905,0.2333584679492986,0.5791415320507014,-0.1875,0.1645956678377889,-0.5101075089620662,0.13510750896206625,-0.21875,0.60863142184847,-1.411667586823001,0.9741675868230011,-0.0625,0.0625,-0.185,0.06,0.03994115688031516,0.0277834019805915,-0.01451431100164418,0.0943966247622745,0.0625,0.04347552147751577,-0.022712022095930914,0.14771202209593093
heterogeneity_pressure_seed8_safety03_e07_t40_u2,heterogeneity_pressure,8,safety,0,0.5055621862411499,32,0.09375,0.0689695906576505,-0.04143039768899498,0.22893039768899498,0.1421875,0.10484986806700976,-0.06331824141133913,0.3476932414113391,0.0,0.0,0.0,0.0,0.0,0.0,0.0,0.0,0.0,0.0,0.0,0.0,0.0,0.0,0.0,0.0,0.0,0.0,0.0,0.0,0.0,0.0,0.0,0.0
heterogeneity_pressure_seed8_safety03_e07_t40_u2,heterogeneity_pressure,8,safety,1,0.4944378137588501,32,0.0,0.0,0.0,0.0,0.0,0.0,0.0,0.0,0.0,0.0,0.0,0.0,0.0,0.0,0.0,0.0,0.0,0.0,0.0,0.0,0.0,0.0,0.0,0.0,0.0,0.0,0.0,0.0,0.0,0.0,0.0,0.0
heterogeneity_pressure_seed8_safety04_e07_t40_u1,heterogeneity_pressure,8,safety,0,0.3396603465080261,32,1.375,0.4034878180996778,0.5841638765246315,2.1658361234753682,1.7218749999999998,0.465324513347163,0.8098389538395603,2.6339110461604394,0.03125,0.03125,-0.03,0.0925,-0.03125,0.03125,-0.0925,0.03,0.0,0.11879774082787285,-0.23284357202263078,0.23284357202263078,-0.09375,0.09374999999999999,-0.27749999999999997,0.08999999999999997,0.0,0.0,0.0,0.0,0.0,0.0,0.0,0.0
heterogeneity_pressure_seed8_safety04_e07_t40_u1,heterogeneity_pressure,8,safety,1,0.3323226571083069,32,-0.09375,0.24329465326318128,-0.5706075203958353,0.3831075203958353,-0.029687499999999895,0.3088974554424665,-0.6351265126672342,0.5757515126672345,0.09375,0.0523514603733822,-0.008858862331829115,0.19635886233182911,0.03125,0.05470549819038361,-0.07597277645315187,0.13847277645315187,0.46875,0.27306642447840296,-0.06646019197766984,1.00396019197767,-0.09375,0.09374999999999999,-0.27749999999999997,0.08999999999999997,0.0,0.0,0.0,0.0,0.0,0.0,0.0,0.0
heterogeneity_pressure_seed8_safety04_e07_t40_u1,heterogeneity_pressure,8,safety,3,0.3280169665813446,32,1.0625,0.380834980349842,0.31606343851430974,1.8089365614856903,1.4859375,0.5287749954770306,0.4495385088650201,2.52233649113498,0.0625,0.04347552147751577,-0.022712022095930914,0.14771202209593093,0.0625,0.04347552147751577,-0.022712022095930914,0.14771202209593093,0.3125,0.20789604644877752,-0.09497625103960394,0.7199762510396039,0.0,0.0,0.0,0.0,0.0,0.0,0.0,0.0,0.0,0.0,0.0,0.0
heterogeneity_pressure_seed8_safety05_e07_t40_u0,heterogeneity_pressure,8,safety,0,0.3411363363265991,32,1.5,0.35921060405354976,0.7959472160550425,2.2040527839449577,2.3203125,0.42096554825489013,1.4952200254204153,3.1454049745795847,0.0625,0.04347552147751577,-0.022712022095930914,0.14771202209593093,0.0625,0.04347552147751577,-0.022712022095930914,0.14771202209593093,0.28125,0.1504990019793294,-0.013728043879485619,0.5762280438794856,0.0,0.0,0.0,0.0,0.0,0.0,0.0,0.0,0.0,0.0,0.0,0.0
heterogeneity_pressure_seed8_safety05_e07_t40_u0,heterogeneity_pressure,8,safety,1,0.3313280940055847,32,-0.34375,0.2087277851807267,-0.7528564589542244,0.06535645895422437,0.040624999999999856,0.2860450342039552,-0.5200232670397524,0.601273267039752,0.125,0.059398870413936426,0.008578213988684608,0.2414217860113154,0.0,0.07777137710478188,-0.15243189912537247,0.15243189912537247,0.3125,0.2126896686754914,-0.10437175060396314,0.7293717506039632,-0.09375,0.09374999999999999,-0.27749999999999997,0.08999999999999997,0.0,0.0,0.0,0.0,0.0,0.0,0.0,0.0
heterogeneity_pressure_seed8_safety05_e07_t40_u0,heterogeneity_pressure,8,safety,3,0.32753559947013855,32,0.40625,0.36439127045508507,-0.3079568900919667,1.1204568900919667,1.0609374999999999,0.5226557414470258,0.03653224676382938,2.08534275323617,0.125,0.059398870413936426,0.008578213988684608,0.2414217860113154,0.0,0.07777137710478188,-0.15243189912537247,0.15243189912537247,0.15625,0.1745349523642018,-0.1858385066338355,0.4983385066338355,-0.09375,0.09374999999999999,-0.27749999999999997,0.08999999999999997,0.0,0.0,0.0,0.0,0.0,0.0,0.0,0.0
heterogeneity_pressure_seed9_resource00_e02_t04_u0,heterogeneity_pressure,9,resource,2,1.0,32,0.875,0.20453527182213543,0.47411086722861456,1.2758891327713855,2.76875,0.05113381795553386,2.6685277168071533,2.8689722831928464,1.0,0.0,1.0,1.0,0.46875,0.24173588876986143,-0.005052341988928399,0.9425523419889283,1.0625,0.338811668592145,0.3984291295593958,1.7265708704406042,0.0,0.0,0.0,0.0,0.016929930899944563,0.016929930899944563,-0.01625273366394678,0.05011259546383591,0.0,0.0,0.0,0.0
heterogeneity_pressure_seed9_resource01_e10_t04_u0,heterogeneity_pressure,9,resource,0,0.24794533848762512,32,0.84375,0.06521328221627366,0.7159319668561036,0.9715680331438964,2.7609375,0.016303320554068416,2.728982991714026,2.792892008285974,1.0,0.0,1.0,1.0,0.9375,0.0625,0.815,1.06,3.875,0.9297393842258406,2.0527108069173527,5.697289193082647,0.0,0.0,0.0,0.0,0.10612048071631489,0.042392403640932136,0.023031369580087904,0.18920959185254188,0.0,0.0,0.0,0.0
heterogeneity_pressure_seed9_resource01_e10_t04_u0,heterogeneity_pressure,9,resource,1,0.24382928013801575,32,1.0,0.0,1.0,1.0,2.8,0.0,2.8,2.8,1.0,0.0,1.0,1.0,1.0,0.0,1.0,1.0,5.125,0.8116465741259077,3.534172714713221,6.715827285286779,0.0,0.0,0.0,0.0,0.1811096526565009,0.05926316289105066,0.0649538533900416,0.29726545192296017,0.0,0.0,0.0,0.0
heterogeneity_pressure_seed9_resource01_e10_t04_u0,heterogeneity_pressure,9,resource,2,0.24753911793231964,32,1.0,0.0,1.0,1.0,2.8,0.0,2.8,2.8,1.0,0.0,1.0,1.0,1.0,0.0,1.0,1.0,5.21875,0.6549045347199652,3.935137111948868,6.502362888051132,0.0,0.0,0.0,0.0,0.13725178949244377,0.05449541405292538,0.03044077794871003,0.2440628010361775,0.0,0.0,0.0,0.0
heterogeneity_pressure_seed9_resource01_e10_t04_u0,heterogeneity_pressure,9,resource,4,0.2606862187385559,32,0.875,0.059398870413936426,0.7585782139886846,0.9914217860113154,2.76875,0.014849717603484107,2.739644553497171,2.7978554465028287,1.0,0.0,1.0,1.0,1.0,0.0,1.0,1.0,4.8125,0.642006525692892,3.554167209641932,6.070832790358068,0.0,0.0,0.0,0.0,0.0969181035222146,0.04676097126289873,0.00526659984693309,0.1885696071974961,0.0,0.0,0.0,0.0
heterogeneity_pressure_seed9_resource02_e07_t04_u0,heterogeneity_pressure,9,resource,0,0.19776612520217896,32,0.90625,0.0523514603733822,0.8036411376681709,1.008858862331829,2.7765625,0.01308786509334555,2.7509102844170426,2.802214715582957,1.0,0.0,1.0,1.0,1.0,0.0,1.0,1.0,6.21875,1.0196994882665027,4.220139002997655,8.217360997002345,-0.28125,0.17525542994671078,-0.6247506426955531,0.06225064269555314,0.2052383718683833,0.08103501148362822,0.046409749360471986,0.36406699437629464,0.09375,0.0523514603733822,-0.008858862331829115,0.19635886233182911
heterogeneity_pressure_seed9_resource02_e07_t04_u0,heterogeneity_pressure,9,resource,1,0.19668853282928467,32,0.90625,0.0523514603733822,0.8036411376681709,1.008858862331829,2.7765625,0.01308786509334555,2.7509102844170426,2.802214715582957,1.0,0.0,1.0,1.0,1.0,0.0,1.0,1.0,6.78125,0.9308060751825668,4.956870092642169,8.60562990735783,-0.21875,0.18908936592640951,-0.5893651572157627,0.15186515721576266,0.1706779646307797,0.07599417177202797,0.021729387957604873,0.3196265413039545,0.125,0.059398870413936426,0.008578213988684608,0.2414217860113154
heterogeneity_pressure_seed9_resource02_e07_t04_u0,heterogeneity_pressure,9,resource,2,0.20610737800598145,32,1.0,0.0,1.0,1.0,2.8,0.0,2.8,2.8,1.0,0.0,1.0,1.0,1.0,0.0,1.0,1.0,7.40625,1.0355178062284245,5.3766350997922885,9.435864900207712,-0.3125,0.20789604644877752,-0.7199762510396039,0.09497625103960394,0.17067796463077967,0.0663280988657788,0.04067489085385323,0.3006810384077061,0.125,0.059398870413936426,0.008578213988684608,0.2414217860113154
heterogeneity_pressure_seed9_resource02_e07_t04_u0,heterogeneity_pressure,9,resource,3,0.19623242318630219,32,0.5,0.08980265101338744,0.3239868040137606,0.6760131959862394,2.675,0.02245066275334686,2.63099670100344,2.71900329899656,1.0,0.0,1.0,1.0,1.0,0.0,1.0,1.0,6.875,0.9627644169684737,4.987981742741791,8.762018257258209,-0.625,0.3037069364137185,-1.220265595370888,-0.02973440462911181,0.2713286127691792,0.08911783858646773,0.09665764913970246,0.44599957639865595,0.15625,0.06521328221627366,0.028431966856103635,0.2840680331438964
heterogeneity_pressure_seed9_resource02_e07_t04_u0,heterogeneity_pressure,9,resource,4,0.20320552587509155,32,0.9375,0.07695699469351738,0.786664290400706,1.088335709599294,2.784375,0.019239248673379346,2.7466660726001764,2.8220839273998233,1.0,0.0,1.0,1.0,1.0,0.0,1.0,1.0,6.84375,0.9409044368447804,4.99957730378423,8.68792269621577,-0.46875,0.2578774050753324,-0.9741897139476515,0.036689713947651525,0.23164593932498134,0.0704051031977682,0.09365193705735567,0.36963994159260705,0.15625,0.06521328221627366,0.028431966856103635,0.2840680331438964
heterogeneity_pressure_seed9_resource03_e02_t02_u0,heterogeneity_pressure,9,resource,2,1.0,32,0.8125,0.2783791653077136,0.2668768359968813,1.3581231640031186,1.8937499999999998,0.12232521269668947,1.6539925831144884,2.1335074168855113,1.0,0.0,1.0,1.0,0.75,0.29784169859063525,0.16623027076235497,1.3337697292376451,1.40625,0.4874625192374182,0.4508234622946604,2.3616765377053395,0.0,0.0,0.0,0.0,0.0,0.018487316231948,-0.03623513981461808,0.03623513981461808,0.0,0.0,0.0,0.0
heterogeneity_pressure_seed9_resource04_e08_t04_u0,heterogeneity_pressure,9,resource,1,0.33733272552490234,32,1.0,0.0,1.0,1.0,2.8,0.0,2.8,2.8,1.0,0.0,1.0,1.0,1.0,0.0,1.0,1.0,4.5,0.4644629225800622,3.589652671743078,5.410347328256922,1.1875,0.23519681188864072,0.7265142486982642,1.648485751301736,0.058176650364273996,0.04052317647918138,-0.021248775534921507,0.13760207626346949,0.03125,0.03125,-0.03,0.0925
heterogeneity_pressure_seed9_resource04_e08_t04_u0,heterogeneity_pressure,9,resource,2,0.33015891909599304,32,0.5,0.08980265101338744,0.3239868040137606,0.6760131959862394,2.675,0.02245066275334686,2.63099670100344,2.71900329899656,1.0,0.0,1.0,1.0,1.0,0.0,1.0,1.0,3.53125,0.46225336710858667,2.6252334004671702,4.43726659953283,1.1875,0.40520181152669604,0.3933044494076757,1.9816955505923244,0.11341515636576845,0.05395582675623636,0.007661735923545188,0.2191685768079917,0.03125,0.03125,-0.03,0.0925
heterogeneity_pressure_seed9_resource04_e08_t04_u0,heterogeneity_pressure,9,resource,4,0.3325084149837494,32,0.96875,0.07077302144543589,0.8300348779669456,1.1074651220330543,2.7921875,0.017693255361358972,2.757508719491736,2.8268662805082636,1.0,0.0,1.0,1.0,1.0,0.0,1.0,1.0,4.84375,0.5681559286623642,3.7301643798217663,5.957335620178234,1.65625,0.463614339778643,0.7475658940338596,2.5649341059661404,0.0427201566186276,0.03252243895401191,-0.02102382373123575,0.10646413696849095,0.03125,0.03125,-0.03,0.0925
heterogeneity_pressure_seed9_resource05_e10_t02_u0,heterogeneity_pressure,9,resource,0,0.24823257327079773,32,0.40625,0.0882099653319905,0.2333584679492986,0.5791415320507014,2.6515625,0.02205249133299763,2.6083396169873243,2.6947853830126753,1.0,0.0,1.0,1.0,0.9375,0.0625,0.815,1.06,4.09375,0.7807659790954671,2.5634486809728845,5.6240513190271155,-0.5,0.2731241003528403,-1.035323236691567,0.035323236691567006,0.07029894644085176,0.02838148412061044,0.014671237564455299,0.12592665531724823,0.0,0.0,0.0,0.0
heterogeneity_pressure_seed9_resource05_e10_t02_u0,heterogeneity_pressure,9,resource,1,0.24378535151481628,32,0.875,0.059398870413936426,0.7585782139886846,0.9914217860113154,2.76875,0.014849717603484098,2.739644553497171,2.7978554465028287,1.0,0.0,1.0,1.0,1.0,0.0,1.0,1.0,4.40625,0.8434512613316405,2.7530855277899846,6.059414472210015,-0.53125,0.27673344794165633,-1.0736475579656464,0.01114755796564637,0.2087284263274432,0.07582408805756587,0.06011321373461412,0.3573436389202723,0.09375,0.0523514603733822,-0.008858862331829115,0.19635886233182911
heterogeneity_pressure_seed9_resource05_e10_t02_u0,heterogeneity_pressure,9,resource,2,0.2473243921995163,32,0.875,0.059398870413936426,0.7585782139886846,0.9914217860113154,2.76875,0.014849717603484098,2.739644553497171,2.7978554465028287,1.0,0.0,1.0,1.0,1.0,0.0,1.0,1.0,4.125,0.6502945982523067,2.850422587425479,5.399577412574521,-0.34375,0.2524451992592298,-0.8385425905480904,0.15104259054809044,0.1298340365461502,0.04723882289637358,0.037245943669257986,0.2224221294230424,0.03125,0.03125,-0.03,0.0925
heterogeneity_pressure_seed9_resource05_e10_t02_u0,heterogeneity_pressure,9,resource,4,0.2606576681137085,32,0.875,0.059398870413936426,0.7585782139886846,0.9914217860113154,2.76875,0.014849717603484098,2.739644553497171,2.7978554465028287,1.0,0.0,1.0,1.0,1.0,0.0,1.0,1.0,4.71875,0.6886674471924606,3.368961803502777,6.068538196497223,-0.21875,0.22331075104494646,-0.656439072048095,0.21893907204809504,0.0963445988816996,0.04313448703035151,0.01180100430221065,0.18088819346118856,0.03125,0.03125,-0.03,0.0925
heterogeneity_pressure_seed9_safety00_e02_t45_u2,heterogeneity_pressure,9,safety,4,1.0,32,0.0,0.0,0.0,0.0,0.0,0.0,0.0,0.0,0.0,0.0,0.0,0.0,0.0,0.0,0.0,0.0,0.0,0.0,0.0,0.0,0.0,0.0,0.0,0.0,0.0,0.0,0.0,0.0,0.0,0.0,0.0,0.0
heterogeneity_pressure_seed9_safety01_e00_t26_u2,heterogeneity_pressure,9,safety,2,0.5003175735473633,32,1.0,0.0,1.0,1.0,0.25,0.0,0.25,0.25,1.0,0.0,1.0,1.0,1.0,0.0,1.0,1.0,1.53125,0.14881504406043655,1.2395725136415443,1.8229274863584557,0.0,0.0,0.0,0.0,0.09823939804694742,0.033344624423621426,0.032883934176649435,0.16359486191724543,0.0,0.0,0.0,0.0
heterogeneity_pressure_seed9_safety01_e00_t26_u2,heterogeneity_pressure,9,safety,4,0.4996824264526367,32,1.0,0.0,1.0,1.0,0.25,0.0,0.25,0.25,0.75,0.07777137710478188,0.5975681008746275,0.9024318991253725,0.75,0.07777137710478188,0.5975681008746275,0.9024318991253725,1.1875,0.182044282985602,0.8306932053482201,1.54430679465178,0.0,0.0,0.0,0.0,0.08420519832595494,0.031482492237575,0.022499513540307936,0.14591088311160194,0.0,0.0,0.0,0.0
heterogeneity_pressure_seed9_safety02_e00_t25_u2,heterogeneity_pressure,9,safety,2,0.3328418433666229,32,1.0,0.0,1.0,1.0,0.25,0.0,0.25,0.25,1.0,0.0,1.0,1.0,1.0,0.0,1.0,1.0,3.0,0.3045356062661162,2.4031102117184124,3.5968897882815876,0.0,0.0,0.0,0.0,0.17799801512463337,0.04807517561491241,0.08377067091940504,0.2722253593298617,0.0,0.0,0.0,0.0
heterogeneity_pressure_seed9_safety02_e00_t25_u2,heterogeneity_pressure,9,safety,3,0.33472132682800293,32,1.0,0.0,1.0,1.0,0.25,0.0,0.25,0.25,1.0,0.0,1.0,1.0,1.0,0.0,1.0,1.0,2.71875,0.25094328092606,2.2269011693849223,3.2105988306150777,0.0,0.0,0.0,0.0,0.17799801512463337,0.04807517561491241,0.08377067091940504,0.2722253593298617,0.0,0.0,0.0,0.0
heterogeneity_pressure_seed9_safety02_e00_t25_u2,heterogeneity_pressure,9,safety,4,0.33243685960769653,32,1.0,0.0,1.0,1.0,0.25,0.0,0.25,0.25,1.0,0.0,1.0,1.0,1.0,0.0,1.0,1.0,2.875,0.27219981986673664,2.3414883530611963,3.4085116469388037,0.0,0.0,0.0,0.0,0.17799801512463337,0.04807517561491241,0.08377067091940504,0.2722253593298617,0.0,0.0,0.0,0.0
heterogeneity_pressure_seed9_safety03_e02_t44_u2,heterogeneity_pressure,9,safety,4,1.0,32,0.03125,0.03125,-0.03,0.0925,0.0078125,0.0078125,-0.0075,0.023125,0.0,0.0,0.0,0.0,0.0,0.0,0.0,0.0,0.0,0.0,0.0,0.0,0.0,0.0,0.0,0.0,0.0,0.0,0.0,0.0,0.0,0.0,0.0,0.0
heterogeneity_pressure_seed9_safety04_e00_t24_u2,heterogeneity_pressure,9,safety,2,0.332832396030426,32,0.96875,0.03125,0.9075,1.03,0.2421875,0.0078125,0.226875,0.2575,0.96875,0.03125,0.9075,1.03,0.96875,0.03125,0.9075,1.03,2.53125,0.2977888100705361,1.9475839322617494,3.1149160677382506,0.0,0.0,0.0,0.0,0.11437769143896534,0.03947633641763235,0.03700407206040593,0.19175131081752475,0.0,0.0,0.0,0.0
heterogeneity_pressure_seed9_safety04_e00_t24_u2,heterogeneity_pressure,9,safety,3,0.3345540463924408,32,0.96875,0.03125,0.9075,1.03,0.2421875,0.0078125,0.226875,0.2575,0.9375,0.04347552147751577,0.8522879779040691,1.022712022095931,0.9375,0.04347552147751577,0.8522879779040691,1.022712022095931,2.25,0.254000254000381,1.7521595021592533,2.747840497840747,0.0,0.0,0.0,0.0,0.10899826030829271,0.03756872462190863,0.0353635600493518,0.1826329605672336,0.0,0.0,0.0,0.0
heterogeneity_pressure_seed9_safety04_e00_t24_u2,heterogeneity_pressure,9,safety,4,0.33261358737945557,32,0.96875,0.03125,0.9075,1.03,0.2421875,0.0078125,0.226875,0.2575,0.90625,0.0523514603733822,0.8036411376681709,1.008858862331829,0.90625,0.0523514603733822,0.8036411376681709,1.008858862331829,2.15625,0.254433966178184,1.6575594262907594,2.6549405737092404,0.0,0.0,0.0,0.0,0.11437769143896534,0.03947633641763235,0.03700407206040593,0.19175131081752475,0.0,0.0,0.0,0.0
heterogeneity_pressure_seed9_safety05_e00_t23_u2,heterogeneity_pressure,9,safety,2,0.3328172564506531,32,0.90625,0.0523514603733822,0.8036411376681709,1.008858862331829,0.2265625,0.01308786509334555,0.20091028441704273,0.25221471558295727,0.90625,0.0523514603733822,0.8036411376681709,1.008858862331829,0.90625,0.0523514603733822,0.8036411376681709,1.008858862331829,2.21875,0.35279521783296103,1.5272713730473964,2.9102286269526036,0.0,0.0,0.0,0.0,0.10899826030829272,0.03756872462190863,0.035363560049351817,0.18263296056723363,0.0,0.0,0.0,0.0
heterogeneity_pressure_seed9_safety05_e00_t23_u2,heterogeneity_pressure,9,safety,3,0.3343915045261383,32,0.90625,0.0523514603733822,0.8036411376681709,1.008858862331829,0.2265625,0.01308786509334555,0.20091028441704273,0.25221471558295727,0.90625,0.0523514603733822,0.8036411376681709,1.008858862331829,0.90625,0.0523514603733822,0.8036411376681709,1.008858862331829,2.1875,0.3547986139369951,1.4920947166834897,2.8829052833165103,0.0,0.0,0.0,0.0,0.1230324600292852,0.0388545659161377,0.04687751083365531,0.19918740922491507,0.0,0.0,0.0,0.0
heterogeneity_pressure_seed9_safety05_e00_t23_u2,heterogeneity_pressure,9,safety,4,0.33279120922088623,32,0.9375,0.0625,0.815,1.06,0.234375,0.015625,0.20375,0.265,0.8125,0.0701021719786843,0.6750997429217788,0.9499002570782212,0.8125,0.0701021719786843,0.6750997429217788,0.9499002570782212,1.96875,0.34920524686133203,1.284307716151789,2.653192283848211,0.0,0.0,0.0,0.0,0.10899826030829271,0.03756872462190863,0.0353635600493518,0.1826329605672336,0.0,0.0,0.0,0.0
time_pressure_seed10_resource00_e11_t04_u1,time_pressure,10,resource,0,0.3412403166294098,32,1.0,0.0,1.0,1.0,2.0,0.0,2.0,2.0,1.0,0.0,1.0,1.0,1.0,0.0,1.0,1.0,4.0625,1.2966594020168556,1.521047572046963,6.603952427953037,1.0625,0.219684065670857,0.6319192312851203,1.4930807687148797,0.08428890292145533,0.04239139864717884,0.0012017615729847941,0.16737604426992586,0.03125,0.03125,-0.03,0.0925
time_pressure_seed10_resource00_e11_t04_u1,time_pressure,10,resource,1,0.32398098707199097,32,1.03125,0.03125,0.97,1.0925,2.015625,0.015625,1.985,2.04625,1.0,0.0,1.0,1.0,1.0,0.0,1.0,1.0,3.75,1.2491932880734438,1.3015811553760503,6.19841884462395,1.0,0.1739020859100631,0.6591519116162763,1.3408480883837237,0.11777096287438965,0.0622460058710607,-0.0042312086328893245,0.23977313438166864,0.03125,0.03125,-0.03,0.0925
time_pressure_seed10_resource00_e11_t04_u1,time_pressure,10,resource,2,0.33477869629859924,32,1.0,0.0,1.0,1.0,2.0,0.0,2.0,2.0,1.0,0.0,1.0,1.0,0.9375,0.0625,0.815,1.06,4.0,1.4177731289459856,1.2211646672658683,6.778835332734132,0.90625,0.21701500895768297,0.48090058244294137,1.3315994175570587,0.1526404546668969,0.07172310771401104,0.01206316354743528,0.2932177457863585,0.09375,0.0523514603733822,-0.008858862331829115,0.19635886233182911
time_pressure_seed10_resource01_e04_t04_u1,time_pressure,10,resource,0,0.3319377899169922,32,1.09375,0.0689695906576505,0.9585696023110051,1.228930397688995,2.046875,0.03448479532882525,1.9792848011555024,2.1144651988444974,1.0,0.0,1.0,1.0,0.96875,0.07077302144543589,0.8300348779669456,1.1074651220330543,3.96875,1.4202484271274742,1.1850630828301507,6.752436917169849,0.0,0.0,0.0,0.0,0.1949397607003671,0.07661166317383945,0.04478090087964176,0.3450986205210924,0.0,0.0,0.0,0.0
time_pressure_seed10_resource01_e04_t04_u1,time_pressure,10,resource,1,0.34769532084465027,32,1.0,0.0,1.0,1.0,2.0,0.0,2.0,2.0,1.0,0.0,1.0,1.0,1.03125,0.03125,0.97,1.0925,4.3125,1.430822499191828,1.5080879015840174,7.116912098415982,0.0,0.0,0.0,0.0,0.1949397607003671,0.07661166317383945,0.04478090087964176,0.3450986205210924,0.0,0.0,0.0,0.0
time_pressure_seed10_resource01_e04_t04_u1,time_pressure,10,resource,3,0.32036685943603516,32,1.0,0.04490132550669372,0.9119934020068803,1.0880065979931197,2.0,0.02245066275334686,1.9559967010034403,2.04400329899656,1.0,0.0,1.0,1.0,0.96875,0.03125,0.9075,1.03,3.34375,1.5693699777350554,0.26778484363929156,6.419715156360708,0.0,0.0,0.0,0.0,0.222226287155668,0.07918791195486326,0.067017979724136,0.37743459458719997,0.0,0.0,0.0,0.0
time_pressure_seed10_resource02_e01_t04_u1,time_pressure,10,resource,1,1.0,32,1.0625,0.14154604289087178,0.7850697559338913,1.3399302440661087,2.03125,0.07077302144543589,1.8925348779669457,2.1699651220330543,1.0,0.0,1.0,1.0,0.8125,0.13042656443254733,0.5568639337122072,1.0681360662877928,4.25,0.5293788203960099,3.2124175120238205,5.287582487976179,0.4375,0.413817543945903,-0.37358238613396977,1.2485823861339698,0.08383367815645056,0.046922666014930094,-0.00813474723281242,0.17580210354571352,0.03125,0.03125,-0.03,0.0925
time_pressure_seed10_resource03_e04_t04_u0,time_pressure,10,resource,0,0.24352478981018066,32,0.9375,0.04347552147751577,0.8522879779040691,1.022712022095931,1.96875,0.021737760738757887,1.9261439889520346,2.0113560110479654,1.0,0.0,1.0,1.0,0.96875,0.03125,0.9075,1.03,5.53125,1.5670397759068506,2.459852039222573,8.602647960777427,0.0,0.0,0.0,0.0,0.14643005848815832,0.0626108717821584,0.023712749795127844,0.2691473671811888,0.0,0.0,0.0,0.0
time_pressure_seed10_resource03_e04_t04_u0,time_pressure,10,resource,1,0.2570914626121521,32,0.9375,0.04347552147751577,0.8522879779040691,1.022712022095931,1.96875,0.021737760738757887,1.9261439889520346,2.0113560110479654,1.0,0.0,1.0,1.0,0.96875,0.03125,0.9075,1.03,5.375,1.427516171311148,2.57706830423015,8.17293169576985,0.0,0.0,0.0,0.0,0.12533348153372145,0.06037916265386454,0.006990322732146961,0.24367664033529596,0.0,0.0,0.0,0.0
time_pressure_seed10_resource03_e04_t04_u0,time_pressure,10,resource,2,0.2646869421005249,32,1.03125,0.07077302144543589,0.8925348779669456,1.1699651220330543,2.015625,0.035386510722717944,1.9462674389834729,2.084982561016527,1.0,0.0,1.0,1.0,0.90625,0.0689695906576505,0.7710696023110051,1.041430397688995,5.625,1.2530205440737863,3.169079733615379,8.08092026638462,0.0,0.0,0.0,0.0,0.0903037259675085,0.04232339749938189,0.007349866868720009,0.17325758506629702,0.0,0.0,0.0,0.0
time_pressure_seed10_resource03_e04_t04_u0,time_pressure,10,resource,3,0.23469677567481995,32,0.9375,0.04347552147751577,0.8522879779040691,1.022712022095931,1.96875,0.021737760738757887,1.9261439889520346,2.0113560110479654,1.0,0.0,1.0,1.0,0.96875,0.03125,0.9075,1.03,5.28125,1.4516636555867937,2.4359892350498846,8.126510764950115,0.0,0.0,0.0,0.0,0.14643005848815832,0.0626108717821584,0.023712749795127844,0.2691473671811888,0.0,0.0,0.0,0.0
time_pressure_seed10_resource04_e01_t04_u0,time_pressure,10,resource,0,0.5217978954315186,32,0.90625,0.19756264318911854,0.5190272193493277,1.2934727806506723,1.953125,0.09878132159455927,1.7595136096746637,2.1467363903253363,1.0,0.0,1.0,1.0,0.875,0.08695104295503155,0.7045759558081381,1.0454240441918619,3.59375,0.45538749672934514,2.7011905064104837,4.486309493589516,0.65625,0.30981711241498794,0.049008459666623705,1.2634915403333764,0.17099111659095728,0.07352565121758378,0.02688084020449308,0.31510139297742146,0.03125,0.03125,-0.03,0.0925
time_pressure_seed10_resource04_e01_t04_u0,time_pressure,10,resource,1,0.47820207476615906,32,1.0,0.19572034031470317,0.6163881329831817,1.3836118670168183,2.0,0.09786017015735159,1.808194066491591,2.1918059335084092,1.0,0.0,1.0,1.0,1.0,0.0,1.0,1.0,4.3125,0.7091531467065988,2.9225598324550663,5.702440167544934,0.375,0.4974734552814626,-0.6000479723516666,1.3500479723516667,0.10869081141130302,0.05484322805990228,0.0011980844138945596,0.21618353840871146,0.0625,0.04347552147751577,-0.022712022095930914,0.14771202209593093
time_pressure_seed10_resource05_e09_t04_u1,time_pressure,10,resource,4,1.0,32,0.78125,0.19946690545292906,0.39029486531225904,1.172205134687741,1.890625,0.09973345272646453,1.6951474326561295,2.0861025673438705,1.0,0.0,1.0,1.0,0.5,0.20576372293827536,0.09670310304098029,0.9032968969590197,2.40625,0.7684024260154645,0.9001812450096895,3.9123187549903102,2.8125,0.4927651979620523,1.8466802119943775,3.7783197880056223,0.2314661223457882,0.07216681382646979,0.09001916724590742,0.372913077445669,0.15625,0.06521328221627366,0.028431966856103635,0.2840680331438964
time_pressure_seed10_safety00_e09_t24_u2,time_pressure,10,safety,1,1.0,32,0.09375,0.0523514603733822,-0.008858862331829115,0.19635886233182911,0.046875,0.0261757301866911,-0.004429431165914557,0.09817943116591456,0.0,0.0,0.0,0.0,0.0,0.0,0.0,0.0,0.0,0.0,0.0,0.0,0.0,0.0,0.0,0.0,0.0,0.0,0.0,0.0,0.0,0.0,0.0,0.0
time_pressure_seed10_safety01_e04_t16_u2,time_pressure,10,safety,0,0.507936954498291,32,1.0,0.0,1.0,1.0,0.5,0.0,0.5,0.5,1.0,0.0,1.0,1.0,1.0,0.0,1.0,1.0,3.34375,0.36646022261367533,2.6254879636771964,4.062012036322804,0.0,0.0,0.0,0.0,0.02042454509520787,0.020424545095207868,-0.019607563291399552,0.060456653481815295,0.0,0.0,0.0,0.0
time_pressure_seed10_safety01_e04_t16_u2,time_pressure,10,safety,3,0.49206307530403137,32,1.0,0.0,1.0,1.0,0.5,0.0,0.5,0.5,1.0,0.0,1.0,1.0,1.0,0.0,1.0,1.0,3.1875,0.29593175706353253,2.607473756155476,3.767526243844524,0.0,0.0,0.0,0.0,0.10228412446111065,0.048978065444053684,0.0062871161907654405,0.19828113273145587,0.0,0.0,0.0,0.0
time_pressure_seed10_safety02_e09_t23_u2,time_pressure,10,safety,1,1.0,32,0.21875,0.1075232064224037,0.008004515412088742,0.42949548458791126,0.109375,0.05376160321120185,0.004002257706044371,0.21474774229395563,0.0,0.0,0.0,0.0,0.0,0.0,0.0,0.0,0.0,0.0,0.0,0.0,0.0,0.0,0.0,0.0,0.0,0.0,0.0,0.0,0.0,0.0,0.0,0.0
time_pressure_seed10_safety03_e09_t22_u2,time_pressure,10,safety,1,1.0,32,0.09375,0.0689695906576505,-0.04143039768899498,0.22893039768899498,0.046875,0.03448479532882525,-0.02071519884449749,0.11446519884449749,0.0,0.0,0.0,0.0,0.0,0.0,0.0,0.0,0.0,0.0,0.0,0.0,0.0,0.0,0.0,0.0,0.0,0.0,0.0,0.0,0.0,0.0,0.0,0.0
time_pressure_seed10_safety04_e04_t15_u2,time_pressure,10,safety,0,0.5083814859390259,32,1.0,0.0,1.0,1.0,0.5,0.0,0.5,0.5,1.0,0.0,1.0,1.0,1.0,0.0,1.0,1.0,2.46875,0.31425916146473143,1.8528020435291264,3.0846979564708734,0.0,0.0,0.0,0.0,0.07854763944738359,0.039277142200088,0.0015644407352111006,0.1555308381595561,0.0,0.0,0.0,0.0
time_pressure_seed10_safety04_e04_t15_u2,time_pressure,10,safety,3,0.49161845445632935,32,1.0,0.0,1.0,1.0,0.5,0.0,0.5,0.5,1.0,0.0,1.0,1.0,1.0,0.0,1.0,1.0,2.5,0.3110855084191275,1.8902724034985101,3.10972759650149,0.0,0.0,0.0,0.0,0.10228412446111065,0.048978065444053684,0.0062871161907654405,0.19828113273145587,0.0,0.0,0.0,0.0
time_pressure_seed10_safety05_e03_t12_u2,time_pressure,10,safety,0,0.49973562359809875,32,1.0,0.0,1.0,1.0,0.5,0.0,0.5,0.5,1.0,0.0,1.0,1.0,1.0,0.0,1.0,1.0,3.96875,0.6015510446123367,2.78970995255982,5.14779004744018,1.8125,0.19796087508524537,1.424496684832919,2.2005033151670808,0.06794512669419558,0.03971788468886325,-0.009901927295976387,0.14579218068436756,0.03125,0.03125,-0.03,0.0925
time_pressure_seed10_safety05_e03_t12_u2,time_pressure,10,safety,2,0.5002644062042236,32,1.0,0.0,1.0,1.0,0.5,0.0,0.5,0.5,1.0,0.0,1.0,1.0,1.0,0.0,1.0,1.0,3.8125,0.606479628942787,2.6237999272721373,5.001200072727863,1.59375,0.21467987701872335,1.1729774410433023,2.0145225589566977,0.08859970523959503,0.04374450212026965,0.002860481083866509,0.17433892939532353,0.03125,0.03125,-0.03,0.0925
time_pressure_seed8_resource00_e08_t04_u0,time_pressure,8,resource,0,0.2426239550113678,32,1.0625,0.07695699469351738,0.911664290400706,1.213335709599294,2.03125,0.03847849734675869,1.9558321452003529,2.106667854799647,1.0,0.0,1.0,1.0,0.9375,0.0625,0.815,1.06,5.09375,1.0330812187023262,3.0689108113434407,7.118589188656559,-0.40625,0.7565032234010168,-1.888996317865993,1.076496317865993,0.11570975233228138,0.06909146987863575,-0.019709528629844694,0.25112903329440744,0.125,0.07446042464765881,-0.020942432309411257,0.2709424323094113
time_pressure_seed8_resource00_e08_t04_u0,time_pressure,8,resource,1,0.24366234242916107,32,1.0,0.04490132550669372,0.9119934020068803,1.0880065979931197,2.0,0.02245066275334686,1.9559967010034403,2.04400329899656,1.0,0.0,1.0,1.0,1.0,0.0,1.0,1.0,6.21875,0.6249747978789792,4.9937993961572005,7.4437006038427995,0.34375,0.45704471220178544,-0.5520576359154995,1.2395576359154994,0.04912813465544477,0.03420667146621477,-0.017916941418336177,0.11617321072922572,0.03125,0.03125,-0.03,0.0925
time_pressure_seed8_resource00_e08_t04_u0,time_pressure,8,resource,2,0.25711819529533386,32,1.0625,0.09977292767466629,0.8669450617576541,1.258054938242346,2.03125,0.049886463837333146,1.933472530878827,2.129027469121173,1.0,0.0,1.0,1.0,1.0,0.0,1.0,1.0,6.5625,0.5801444133339393,5.425416949865479,7.699583050134521,0.625,0.2866308742346437,0.06320348650009844,1.1867965134999015,0.02560527557922183,0.02560527557922183,-0.024581064556052957,0.07579161571449662,0.03125,0.03125,-0.03,0.0925
time_pressure_seed8_resource00_e08_t04_u0,time_pressure,8,resource,4,0.25659552216529846,32,0.65625,0.08530513305661301,0.4890519392090385,0.8234480607909616,1.828125,0.042652566528306506,1.7445259696045192,1.9117240303954808,1.0,0.0,1.0,1.0,1.0,0.0,1.0,1.0,6.46875,0.5836902469936291,5.324717115892486,7.612782884107514,0.53125,0.37830366013851036,-0.21022517387148032,1.2727251738714802,0.02560527557922183,0.02560527557922183,-0.024581064556052957,0.07579161571449662,0.03125,0.03125,-0.03,0.0925
time_pressure_seed8_resource01_e06_t04_u1,time_pressure,8,resource,3,1.0,32,0.90625,0.09374999999999999,0.7225,1.0899999999999999,1.953125,0.04687499999999999,1.86125,2.045,1.0,0.0,1.0,1.0,0.90625,0.0689695906576505,0.7710696023110051,1.041430397688995,4.3125,1.151294415275763,2.0559629460595046,6.569037053940495,0.96875,0.7260759188400031,-0.4543588009264061,2.391858800926406,0.04647512356456496,0.0324372220272548,-0.01710183160885445,0.11005207873798437,0.03125,0.03125,-0.03,0.0925
time_pressure_seed8_resource02_e06_t04_u0,time_pressure,8,resource,0,0.5055991411209106,32,0.9375,0.14154604289087178,0.6600697559338913,1.2149302440661087,1.96875,0.07077302144543589,1.8300348779669457,2.1074651220330543,1.0,0.0,1.0,1.0,0.90625,0.0689695906576505,0.7710696023110051,1.041430397688995,1.625,0.857544788635631,-0.05578778572583665,3.305787785725837,1.0,0.38625580692993694,0.24293861841732356,1.7570613815826763,0.04428922524560462,0.024731793284406063,-0.0041850895918312606,0.0927635400830405,0.0,0.0,0.0,0.0
time_pressure_seed8_resource02_e06_t04_u0,time_pressure,8,resource,3,0.49440085887908936,32,1.3125,0.22196655880065908,0.8774455447507082,1.7475544552492916,2.15625,0.11098327940032954,1.9387227723753542,2.373777227624646,1.0,0.0,1.0,1.0,0.84375,0.091022141492801,0.66534660267411,1.0221533973258898,1.75,0.6970560212595495,0.3837701983312831,3.116229801668717,0.75,0.5425447803727148,-0.31338776953052094,1.813387769530521,0.014763075081868207,0.025843884069620432,-0.035890937694587836,0.06541708785832426,0.0,0.0,0.0,0.0
time_pressure_seed8_resource03_e09_t04_u1,time_pressure,8,resource,0,0.5025857090950012,32,1.125,0.13281991203226293,0.8646729724167647,1.3853270275832354,2.0625,0.06640995601613146,1.9323364862083823,2.1926635137916177,1.0,0.0,1.0,1.0,0.9375,0.04347552147751577,0.8522879779040691,1.022712022095931,4.96875,0.983210236394848,3.0416579366660983,6.895842063333902,1.96875,0.4247493924315463,1.1362411908341694,2.8012588091658306,0.13109411523423126,0.04982613242435092,0.03343489568250346,0.22875333478595905,0.09375,0.0523514603733822,-0.008858862331829115,0.19635886233182911
time_pressure_seed8_resource03_e09_t04_u1,time_pressure,8,resource,1,0.4974142909049988,32,0.90625,0.0523514603733822,0.8036411376681709,1.008858862331829,1.953125,0.0261757301866911,1.9018205688340855,2.0044294311659145,1.0,0.0,1.0,1.0,0.9375,0.04347552147751577,0.8522879779040691,1.022712022095931,5.25,0.953558699581933,3.3810249488194115,7.1189750511805885,1.65625,0.42504595339798257,0.8231599313399541,2.489340068660046,0.13109411523423126,0.04982613242435092,0.03343489568250346,0.22875333478595905,0.09375,0.0523514603733822,-0.008858862331829115,0.19635886233182911
time_pressure_seed8_resource04_e09_t04_u0,time_pressure,8,resource,0,0.32655763626098633,32,1.03125,0.12283918644230127,0.7904851945730895,1.2720148054269105,2.015625,0.061419593221150634,1.8952425972865448,2.1360074027134552,1.0,0.0,1.0,1.0,0.96875,0.03125,0.9075,1.03,3.5,0.9234839363222087,1.689971484808471,5.310028515191529,2.09375,0.30900260660243106,1.4881048910592352,2.699395108940765,0.14155371086398555,0.04895746671750761,0.045597076097670636,0.23751034563030046,0.0625,0.04347552147751577,-0.022712022095930914,0.14771202209593093
time_pressure_seed8_resource04_e09_t04_u0,time_pressure,8,resource,1,0.3226534426212311,32,0.78125,0.14009195568763788,0.5066697668522298,1.0558302331477702,1.890625,0.07004597784381894,1.7533348834261149,2.027915116573885,1.0,0.0,1.0,1.0,0.875,0.125,0.63,1.12,1.90625,1.275829406857839,-0.5943756374413645,4.406875637441365,1.875,0.26085312886509465,1.3637278674244144,2.3862721325755856,0.20384965072598757,0.05496644160792999,0.0961154251744448,0.31158387627753037,0.0625,0.04347552147751577,-0.022712022095930914,0.14771202209593093
time_pressure_seed8_resource04_e09_t04_u0,time_pressure,8,resource,2,0.3507889211177826,32,0.8125,0.1450632509431439,0.5281760281514379,1.0968239718485622,1.90625,0.07253162547157195,1.764088014075719,2.048411985924281,1.0,0.0,1.0,1.0,0.8125,0.137939181315301,0.54213920462201,1.0828607953779898,2.5,1.1500350625790894,0.24593127734498488,4.754068722655015,1.96875,0.2674716407939957,1.4445055840437684,2.4929944159562316,0.1933900550962333,0.05611735662416844,0.08340003611286316,0.30338007407960343,0.09375,0.0523514603733822,-0.008858862331829115,0.19635886233182911
time_pressure_seed8_resource05_e07_t04_u0,time_pressure,8,resource,1,0.33661022782325745,32,0.9375,0.04347552147751577,0.8522879779040691,1.022712022095931,1.96875,0.021737760738757887,1.9261439889520346,2.0113560110479654,1.0,0.0,1.0,1.0,1.0,0.0,1.0,1.0,4.53125,0.963009788539338,2.6437508144628974,6.418749185537102,-0.28125,0.6494948021222886,-1.5542598121596856,0.9917598121596856,0.03922584039332089,0.027285821863894853,-0.014254370459913027,0.0927060512465548,0.0625,0.04347552147751577,-0.022712022095930914,0.14771202209593093
time_pressure_seed8_resource05_e07_t04_u0,time_pressure,8,resource,2,0.33152538537979126,32,0.9375,0.04347552147751577,0.8522879779040691,1.022712022095931,1.96875,0.021737760738757887,1.9261439889520346,2.0113560110479654,1.0,0.0,1.0,1.0,1.0,0.0,1.0,1.0,3.71875,0.8318682517721491,2.088288226526588,5.349211773473412,-0.28125,0.657209360208116,-1.5693803460079074,1.0068803460079074,0.08754424042164444,0.05437742648453194,-0.01903551548803817,0.19412399633132704,0.09375,0.0523514603733822,-0.008858862331829115,0.19635886233182911
time_pressure_seed8_resource05_e07_t04_u0,time_pressure,8,resource,3,0.3318643569946289,32,1.0,0.0,1.0,1.0,2.0,0.0,2.0,2.0,1.0,0.0,1.0,1.0,1.0,0.0,1.0,1.0,3.71875,1.2033508114441214,1.3601824095695223,6.077317590430478,-1.09375,0.9347237117665891,-2.9258084750625146,0.7383084750625146,0.10772234626726845,0.056808530805268126,-0.003622374111057064,0.21906706664559397,0.15625,0.06521328221627366,0.028431966856103635,0.2840680331438964
time_pressure_seed8_safety00_e06_t29_u2,time_pressure,8,safety,4,1.0,32,0.0,0.0,0.0,0.0,0.0,0.0,0.0,0.0,0.0,0.0,0.0,0.0,0.0,0.0,0.0,0.0,0.0,0.0,0.0,0.0,0.0,0.0,0.0,0.0,0.0,0.0,0.0,0.0,0.0,0.0,0.0,0.0
time_pressure_seed8_safety01_e01_t23_u2,time_pressure,8,safety,3,1.0,32,0.0,0.0,0.0,0.0,0.0,0.0,0.0,0.0,0.0,0.0,0.0,0.0,0.0,0.0,0.0,0.0,0.0,0.0,0.0,0.0,0.0,0.0,0.0,0.0,0.0,0.0,0.0,0.0,0.0,0.0,0.0,0.0
time_pressure_seed8_safety02_e01_t21_u2,time_pressure,8,safety,3,0.4997101128101349,32,0.15625,0.07917639300749572,0.0010642697053083738,0.3114357302946916,0.078125,0.03958819650374786,0.0005321348526541869,0.1557178651473458,0.0,0.0,0.0,0.0,0.0,0.0,0.0,0.0,0.0,0.0,0.0,0.0,0.0,0.0,0.0,0.0,0.0,0.0,0.0,0.0,0.0,0.0,0.0,0.0
time_pressure_seed8_safety02_e01_t21_u2,time_pressure,8,safety,4,0.5002899169921875,32,0.0,0.0,0.0,0.0,0.0,0.0,0.0,0.0,0.0,0.0,0.0,0.0,0.0,0.0,0.0,0.0,0.0,0.0,0.0,0.0,0.0,0.0,0.0,0.0,0.0,0.0,0.0,0.0,0.0,0.0,0.0,0.0
time_pressure_seed8_safety03_e06_t28_u2,time_pressure,8,safety,4,1.0,32,0.125,0.059398870413936426,0.008578213988684608,0.2414217860113154,0.0625,0.029699435206968213,0.004289106994342304,0.1207108930056577,0.0,0.0,0.0,0.0,0.0,0.0,0.0,0.0,0.0,0.0,0.0,0.0,0.0,0.0,0.0,0.0,0.0,0.0,0.0,0.0,0.0,0.0,0.0,0.0
time_pressure_seed8_safety04_e01_t20_u2,time_pressure,8,safety,3,0.4997093379497528,32,0.09375,0.0689695906576505,-0.04143039768899498,0.22893039768899498,0.046875,0.03448479532882525,-0.02071519884449749,0.11446519884449749,0.0,0.0,0.0,0.0,0.0,0.0,0.0,0.0,0.0,0.0,0.0,0.0,0.0,0.0,0.0,0.0,0.0,0.0,0.0,0.0,0.0,0.0,0.0,0.0
time_pressure_seed8_safety04_e01_t20_u2,time_pressure,8,safety,4,0.5002906322479248,32,0.0,0.0,0.0,0.0,0.0,0.0,0.0,0.0,0.0,0.0,0.0,0.0,0.0,0.0,0.0,0.0,0.0,0.0,0.0,0.0,0.0,0.0,0.0,0.0,0.0,0.0,0.0,0.0,0.0,0.0,0.0,0.0
time_pressure_seed8_safety05_e01_t22_u2,time_pressure,8,safety,3,1.0,32,0.09375,0.0523514603733822,-0.008858862331829115,0.19635886233182911,0.046875,0.0261757301866911,-0.004429431165914557,0.09817943116591456,0.0,0.0,0.0,0.0,0.0,0.0,0.0,0.0,0.0,0.0,0.0,0.0,0.0,0.0,0.0,0.0,0.0,0.0,0.0,0.0,0.0,0.0,0.0,0.0
time_pressure_seed9_resource00_e05_t04_u0,time_pressure,9,resource,0,1.0,32,1.65625,0.3318125168991787,1.00589746687761,2.30660253312239,2.328125,0.16590625844958934,2.0029487334388048,2.6533012665611952,1.0,0.0,1.0,1.0,0.8125,0.0701021719786843,0.6750997429217788,0.9499002570782212,2.28125,0.20197799604683866,1.8853731277481962,2.6771268722518036,0.0,0.0,0.0,0.0,0.0,0.0,0.0,0.0,0.0,0.0,0.0,0.0
time_pressure_seed9_resource01_e02_t04_u1,time_pressure,9,resource,1,0.3316502869129181,32,1.0,0.0,1.0,1.0,2.0,0.0,2.0,2.0,1.0,0.0,1.0,1.0,1.0,0.0,1.0,1.0,2.28125,0.9798724149585873,0.36070006668116883,4.201799933318831,-1.875,0.6686378787529358,-3.185530242355754,-0.5644697576442459,0.3471376962793567,0.1169539368344221,0.11790798008388939,0.576367412474824,0.28125,0.10272864937896246,0.07990184721723356,0.4825981527827664
time_pressure_seed9_resource01_e02_t04_u1,time_pressure,9,resource,2,0.3356255888938904,32,1.0,0.0,1.0,1.0,2.0,0.0,2.0,2.0,1.0,0.0,1.0,1.0,1.0,0.0,1.0,1.0,2.0,0.9450635752637611,0.1476753924830283,3.8523246075169717,-2.59375,0.695404522272306,-3.9567428636537194,-1.2307571363462804,0.403349238922689,0.12909659160668746,0.15031991937358158,0.6563785584717964,0.375,0.11665706565717282,0.14635215131194126,0.6036478486880588
time_pressure_seed9_resource01_e02_t04_u1,time_pressure,9,resource,4,0.33272409439086914,32,1.0,0.0,1.0,1.0,2.0,0.0,2.0,2.0,1.0,0.0,1.0,1.0,0.90625,0.0689695906576505,0.7710696023110051,1.041430397688995,2.90625,0.8699269701921776,1.201193138423332,4.611306861576668,-1.34375,0.5324346374393398,-2.387321889381106,-0.3001781106188939,0.3003046119799059,0.11222882684102868,0.08033611137148966,0.5202731125883221,0.21875,0.09769908334829336,0.027259796637345013,0.410240203362655
time_pressure_seed9_resource02_e10_t04_u0,time_pressure,9,resource,0,0.2380697876214981,32,1.0,0.0,1.0,1.0,2.0,0.0,2.0,2.0,1.0,0.0,1.0,1.0,1.0,0.0,1.0,1.0,3.65625,1.3263834644468637,1.0565384096841473,6.255961590315852,-1.3125,0.6830870097602689,-2.651350539130127,0.026350539130127082,0.11900903098270303,0.07298191907171239,-0.024035530397853264,0.2620535923632593,0.09375,0.0523514603733822,-0.008858862331829115,0.19635886233182911
time_pressure_seed9_resource02_e10_t04_u0,time_pressure,9,resource,2,0.25148341059684753,32,0.90625,0.0523514603733822,0.8036411376681709,1.008858862331829,1.953125,0.0261757301866911,1.9018205688340855,2.0044294311659145,1.0,0.0,1.0,1.0,1.0,0.0,1.0,1.0,3.0625,1.3409925759338406,0.4341545511696725,5.690845448830327,-1.75,0.7240121189504335,-3.16906375314285,-0.3309362468571504,0.1878821890628531,0.08428950768604541,0.022674753998204067,0.3530896241275021,0.15625,0.06521328221627366,0.028431966856103635,0.2840680331438964
time_pressure_seed9_resource02_e10_t04_u0,time_pressure,9,resource,3,0.2649818956851959,32,0.9375,0.0625,0.815,1.06,1.96875,0.03125,1.9075,2.03,1.0,0.0,1.0,1.0,1.0,0.0,1.0,1.0,3.5,1.1955900149595462,1.1566435706792895,5.8433564293207105,-1.53125,0.7281555008840775,-2.958434781732792,-0.10406521826720794,0.13294035969840431,0.06695144710724517,0.0017155233682037974,0.26416519602860483,0.125,0.059398870413936426,0.008578213988684608,0.2414217860113154
time_pressure_seed9_resource02_e10_t04_u0,time_pressure,9,resource,4,0.24546490609645844,32,1.0,0.0,1.0,1.0,2.0,0.0,2.0,2.0,1.0,0.0,1.0,1.0,1.0,0.0,1.0,1.0,3.03125,1.3406519049484602,0.40357226630101817,5.658927733698982,-1.625,0.7222696083158796,-3.040648432299124,-0.20935156770087593,0.1878821890628531,0.08428950768604541,0.022674753998204067,0.3530896241275021,0.15625,0.06521328221627366,0.028431966856103635,0.2840680331438964
time_pressure_seed9_resource03_e06_t04_u1,time_pressure,9,resource,0,0.32837823033332825,32,0.8125,0.11392467092408602,0.5892076449887914,1.0357923550112087,1.90625,0.05696233546204301,1.7946038224943957,2.0178961775056043,1.0,0.0,1.0,1.0,0.90625,0.0689695906576505,0.7710696023110051,1.041430397688995,5.15625,1.3145505295568003,2.5797309620686715,7.7327690379313285,2.3125,0.3343189393764679,1.657234878822123,2.967765121177877,0.11595294205329751,0.06830729712408914,-0.01792936030991721,0.24983524441651223,0.0625,0.04347552147751577,-0.022712022095930914,0.14771202209593093
time_pressure_seed9_resource03_e06_t04_u1,time_pressure,9,resource,3,0.3386744260787964,32,0.84375,0.11972225080873512,0.6090943884148792,1.0784056115851208,1.921875,0.05986112540436756,1.8045471942074396,2.03920280579256,1.0,0.0,1.0,1.0,0.96875,0.03125,0.9075,1.03,5.0,1.4611915155657351,2.1360646294911594,7.863935370508841,2.0625,0.3108829128206807,1.4531694908714659,2.671830509128534,0.12078577463199619,0.062179608189084246,-0.0010862574186089324,0.2426578066826013,0.03125,0.03125,-0.03,0.0925
time_pressure_seed9_resource03_e06_t04_u1,time_pressure,9,resource,4,0.332947313785553,32,1.0625,0.14849717603484108,0.7714455349717115,1.3535544650282885,2.03125,0.07424858801742054,1.8857227674858557,2.1767772325141443,1.0,0.0,1.0,1.0,0.9375,0.04347552147751577,0.8522879779040691,1.022712022095931,5.21875,1.2666109013439073,2.736192633365942,7.701307366634058,2.09375,0.3024075938573313,1.5010311160396306,2.6864688839603694,0.058109268647125546,0.03473970101035097,-0.009980545333162345,0.12619908262741344,0.0,0.0,0.0,0.0
time_pressure_seed9_resource04_e04_t04_u0,time_pressure,9,resource,1,0.3326144814491272,32,0.8125,0.1645956678377889,0.48989249103793375,1.1351075089620664,1.90625,0.08229783391889445,1.7449462455189668,2.067553754481033,1.0,0.0,1.0,1.0,0.6875,0.15835278601499145,0.37712853941061675,0.9978714605893833,4.125,1.2808688457449497,1.6144970623398986,6.635502937660101,1.15625,0.8083602665671513,-0.4281361224716165,2.7406361224716163,0.11460262021831566,0.04996089511681024,0.016679265789367584,0.21252597464726375,0.0,0.04490132550669372,-0.08800659799311969,0.08800659799311969
time_pressure_seed9_resource04_e04_t04_u0,time_pressure,9,resource,2,0.3221287131309509,32,0.78125,0.15381161891386236,0.4797792269288298,1.0827207730711703,1.890625,0.07690580945693118,1.7398896134644148,2.041360386535585,1.0,0.0,1.0,1.0,0.6875,0.15835278601499145,0.37712853941061675,0.9978714605893833,4.15625,1.2842951617521572,1.639031482965772,6.6734685170342285,1.15625,0.8083602665671513,-0.4281361224716165,2.7406361224716163,0.11460262021831566,0.04996089511681024,0.016679265789367584,0.21252597464726375,0.0,0.04490132550669372,-0.08800659799311969,0.08800659799311969
time_pressure_seed9_resource04_e04_t04_u0,time_pressure,9,resource,3,0.3452567756175995,32,1.0,0.16800537625806175,0.6707094625341989,1.329290537465801,2.0,0.08400268812903088,1.8353547312670995,2.1646452687329005,1.0,0.0,1.0,1.0,0.75,0.14892084929531763,0.4581151353811775,1.0418848646188226,4.125,1.108753659484087,1.9518428274111894,6.298157172588811,1.21875,0.6502703764589003,-0.05577993785944457,2.4932799378594446,0.06850586498595804,0.04073647938436459,-0.011337634607396549,0.14834936457931264,-0.03125,0.03125,-0.0925,0.03
time_pressure_seed9_resource05_e11_t04_u0,time_pressure,9,resource,0,0.3262713849544525,32,0.53125,0.11866507999271486,0.2986664432142789,0.7638335567857211,1.765625,0.05933253999635743,1.6493332216071395,1.8819167783928605,1.0,0.0,1.0,1.0,0.9375,0.04347552147751577,0.8522879779040691,1.022712022095931,5.78125,0.9253752235906706,3.9675145617622856,7.594985438237714,1.875,0.6409261192388562,0.6187848062918417,3.131215193708158,0.20382196436680988,0.07846567528410761,0.050029240809958964,0.3576146879236608,0.15625,0.07917639300749572,0.0010642697053083738,0.3114357302946916
time_pressure_seed9_resource05_e11_t04_u0,time_pressure,9,resource,2,0.3357829451560974,32,0.9375,0.07695699469351738,0.786664290400706,1.088335709599294,1.96875,0.03847849734675869,1.8933321452003529,2.044167854799647,1.0,0.0,1.0,1.0,0.78125,0.11652196767825757,0.5528669433506151,1.0096330566493847,4.78125,1.1945224236340295,2.439986049677302,7.122513950322698,1.65625,0.8828671389742881,-0.07416959238960463,3.3866695923896044,0.21739373938095063,0.08508772750726816,0.050621793466705034,0.38416568529519624,0.1875,0.09458632343338629,0.0021108060705628817,0.3728891939294371
time_pressure_seed9_resource05_e11_t04_u0,time_pressure,9,resource,3,0.3379456400871277,32,0.96875,0.03125,0.9075,1.03,1.984375,0.015625,1.95375,2.015,1.0,0.0,1.0,1.0,0.96875,0.03125,0.9075,1.03,5.40625,1.037462956004042,3.3728226062320776,7.439677393767923,1.96875,0.629394830629058,0.7351361319670464,3.2023638680329536,0.17769365577669521,0.06997161454394943,0.040549291270554344,0.3148380202828361,0.125,0.07446042464765881,-0.020942432309411257,0.2709424323094113
time_pressure_seed9_safety00_e01_t30_u2,time_pressure,9,safety,3,1.0,32,1.0,0.0,1.0,1.0,0.5,0.0,0.5,0.5,0.90625,0.0523514603733822,0.8036411376681709,1.008858862331829,0.90625,0.0523514603733822,0.8036411376681709,1.008858862331829,1.21875,0.11652196767825757,0.9903669433506151,1.4471330566493847,1.21875,0.11652196767825757,0.9903669433506151,1.4471330566493847,0.15838875199227706,0.05376064545493931,0.053017886900596015,0.2637596170839581,0.21875,0.07424858801742054,0.07322276748585574,0.36427723251414423
time_pressure_seed9_safety01_e01_t29_u2,time_pressure,9,safety,3,1.0,32,0.71875,0.08075219711382271,0.5604756936569075,0.8770243063430925,0.359375,0.040376098556911356,0.28023784682845376,0.43851215317154624,0.6875,0.08324928557283298,0.5243314002772473,0.8506685997227527,0.6875,0.08324928557283298,0.5243314002772473,0.8506685997227527,1.3125,0.15835278601499145,1.0021285394106167,1.6228714605893833,1.3125,0.15835278601499145,1.0021285394106167,1.6228714605893833,0.11313482285162647,0.04721851603911196,0.020586531414967038,0.2056831142882859,0.15625,0.06521328221627366,0.028431966856103635,0.2840680331438964
time_pressure_seed9_safety02_e07_t16_u2,time_pressure,9,safety,2,1.0,32,0.625,0.08695104295503155,0.45457595580813814,0.7954240441918619,0.3125,0.04347552147751577,0.22728797790406907,0.39771202209593093,0.625,0.08695104295503155,0.45457595580813814,0.7954240441918619,0.625,0.08695104295503155,0.45457595580813814,0.7954240441918619,1.8125,0.37684358653117267,1.0738865703989016,2.5511134296010987,1.8125,0.37684358653117267,1.0738865703989016,2.5511134296010987,0.11931272769483592,0.056706942264691626,0.008167120856040336,0.23045833453363151,0.125,0.059398870413936426,0.008578213988684608,0.2414217860113154
time_pressure_seed9_safety03_e09_t18_u2,time_pressure,9,safety,2,0.4957268536090851,32,1.0,0.0,1.0,1.0,0.5,0.0,0.5,0.5,1.0,0.0,1.0,1.0,1.0,0.0,1.0,1.0,3.21875,0.38029693142120813,2.473368014414432,3.964131985585568,2.0,0.2694079530401623,1.471960412041282,2.528039587958718,0.06034634913268387,0.03554744168613051,-0.009326636572131938,0.13001933483749967,0.03125,0.03125,-0.03,0.0925
time_pressure_seed9_safety03_e09_t18_u2,time_pressure,9,safety,3,0.5042731761932373,32,1.0,0.0,1.0,1.0,0.5,0.0,0.5,0.5,1.0,0.0,1.0,1.0,1.0,0.0,1.0,1.0,3.5,0.37026581558867727,2.7742790014461924,4.225720998553808,2.0,0.2694079530401623,1.471960412041282,2.528039587958718,0.09148362173621097,0.040143751232670166,0.012801869320177447,0.17016537415224448,0.03125,0.03125,-0.03,0.0925
time_pressure_seed9_safety04_e01_t20_u2,time_pressure,9,safety,4,1.0,32,0.9375,0.17353941171778484,0.5973627530331418,1.2776372469668582,0.46875,0.08676970585889242,0.2986813765165709,0.6388186234834291,0.5625,0.08909830562090465,0.3878673209830269,0.7371326790169731,0.5625,0.08909830562090465,0.3878673209830269,0.7371326790169731,0.9375,0.16150439422764543,0.620951387313815,1.254048612686185,0.9375,0.16150439422764543,0.620951387313815,1.254048612686185,0.09050785828130117,0.043008516363951456,0.006211166207956323,0.17480455035464604,0.125,0.059398870413936426,0.008578213988684608,0.2414217860113154
time_pressure_seed9_safety05_e08_t13_u2,time_pressure,9,safety,0,0.33723992109298706,32,1.0,0.0,1.0,1.0,0.5,0.0,0.5,0.5,1.0,0.0,1.0,1.0,1.0,0.0,1.0,1.0,4.90625,0.6129637398500565,3.7048410698938894,6.10765893010611,2.90625,0.34006455447411366,2.2397234732307374,3.5727765267692626,0.04457265686392017,0.030801958703730283,-0.015799182195391184,0.10494449592323152,0.09375,0.0523514603733822,-0.008858862331829115,0.19635886233182911
time_pressure_seed9_safety05_e08_t13_u2,time_pressure,9,safety,3,0.3396338224411011,32,1.0,0.0,1.0,1.0,0.5,0.0,0.5,0.5,1.0,0.0,1.0,1.0,1.0,0.0,1.0,1.0,4.78125,0.5231233259116852,3.755928281213097,5.806571718786903,3.25,0.3329971422913319,2.5973256011089894,3.9026743988910106,0.031230160319950066,0.027318528130826584,-0.02231415481647004,0.08477447545637018,0.09375,0.0523514603733822,-0.008858862331829115,0.19635886233182911
time_pressure_seed9_safety05_e08_t13_u2,time_pressure,9,safety,4,0.3231261670589447,32,1.0,0.0,1.0,1.0,0.5,0.0,0.5,0.5,1.0,0.0,1.0,1.0,1.0,0.0,1.0,1.0,4.8125,0.4824281243473377,3.866940876279218,5.758059123720781,2.96875,0.24791214868929262,2.4828421885689864,3.4546578114310136,0.06326404480873374,0.043776177047540554,-0.02253726220444574,0.14906535182191322,0.09375,0.0523514603733822,-0.008858862331829115,0.19635886233182911
