context_id,scenario,policy_seed,slot,environment_seed,environment_step,unit_index,observation_hash,legal_targets,target_probabilities,minimum_horizon,maximum_horizon,mean_horizon,extra_transitions,projected_window_transitions,projected_saved_transitions,repeat_count,short_zone_damage_mean,short_zone_damage_standard_error,short_zone_damage_lower,short_zone_damage_upper,short_high_threat_leaks_mean,short_high_threat_leaks_standard_error,short_high_threat_leaks_lower,short_high_threat_leaks_upper,short_resource_cost_mean,short_resource_cost_standard_error,short_resource_cost_lower,short_resource_cost_upper,short_label,full_zone_damage_mean,full_zone_damage_standard_error,full_zone_damage_lower,full_zone_damage_upper,full_high_threat_leaks_mean,full_high_threat_leaks_standard_error,full_high_threat_leaks_lower,full_high_threat_leaks_upper,full_resource_cost_mean,full_resource_cost_standard_error,full_resource_cost_lower,full_resource_cost_upper,full_label,label_changed
time_pressure_seed8_safety00_e06_t29_u2,time_pressure,8,safety,886997740,29,2,446b3bb796a8dc44e259e6d767c219d3688573c91be48d255fdc0f9945fc9c9a,4,1,2,2,2.0,64,64,0,32,-0.15050705921507956,0.05627131599520817,-0.2607988385656876,-0.040215279864471556,0.0,0.0,0.0,0.0,0.5,0.0,0.5,0.5,AMBIGUOUS,-0.15050705921507956,0.05627131599520817,-0.2607988385656876,-0.040215279864471556,0.0,0.0,0.0,0.0,0.5,0.0,0.5,0.5,AMBIGUOUS,False
time_pressure_seed8_safety01_e01_t23_u2,time_pressure,8,safety,886997735,23,2,3ce48ea586327bc403459f1a1cb74e617a50ff5c0a0c231b9df7102779e0ec6b,3,1,2,2,2.0,64,64,0,32,-0.15945637378287492,0.04960456710891609,-0.25668132531635046,-0.062231422249399385,-0.25,0.07777137710478188,-0.40243189912537247,-0.09756810087462753,0.5,0.0,0.5,0.5,ENGAGE,-0.15945637378287492,0.04960456710891609,-0.25668132531635046,-0.062231422249399385,-0.25,0.07777137710478188,-0.40243189912537247,-0.09756810087462753,0.5,0.0,0.5,0.5,ENGAGE,False
time_pressure_seed8_safety02_e01_t21_u2,time_pressure,8,safety,886997735,21,2,465b1b5bc714d8dc3f97855195dffb7499a28ce79c9f80982bdbf5eb06e21557,"3,4","0.49971011281,0.500289916992",2,4,3.0,275,245,30,32,-0.14350590942542477,0.03689642086626814,-0.2158228943233103,-0.07118892452753921,-0.015615941025316715,0.015615941025316714,-0.046223185434937475,0.014991303384304044,0.4609601623378694,0.019782622140837633,0.4221862229418276,0.4997341017339112,ENGAGE,-0.14350590942542474,0.03689642086626813,-0.21582289432331028,-0.0711889245275392,-0.015615941025316715,0.015615941025316714,-0.046223185434937475,0.014991303384304044,0.4609601623378694,0.019782622140837633,0.4221862229418276,0.4997341017339112,ENGAGE,False
time_pressure_seed8_safety03_e06_t28_u2,time_pressure,8,safety,886997740,28,2,a0121563ae86c7b2a04652d59580b8e00feccbe4e77b449b483c8a11480075b3,4,1,3,3,3.0,120,120,0,32,-0.20067607895343942,0.062427420048787687,-0.3230338222490633,-0.07831833565781555,0.0,0.0,0.0,0.0,0.4375,0.029699435206968213,0.3792891069943423,0.4957108930056577,ENGAGE,-0.20067607895343942,0.062427420048787687,-0.3230338222490633,-0.07831833565781555,0.0,0.0,0.0,0.0,0.4375,0.029699435206968213,0.3792891069943423,0.4957108930056577,ENGAGE,False
time_pressure_seed8_safety04_e01_t20_u2,time_pressure,8,safety,886997735,20,2,51a9ec05cc7ca32d70507ccad7efd0649462d1b2bf99ebbbb356f5f6ca4ceb7d,"3,4","0.49970933795,0.500290632248",3,5,4.0,358,331,27,32,-0.13696517769611344,0.035655365002355714,-0.20684969310073065,-0.06708066229149624,-0.0624636672437191,0.02968217020951133,-0.12064072085436131,-0.004286613633076898,0.47657610988244414,0.017232374243099997,0.44280065636596816,0.5103515633989202,ENGAGE,-0.13696517769611344,0.035655365002355714,-0.20684969310073065,-0.06708066229149624,-0.0624636672437191,0.02968217020951133,-0.12064072085436131,-0.004286613633076898,0.47657610988244414,0.017232374243099997,0.44280065636596816,0.5103515633989202,ENGAGE,False
time_pressure_seed8_safety05_e01_t22_u2,time_pressure,8,safety,886997735,22,2,db252c44e0e480e9308525f615c910b04b1c554e8c4b35128bb6a8b3fc654b2e,3,1,3,3,3.0,121,121,0,32,-0.13952432706001555,0.047357642415025984,-0.2323453061934665,-0.04670334792656462,-0.21875,0.07424858801742054,-0.36427723251414423,-0.07322276748585574,0.453125,0.0261757301866911,0.40182056883408546,0.5044294311659145,AMBIGUOUS,-0.13952432706001555,0.047357642415025984,-0.2323453061934665,-0.04670334792656462,-0.21875,0.07424858801742054,-0.36427723251414423,-0.07322276748585574,0.453125,0.0261757301866911,0.40182056883408546,0.5044294311659145,AMBIGUOUS,False
time_pressure_seed8_resource00_e08_t04_u0,time_pressure,8,resource,886997742,4,0,34bf44f63ee7af1d97110cc10e8e295469bcc808a897ae5db833430af8004ff1,"0,1,2,4","0.242623955011,0.243662342429,0.257118195295,0.256595522165",21,30,26.75,4143,3962,181,32,-0.09781403312125236,0.07602885817101701,-0.2468305951364457,0.051202528893940974,-0.017347272019833326,0.08158764717629953,-0.1772590604853804,0.14256451644571375,-0.047279162565246224,0.01773821576320242,-0.08204606546112297,-0.012512259669369481,AMBIGUOUS,-0.11341707409126567,0.07814080553647858,-0.2665730529427637,0.03973890476023234,-0.009312328416854143,0.08122075602991168,-0.16850501023548103,0.14988035340177275,-0.047279162565246224,0.016772681468609673,-0.08015361824372119,-0.014404706886771264,AMBIGUOUS,False
time_pressure_seed8_resource01_e06_t04_u1,time_pressure,8,resource,886997740,4,1,ba563a2c980d0aa7737620130d6c197ebe6a7b3fc6d671b55be7221319435fcf,3,1,30,30,30.0,1807,1807,0,32,0.039847584951048134,0.028693015140569027,-0.016390724724467155,0.09608589462656342,0.0,0.0,0.0,0.0,0.046875,0.04687499999999999,-0.044999999999999984,0.13874999999999998,AMBIGUOUS,0.039847584951048134,0.028693015140569027,-0.016390724724467155,0.09608589462656342,0.0,0.0,0.0,0.0,0.046875,0.04687499999999999,-0.044999999999999984,0.13874999999999998,AMBIGUOUS,False
time_pressure_seed8_resource02_e06_t04_u0,time_pressure,8,resource,886997740,4,0,ba563a2c980d0aa7737620130d6c197ebe6a7b3fc6d671b55be7221319435fcf,"0,3","0.505599141121,0.494400858879",30,31,30.5,2705,2705,0,32,-0.044708650925825134,0.03249482299659461,-0.10839850399915057,0.0189812021475003,-0.015450026839971542,0.01545002683997154,-0.04573207944631576,0.014832025766372676,-0.061450161039829254,0.07333370659675041,-0.20518422596946007,0.08228390388980156,AMBIGUOUS,-0.044708650925825134,0.03249482299659461,-0.10839850399915057,0.0189812021475003,-0.015450026839971542,0.01545002683997154,-0.04573207944631576,0.014832025766372676,-0.061450161039829254,0.07333370659675041,-0.20518422596946007,0.08228390388980156,AMBIGUOUS,False
time_pressure_seed8_resource03_e09_t04_u1,time_pressure,8,resource,886997743,4,1,2c31752ab74d6207d9087d25d1118ec03be717581cbbb464c4103bf106153036,"0,1","0.502585709095,0.497414290905",20,27,23.5,2437,2268,169,32,-0.010054783459760361,0.05469592432392957,-0.11725879513466232,0.09714922821514159,0.0,0.03158583905832227,-0.061908244554311646,0.061908244554311646,-0.03165401704609394,0.04470104839652756,-0.11926807190328796,0.05596003781110008,AMBIGUOUS,-0.047046355055869606,0.07390632234403088,-0.19190274685017014,0.09781003673843094,-0.015705803409218788,0.0571917194037401,-0.12780157344054938,0.0963899666221118,-0.008095311932265759,0.04133757066859074,-0.08911695044270361,0.0729263265781721,AMBIGUOUS,False
time_pressure_seed8_resource04_e09_t04_u0,time_pressure,8,resource,886997743,4,0,2c31752ab74d6207d9087d25d1118ec03be717581cbbb464c4103bf106153036,"0,1,2","0.326557636261,0.322653442621,0.350788921118",20,27,24.333333333333332,3265,3086,179,32,0.08881116034126497,0.05217767708953479,-0.013457086754223205,0.19107940743675317,0.021045073866844177,0.033601595786455,-0.04481405387460763,0.08690420160829598,0.07838160777464509,0.06728547387816029,-0.05349792102654907,0.21026113657583925,AMBIGUOUS,0.08653448204989025,0.057755070597557516,-0.026665456321322473,0.19973442042110298,0.03125,0.04077664288947023,-0.04867222006336165,0.11117222006336165,0.06307421857491136,0.057098475214501454,-0.048838792845511486,0.1749872299953342,AMBIGUOUS,False
time_pressure_seed8_resource05_e07_t04_u0,time_pressure,8,resource,886997741,4,0,cd1a8afb8705d0532198527028ee195b40d489609427bb98b6d5a374af9b35b7,"1,2,3","0.336610227823,0.33152538538,0.331864356995",17,33,24.0,4520,3339,1181,32,-0.00011326413854859801,0.04772798773804863,-0.0936601201051239,0.09343359182802671,0.01025423128157854,0.06085373941042819,-0.1090190979628607,0.12952756052601777,-0.025900420732796192,0.021195303836418065,-0.0674432162521756,0.015642374786583216,AMBIGUOUS,-0.006555950731572169,0.05417541288439092,-0.11273975998497837,0.09962785852183403,-0.010317796841263771,0.06774230161008209,-0.14309270799702467,0.12245711431449713,0.0,0.0,0.0,0.0,AMBIGUOUS,False
time_pressure_seed9_safety00_e01_t30_u2,time_pressure,9,safety,887007735,30,2,3a0106d84c031b920c43541405620a4c3918250ead1b62b70fbe57ebf502ab6d,3,1,5,5,5.0,233,233,0,32,0.11313482285162647,0.0659057526615278,-0.016040452364968025,0.24231009806822096,0.15625,0.091022141492801,-0.022153397325889945,0.33465339732588995,0.0,0.0,0.0,0.0,AMBIGUOUS,0.11313482285162647,0.0659057526615278,-0.016040452364968025,0.24231009806822096,0.15625,0.091022141492801,-0.022153397325889945,0.33465339732588995,0.0,0.0,0.0,0.0,AMBIGUOUS,False
time_pressure_seed9_safety01_e01_t29_u2,time_pressure,9,safety,887007735,29,2,15add8dffed558962a669eb3692fbd1671d1507a31a7df30901fdca01438d6fa,3,1,6,6,6.0,298,298,0,32,0.09050785828130117,0.05391402849260647,-0.015163637564207508,0.19617935412680987,0.125,0.07446042464765881,-0.020942432309411257,0.2709424323094113,0.140625,0.040376098556911356,0.06148784682845375,0.21976215317154624,STOP,0.09050785828130117,0.05391402849260647,-0.015163637564207508,0.19617935412680987,0.125,0.07446042464765881,-0.020942432309411257,0.2709424323094113,0.140625,0.040376098556911356,0.06148784682845375,0.21976215317154624,STOP,False
time_pressure_seed9_safety02_e07_t16_u2,time_pressure,9,safety,887007741,16,2,e9c7bb755be95039b40a6fad19926c2b61113ca84b438c71cba95e0aed21da07,2,1,7,7,7.0,1001,448,553,32,-0.08287079633235339,0.04627634357657413,-0.1735724297424387,0.007830837077731911,0.0,0.0,0.0,0.0,0.46875,0.021737760738757887,0.42614398895203454,0.5113560110479655,AMBIGUOUS,0.006073875310874999,0.0713075340897549,-0.13368889150504462,0.14583664212679462,0.09375,0.0523514603733822,-0.008858862331829115,0.19635886233182911,0.1875,0.04347552147751577,0.10228797790406909,0.27271202209593093,AMBIGUOUS,False
time_pressure_seed9_safety03_e09_t18_u2,time_pressure,9,safety,887007743,18,2,d9c9059b2640006c38bb4a1a677d8693ddb6e5cba203dade344cb73c201fd7aa,"2,3","0.495726853609,0.504273176193",4,8,6.0,1344,640,704,32,0.03069715432486494,0.02885235409888042,-0.025853459708940683,0.08724776835867057,0.015758536756038666,0.015758536756038662,-0.015128195285797112,0.046645268797874444,0.04647439252585173,0.017375764573078073,0.012417893962618706,0.08053089108908475,STOP,0.04517687792949078,0.034972063253944266,-0.023368366048239983,0.11372212190722154,0.031250000931322575,0.031250000931322575,-0.03000000089406967,0.09250000275671483,0.0,0.0,0.0,0.0,AMBIGUOUS,True
time_pressure_seed9_safety04_e01_t20_u2,time_pressure,9,safety,887007735,20,2,2399ae48a76f315f2dd15a6b653c056bad97c98d68b6cf7eec23814712b2e027,4,1,9,9,9.0,840,573,267,32,-0.13151213106273096,0.06249337624684625,-0.2539991485065496,-0.009025113618912325,0.0,0.0,0.0,0.0,0.25,0.10040241611281235,0.053211264418887794,0.4467887355811122,AMBIGUOUS,-0.06363123735175508,0.09225540284118046,-0.24445182692046877,0.11718935221695861,0.09375,0.0689695906576505,-0.04143039768899498,0.22893039768899498,0.03125,0.08676970585889242,-0.13881862348342913,0.20131862348342913,AMBIGUOUS,False
time_pressure_seed9_safety05_e08_t13_u2,time_pressure,9,safety,887007742,13,2,166e15ea3e4e6f5ad22efa7a878ac7a4e40eebf7ef4c17f915504610d4ff409a,"0,3,4","0.337239921093,0.339633822441,0.323126167059",8,20,14.333333333333334,1957,1627,330,32,-0.08472775860719128,0.04562373906984906,-0.17415028718409542,0.004694769969712867,-0.05158719979226589,0.04552619900083369,-0.1408185498338999,0.03764415024936814,0.0,0.0,0.0,0.0,AMBIGUOUS,-0.00791197674797772,0.014579265259612676,-0.03648733665681857,0.020663383160863122,-0.03139181435108185,0.054850801777566696,-0.13889938583511258,0.07611575713294888,0.0,0.0,0.0,0.0,AMBIGUOUS,False
time_pressure_seed9_resource00_e05_t04_u0,time_pressure,9,resource,887007739,4,0,6146c2be2a59558adebbd738e7d44311710a81b17d9515d032d89614e0eb2747,0,1,22,22,22.0,1388,1388,0,32,-0.01345838483657582,0.013458384836575818,-0.039836819116264424,0.012920049443112782,0.0,0.0,0.0,0.0,-0.328125,0.16590625844958934,-0.653301266561195,-0.002948733438804918,AMBIGUOUS,-0.01345838483657582,0.013458384836575818,-0.039836819116264424,0.012920049443112782,0.0,0.0,0.0,0.0,-0.328125,0.16590625844958934,-0.653301266561195,-0.002948733438804918,AMBIGUOUS,False
time_pressure_seed9_resource01_e02_t04_u1,time_pressure,9,resource,887007736,4,1,c89660f6c1a84e1f8f9e4fb49973a5ef1c98de89d61b36a8c69fcb2e5e84ceaf,"1,2,4","0.331650286913,0.335625588894,0.332724094391",19,30,25.333333333333332,4580,3390,1190,32,0.05250058740092566,0.07086760528001963,-0.0863999189479128,0.19140109374976413,0.01033051498234272,0.05673195433528114,-0.10086411551480831,0.12152514547949375,0.005244149826467037,0.005244149826467037,-0.005034383833408356,0.01552268348634243,AMBIGUOUS,0.12412964976730395,0.10190850030722455,-0.07561101083485616,0.32387031036946407,0.10445319674909115,0.09749533819994956,-0.08663766612280999,0.2955440596209923,0.0,0.0,0.0,0.0,AMBIGUOUS,False
time_pressure_seed9_resource02_e10_t04_u0,time_pressure,9,resource,887007744,4,0,e40bbacb4f0cb1f9d91dcc13882c187d9683df898f70bb0300efc63194897fd5,"0,2,3,4","0.238069787621,0.251483410597,0.264981895685,0.245464906096",20,21,20.5,4897,3246,1651,32,-0.09137218720192403,0.1329269299236962,-0.3519089698523686,0.16916459544852053,-0.04972447268664837,0.08527675809283107,-0.21686691854859727,0.11741797317530053,-0.004140342120081186,0.004140342120081186,-0.012255412675440312,0.003974728435277939,AMBIGUOUS,-0.09014269697456528,0.11259661637228206,-0.3108320650642381,0.13054667111510757,-0.04972447268664837,0.08527675809283107,-0.21686691854859727,0.11741797317530053,-0.004140342120081186,0.004140342120081186,-0.012255412675440312,0.003974728435277939,AMBIGUOUS,False
time_pressure_seed9_resource03_e06_t04_u1,time_pressure,9,resource,887007740,4,1,e38e98c29f6b6fb833199e45de669fc0ab207e7808e28c9a923b4df9c41f0fd6,"0,3,4","0.328378230333,0.338674426079,0.332947313786",17,27,22.0,3129,2792,337,32,0.05253043546725095,0.04520731881263949,-0.03607590940552245,0.14113678034002436,0.03175072744488716,0.0233582365328693,-0.01403141615953666,0.07753287104931098,0.046625619288533926,0.06487358028261743,-0.08052659806539622,0.17377783664246407,AMBIGUOUS,0.10053316150899544,0.11869093968175128,-0.13210108026723705,0.3331674032852279,0.06239340268075466,0.06761532528937092,-0.07013263488641233,0.19491944024792165,0.04683979507535696,0.05761007500132314,-0.06607595192723639,0.1597555420779503,AMBIGUOUS,False
time_pressure_seed9_resource04_e04_t04_u0,time_pressure,9,resource,887007738,4,0,919dcca0dea1a1b90658f81a3620a53c75cfcd11907450bec5ff309cedfa7432,"1,2,3","0.332614481449,0.322128713131,0.345256775618",15,25,20.333333333333332,3313,2675,638,32,-0.021588215330226247,0.03536959064065759,-0.09091261298591512,0.04773618232546263,-0.05394637119024992,0.022515327545431185,-0.09807641317929504,-0.009816329201204801,0.11756724771112204,0.06147177583676422,-0.0029174329289358286,0.2380519283511799,AMBIGUOUS,-0.0028755798129855015,0.06514250163994592,-0.1305548830272795,0.12480372340130849,-0.05394637119024992,0.042743264947870785,-0.13772317048807664,0.029830428107576815,0.06641543563455343,0.07738222887602901,-0.08525373296246341,0.21808460423157028,AMBIGUOUS,False
time_pressure_seed9_resource05_e11_t04_u0,time_pressure,9,resource,887007745,4,0,e59a5e992f958263f4032c9734944707ba0b560c39af139a7ec93ea2f1345f6f,"0,2,3","0.326271384954,0.335782945156,0.337945640087",18,27,22.333333333333332,4812,2910,1902,32,-0.03610917284028875,0.07447351100670463,-0.1820772544134298,0.10985890873285231,-0.03174998797476292,0.0811317559248871,-0.19076822958754164,0.1272682536380158,-0.01569258375093341,0.028240243533850826,-0.07104346107728102,0.03965829357541421,AMBIGUOUS,0.004670362024451119,0.12158891213324811,-0.23364390575671518,0.2429846298056174,-0.04224320501089096,0.12400781156683117,-0.28529851568188,0.20081210566009813,0.00014861812815070152,0.024616426818325782,-0.04809957843576783,0.04839681469206923,AMBIGUOUS,False
time_pressure_seed10_safety00_e09_t24_u2,time_pressure,10,safety,887017743,24,2,273bcd188fcd32391b228ab8366c85b727917052111e045d7e71360a2d5b7c0a,1,1,3,3,3.0,121,121,0,32,-0.15666511320708737,0.05857367844855086,-0.27146952296624705,-0.04186070344792768,-0.1875,0.0701021719786843,-0.32490025707822123,-0.05009974292177877,0.453125,0.0261757301866911,0.40182056883408546,0.5044294311659145,AMBIGUOUS,-0.15666511320708737,0.05857367844855086,-0.27146952296624705,-0.04186070344792768,-0.1875,0.0701021719786843,-0.32490025707822123,-0.05009974292177877,0.453125,0.0261757301866911,0.40182056883408546,0.5044294311659145,AMBIGUOUS,False
time_pressure_seed10_safety01_e04_t16_u2,time_pressure,10,safety,887017738,16,2,82fd88fee84f83013192ecc5ed50456bce4276e43479ddc158c564950217b17c,"0,3","0.507936954498,0.492063075304",4,11,7.5,1152,832,320,32,-0.15318594541645356,0.0457094477596032,-0.24277646302527583,-0.06359542780763129,0.0,0.0,0.0,0.0,0.00768848555162549,0.007688485551625489,-0.007380946129560469,0.02275791723281145,ENGAGE,-0.11290586905057301,0.049357903944605014,-0.20964736078199883,-0.01616437731914719,0.0,0.0,0.0,0.0,0.0,0.0,0.0,0.0,AMBIGUOUS,True
time_pressure_seed10_safety02_e09_t23_u2,time_pressure,10,safety,887017743,23,2,ccb06edd1ff2c31927add257b42f471d8fe01e1694c90e61864ffd8b0b54b710,1,1,4,4,4.0,178,178,0,32,-0.10444340880472491,0.049630564041453135,-0.20171931432597306,-0.0071675032834767755,-0.125,0.059398870413936426,-0.2414217860113154,-0.008578213988684608,0.390625,0.05376160321120185,0.28525225770604434,0.49599774229395566,AMBIGUOUS,-0.10444340880472491,0.049630564041453135,-0.20171931432597306,-0.0071675032834767755,-0.125,0.059398870413936426,-0.2414217860113154,-0.008578213988684608,0.390625,0.05376160321120185,0.28525225770604434,0.49599774229395566,AMBIGUOUS,False
time_pressure_seed10_safety03_e09_t22_u2,time_pressure,10,safety,887017743,22,2,157eb8a249002059761ceea175e41fefae41558b85c718f6cadc8ebaf898e27b,1,1,5,5,5.0,237,237,0,32,-0.02611085220118123,0.026110852201181225,-0.07728812251549644,0.025066418113133974,-0.03125,0.03125,-0.0925,0.03,0.453125,0.03448479532882525,0.38553480115550254,0.5207151988444975,AMBIGUOUS,-0.02611085220118123,0.026110852201181225,-0.07728812251549644,0.025066418113133974,-0.03125,0.03125,-0.0925,0.03,0.453125,0.03448479532882525,0.38553480115550254,0.5207151988444975,AMBIGUOUS,False
time_pressure_seed10_safety04_e04_t15_u2,time_pressure,10,safety,887017738,15,2,f32820d25e0bab878f41e025eb50507e47bdd7ea1bc4382e66f80eb7478a2c13,"0,3","0.508381485939,0.491618454456",5,12,8.5,1248,928,320,32,-0.0655289427545214,0.03893346485537968,-0.14183853387106557,0.010780648362022777,0.0,0.0,0.0,0.0,0.0998599985614419,0.02168282341207978,0.05736166467376553,0.14235833244911827,AMBIGUOUS,-0.025285262864211046,0.04792774369858717,-0.11922364051344189,0.06865311478501981,0.0,0.0,0.0,0.0,0.0,0.0,0.0,0.0,AMBIGUOUS,False
time_pressure_seed10_safety05_e03_t12_u2,time_pressure,10,safety,887017737,12,2,f58380c48c0d7a1a0828d619e87be5dae69095f2dcd449b5701f48abbf772a11,"0,2","0.499735623598,0.500264406204",7,15,11.0,1534,1183,351,32,-0.03648623455207695,0.04696412382608517,-0.1285359172512039,0.05556344814704998,-0.01564978715032339,0.04191673030393722,-0.09780657854604034,0.06650700424539356,0.007816631346940994,0.007816631346940994,-0.007503966093063355,0.023137228786945345,AMBIGUOUS,-0.010497904803894766,0.05318286560288792,-0.11473632138555509,0.09374051177776557,-0.01564978715032339,0.04191673030393722,-0.09780657854604034,0.06650700424539356,0.0,0.0,0.0,0.0,AMBIGUOUS,False
time_pressure_seed10_resource00_e11_t04_u1,time_pressure,10,resource,887017745,4,1,47694c2902779bf3d6faa340f74c052de6cfd1339d2e772d26c4d5438ae1a7f1,"0,1,2","0.341240316629,0.323980987072,0.334778696299",20,31,25.333333333333332,5355,3424,1931,32,0.09188304293165897,0.055006140817732745,-0.015928993071097214,0.19969507893441515,0.06317485682666302,0.038518596859428066,-0.01232159301781599,0.13867130667114203,-0.009854728821665049,0.03384063685554941,-0.07618237705854189,0.05647291941521179,AMBIGUOUS,0.10471338070154718,0.08187314941869832,-0.055757992159101516,0.26518475356219584,0.0530504509806633,0.05979748963653462,-0.06415262870694455,0.17025353066827115,-0.005062202922999859,0.005062202922999859,-0.014984120652079581,0.004859714806079864,AMBIGUOUS,False
time_pressure_seed10_resource01_e04_t04_u1,time_pressure,10,resource,887017738,4,1,5af4855aaa1c111c6fae27eb0f034cb8bb354a30b8ba76e291ca9c00f548cb7e,"0,1,3","0.331937789917,0.347695320845,0.320366859436",16,26,21.666666666666668,3084,2786,298,32,0.042236913223736336,0.05445294678243158,-0.06449086246982956,0.14896468891730225,0.0,0.0,0.0,0.0,-0.0003615915775299072,0.01649041316574122,-0.03268280138238269,0.03195961822732288,AMBIGUOUS,0.059720310794542424,0.06855497159295967,-0.07464743352765854,0.1940880551167434,0.0,0.0,0.0,0.0,-0.015559583902359009,0.013518901490967747,-0.04205663082465579,0.010937463019937775,AMBIGUOUS,False
time_pressure_seed10_resource02_e01_t04_u1,time_pressure,10,resource,887017735,4,1,6c4451f9dac39c2ec45fe3c58e0f757244356514dac5ed9245b3eecc1c2394b2,1,1,16,16,16.0,2500,1024,1476,32,-0.1015203392880346,0.06047398059009166,-0.22004934124461425,0.01700866266854506,-0.125,0.07446042464765881,-0.2709424323094113,0.020942432309411257,-0.15625,0.18975459002481035,-0.5281689964486282,0.2156689964486283,AMBIGUOUS,-0.11307986447559465,0.11707056191425963,-0.3425381658275435,0.11637843687635421,-0.125,0.07446042464765881,-0.2709424323094113,0.020942432309411257,-0.03125,0.07077302144543589,-0.16996512203305433,0.10746512203305433,AMBIGUOUS,False
time_pressure_seed10_resource03_e04_t04_u0,time_pressure,10,resource,887017738,4,0,5af4855aaa1c111c6fae27eb0f034cb8bb354a30b8ba76e291ca9c00f548cb7e,"0,1,2,3","0.24352478981,0.257091462612,0.264686942101,0.234696775675",16,26,22.25,3896,3574,322,32,0.06078507004275102,0.04107863207050825,-0.01972904881544514,0.14129918890094717,0.0,0.0,0.0,0.0,0.022509935777634382,0.02200458384350904,-0.020619048555643338,0.0656389201109121,AMBIGUOUS,0.08463495644034642,0.05786445693298986,-0.028779379148313702,0.19804929202900656,0.0,0.0,0.0,0.0,0.01884279865771532,0.021152976816637224,-0.022617035902893635,0.06030263321832428,AMBIGUOUS,False
time_pressure_seed10_resource04_e01_t04_u0,time_pressure,10,resource,887017735,4,0,6c4451f9dac39c2ec45fe3c58e0f757244356514dac5ed9245b3eecc1c2394b2,"0,1","0.521797895432,0.478202074766",16,24,20.0,3711,2048,1663,32,-0.04603050547057569,0.03247050334354282,-0.1096726920239196,0.017611681082768227,-0.033974737860262394,0.03188562133815733,-0.09647055568305077,0.028521079962525973,-0.3981391442939639,0.14124135668090282,-0.6749722033885335,-0.1213060851993944,AMBIGUOUS,-0.16589999386832638,0.06582349394747763,-0.2949140420053825,-0.036885945731270214,-0.033974737860262394,0.03188562133815733,-0.09647055568305077,0.028521079962525973,-0.11073736613616347,0.07582515123164701,-0.25935466255019163,0.03787993027786468,AMBIGUOUS,False
time_pressure_seed10_resource05_e09_t04_u1,time_pressure,10,resource,887017743,4,1,347299faf837cb311aadddc26180c9b7bba925b67cf161eef46f794bcc99b749,4,1,19,19,19.0,1382,1213,169,32,3.469446951953614e-18,0.06451819992729516,-0.1264556718574985,0.1264556718574985,0.0,0.0,0.0,0.0,0.15625,0.15133395430572233,-0.14036455043921575,0.45286455043921575,AMBIGUOUS,0.05222170440236246,0.10198314716235075,-0.147665264035845,0.2521086728405699,0.0625,0.07695699469351738,-0.08833570959929407,0.21333570959929407,0.109375,0.09973345272646453,-0.08610256734387048,0.30485256734387045,AMBIGUOUS,False
heterogeneity_pressure_seed8_safety00_e00_t23_u2,heterogeneity_pressure,8,safety,1451868365,23,2,2d5f1e4862625aa6e31fd3dd02fae3636891cdda53db968229430adbdc243863,"0,1,2,3,4","0.193481907248,0.196906805038,0.207509741187,0.199458792806,0.20264275372",2,27,16.2,2302,1838,464,32,-0.10439963473054349,0.022958175161715288,-0.14939765804750546,-0.05940161141358153,-0.08776640612632036,0.02015946372008384,-0.1272789550176847,-0.04825385723495604,0.026023284788243575,0.08585303604519857,-0.14224866586034562,0.1942952354368328,ENGAGE,-0.10439963473054349,0.022958175161715288,-0.14939765804750546,-0.05940161141358153,-0.08776640612632036,0.02015946372008384,-0.1272789550176847,-0.04825385723495604,-0.014247856079600593,0.09863965672956217,-0.20758158326954246,0.17908587111034124,ENGAGE,False
heterogeneity_pressure_seed8_safety01_e00_t23_u1,heterogeneity_pressure,8,safety,1451868365,23,1,2d5f1e4862625aa6e31fd3dd02fae3636891cdda53db968229430adbdc243863,"0,1,2,3,4","0.194617137313,0.196971639991,0.20663253963,0.199752792716,0.202025860548",2,27,16.2,2040,1644,396,32,-0.2094513172044894,0.037643749597797746,-0.28323306641617296,-0.13566956799280583,-0.1685800440609455,0.03128089377559976,-0.22989059586112104,-0.10726949226076998,0.6793679801514374,0.19368725042069057,0.2997409693268839,1.0589949909759908,ENGAGE,-0.2094513172044894,0.037643749597797746,-0.28323306641617296,-0.13566956799280583,-0.1685800440609455,0.03128089377559976,-0.22989059586112104,-0.10726949226076998,0.5680534777231517,0.21883845034880553,0.1391301150394929,0.9969768404068106,ENGAGE,False
heterogeneity_pressure_seed8_safety02_e00_t23_u0,heterogeneity_pressure,8,safety,1451868365,23,0,2d5f1e4862625aa6e31fd3dd02fae3636891cdda53db968229430adbdc243863,"0,1,2,3,4","0.193355768919,0.197914600372,0.207101762295,0.198972806334,0.202655076981",2,27,16.2,2223,1681,542,32,-0.3117151237970668,0.06271707473052049,-0.4346405902688869,-0.18878965732524663,-0.2617973107844591,0.06906943021435205,-0.3971733940045891,-0.1264212275643291,0.06136719859205138,0.23324496657718585,-0.3957929358992329,0.5185273330833357,ENGAGE,-0.32841416155883474,0.08136380183994721,-0.4878872131651313,-0.16894110995253822,-0.27388204634189606,0.09119664876054828,-0.4526274779125707,-0.09513661477122143,-0.03725487976335045,0.2737192390735423,-0.5737445883474933,0.49923482882079245,ENGAGE,False
heterogeneity_pressure_seed8_safety03_e07_t40_u2,heterogeneity_pressure,8,safety,1451868372,40,2,dfa609862477dad88d4fb4d73a16ed3c20e2e194405e123b62aaaf844d90ea37,"0,1","0.505562186241,0.494437813759",2,10,6.0,708,535,173,32,-0.07455052642846098,0.031114780923846362,-0.13553549703919984,-0.013565555817722112,-0.07725590839982033,0.03224391268705325,-0.1404539772664447,-0.014057839533195962,0.1781153766438365,0.05300812852705359,0.07421944473081148,0.2820113085568615,AMBIGUOUS,-0.07455052642846098,0.031114780923846362,-0.13553549703919984,-0.013565555817722112,-0.07725590839982033,0.03224391268705325,-0.1404539772664447,-0.014057839533195962,0.1781153766438365,0.05300812852705359,0.07421944473081148,0.2820113085568615,AMBIGUOUS,False
heterogeneity_pressure_seed8_safety04_e07_t40_u1,heterogeneity_pressure,8,safety,1451868372,40,1,dfa609862477dad88d4fb4d73a16ed3c20e2e194405e123b62aaaf844d90ea37,"0,1,3","0.339660346508,0.332322657108,0.328016966581",2,10,7.333333333333333,804,640,164,32,-0.13027837614659576,0.028287633337598116,-0.18572213748828809,-0.07483461480490346,-0.13500607945024967,0.029314170062558716,-0.19246185277286476,-0.07755030612763458,0.19666648735292258,0.23566546493410276,-0.26523782391791884,0.658570798623764,ENGAGE,-0.13027837614659576,0.028287633337598116,-0.18572213748828809,-0.07483461480490346,-0.13500607945024967,0.029314170062558716,-0.19246185277286476,-0.07755030612763458,0.4376004137564451,0.2825535000374564,-0.11620444631696936,0.9914052738298595,ENGAGE,False
heterogeneity_pressure_seed8_safety05_e07_t40_u0,heterogeneity_pressure,8,safety,1451868372,40,0,dfa609862477dad88d4fb4d73a16ed3c20e2e194405e123b62aaaf844d90ea37,"0,1,3","0.341136336327,0.331328094006,0.32753559947",2,10,7.333333333333333,769,617,152,32,-0.11020141427793356,0.0425340864816429,-0.19356822378195365,-0.026834604773913487,-0.11420053988695145,0.04407761616880209,-0.20059266757780353,-0.02780841219609935,1.2603970299940555,0.24903266489336798,0.7722930068030542,1.7485010531850567,AMBIGUOUS,-0.11020141427793356,0.0425340864816429,-0.19356822378195365,-0.026834604773913487,-0.11420053988695145,0.04407761616880209,-0.20059266757780353,-0.02780841219609935,1.6212340323720125,0.3040876344265388,1.0252222688959964,2.2172457958480285,AMBIGUOUS,False
heterogeneity_pressure_seed8_resource00_e10_t49_u0,heterogeneity_pressure,8,resource,1451868375,49,0,2b5e14556ec0a7ac9e60995985685aa031b00c1fcfe9337cfb655b9fb535b914,"0,2","0.490330338478,0.509669661522",1,1,1.0,96,96,0,32,0.0,0.0,0.0,0.0,0.0,0.0,0.0,0.0,2.7921875,0.0078125,2.776875,2.8074999999999997,STOP,0.0,0.0,0.0,0.0,0.0,0.0,0.0,0.0,2.7921875,0.0078125,2.776875,2.8074999999999997,STOP,False
heterogeneity_pressure_seed8_resource01_e04_t45_u0,heterogeneity_pressure,8,resource,1451868369,45,0,10e8ffa930ddfd1b5a93abcb9f63cd87ce6b6fc66495727c5494330d6a2110b0,"2,3","0.518641769886,0.481358230114",2,5,3.5,191,155,36,32,-0.31445958418366377,0.04913552046039541,-0.4107652042860388,-0.21815396408128876,0.0,0.0,0.0,0.0,2.8379181880503888,0.16628306765451853,2.5120033754475326,3.163833000653245,ENGAGE,-0.31445958418366377,0.04913552046039541,-0.4107652042860388,-0.21815396408128876,0.0,0.0,0.0,0.0,3.3265759806148703,0.317567223368369,2.704144222812867,3.9490077384168734,ENGAGE,False
heterogeneity_pressure_seed8_resource02_e10_t48_u0,heterogeneity_pressure,8,resource,1451868375,48,0,d85b7c9148f38b14e9037b8f0a8a63b029ce70a73e42ebc2c7eb90f2aa971137,"0,2","0.490520834923,0.509479224682",2,2,2.0,176,176,0,32,0.0,0.0,0.0,0.0,0.0,0.0,0.0,0.0,1.5520069297403094,0.2422006702630291,1.0772936160247724,2.0267202434558467,STOP,0.0,0.0,0.0,0.0,0.0,0.0,0.0,0.0,1.5520069297403094,0.2422006702630291,1.0772936160247724,2.0267202434558467,STOP,False
heterogeneity_pressure_seed8_resource03_e04_t44_u0,heterogeneity_pressure,8,resource,1451868369,44,0,ca2eb207ba655a364472d7e3bf4de8e2860edef883d3bb1860cdbb021dfe371f,"2,3","0.518556058407,0.481443911791",3,6,4.5,324,291,33,32,-0.0681937595766388,0.06428630068006735,-0.1941949089095708,0.05780738975629322,0.0,0.0,0.0,0.0,1.4523964660707858,0.35799643883822874,0.7507234459478574,2.154069486193714,AMBIGUOUS,-0.0681937595766388,0.06428630068006735,-0.1941949089095708,0.05780738975629322,0.0,0.0,0.0,0.0,1.358408180484548,0.5000599548612719,0.37829066895645524,2.3385256920126407,AMBIGUOUS,False
heterogeneity_pressure_seed8_resource04_e10_t47_u0,heterogeneity_pressure,8,resource,1451868375,47,0,bdba428790e769f2bfedb9ba71085b31b353022523a230b3451ed562275505ea,"0,2","0.490711838007,0.509288191795",3,3,3.0,248,248,0,32,0.0,0.0,0.0,0.0,0.0,0.0,0.0,0.0,1.444185426319018,0.2377345202670632,0.978225766595574,1.9101450860424618,STOP,0.0,0.0,0.0,0.0,0.0,0.0,0.0,0.0,1.444185426319018,0.2377345202670632,0.978225766595574,1.9101450860424618,STOP,False
heterogeneity_pressure_seed8_resource05_e09_t49_u0,heterogeneity_pressure,8,resource,1451868374,49,0,c6f5cd67d83b1a273f81b548a2ddb9c7afafaa7fbccf2707e4f56010d9b7187a,"1,2","0.499470382929,0.500529646873",1,1,1.0,96,96,0,32,0.0,0.0,0.0,0.0,0.0,0.0,0.0,0.0,2.7609375822823496,0.016303321039945227,2.728983073044057,2.7928920915206423,STOP,0.0,0.0,0.0,0.0,0.0,0.0,0.0,0.0,2.7609375822823496,0.016303321039945227,2.728983073044057,2.7928920915206423,STOP,False
heterogeneity_pressure_seed9_safety00_e02_t45_u2,heterogeneity_pressure,9,safety,1451878367,45,2,98451391452687077652ca50620ba794f6be2134031f835f62b24058397149de,4,1,2,2,2.0,64,64,0,32,0.0,0.0,0.0,0.0,0.0,0.0,0.0,0.0,0.25,0.0,0.25,0.25,STOP,0.0,0.0,0.0,0.0,0.0,0.0,0.0,0.0,0.25,0.0,0.25,0.25,STOP,False
heterogeneity_pressure_seed9_safety01_e00_t26_u2,heterogeneity_pressure,9,safety,1451878365,26,2,e4f2f5b70288f0560fcb3d1aa026e03619a25062c7c938baddff3fddc36e27b2,"2,4","0.500317573547,0.499682426453",2,17,9.5,1318,870,448,32,-0.06669480347607906,0.0377441420778005,-0.14067332194856802,0.00728371499640991,-0.07817462086677551,0.03262735112150546,-0.14212422906492622,-0.014225012668624817,0.04690477252006531,0.010875783707168485,0.025588236454015076,0.06822130858611554,AMBIGUOUS,-0.01754390621847675,0.048490566546814204,-0.11258541665023258,0.07749760421327909,-0.07817462086677551,0.03262735112150546,-0.14212422906492622,-0.014225012668624817,0.0,0.0,0.0,0.0,AMBIGUOUS,False
heterogeneity_pressure_seed9_safety02_e00_t25_u2,heterogeneity_pressure,9,safety,1451878365,25,2,de444a5da45423fe64d9ae6dfe793611c7ec939e3b33413fe3397682c2056094,"2,3,4","0.332841843367,0.334721326828,0.332436859608",3,18,9.333333333333334,1966,1261,705,32,0.03901590958437857,0.042722159173454205,-0.044719522395591675,0.1227513415643488,-0.0312039228156209,0.017424756573611245,-0.06535644569989893,0.002948600068657138,0.04422024078667164,0.008348417025217781,0.027857343417244787,0.06058313815609849,STOP,0.11526078108658386,0.05584793375578942,0.0057988309252366005,0.22472273124793113,-0.0312039228156209,0.017424756573611245,-0.06535644569989893,0.002948600068657138,0.0,0.0,0.0,0.0,AMBIGUOUS,True
heterogeneity_pressure_seed9_safety03_e02_t44_u2,heterogeneity_pressure,9,safety,1451878367,44,2,2c6ad9317c29bb8df30791278dd604f8336f17e832f48b780cd91c8f3f9e7982,4,1,3,3,3.0,126,126,0,32,-0.012866627560076137,0.012866627560076137,-0.03808521757782536,0.012351962457673091,0.0,0.0,0.0,0.0,0.2421875,0.0078125,0.226875,0.2575,STOP,-0.012866627560076137,0.012866627560076137,-0.03808521757782536,0.012351962457673091,0.0,0.0,0.0,0.0,0.2421875,0.0078125,0.226875,0.2575,STOP,False
heterogeneity_pressure_seed9_safety04_e00_t24_u2,heterogeneity_pressure,9,safety,1451878365,24,2,8a6a298af06bf3d67f520838c4f1fb03775edc1141304102679dfe096adc3a92,"2,3,4","0.33283239603,0.334554046392,0.332613587379",4,19,10.333333333333334,2031,1350,681,32,-0.030048547349268383,0.029536354559739346,-0.0879398022863575,0.027842707587820734,-0.04160404950380325,0.019769868361371245,-0.0803529914920909,-0.002855107515515612,0.06761832139454782,0.008720048121823292,0.05052702707577417,0.08470961571332147,AMBIGUOUS,0.017434612338896836,0.04794294548116969,-0.07653356080419574,0.11140278548198942,-0.04160404950380325,0.019769868361371245,-0.0803529914920909,-0.002855107515515612,0.007812500232830644,0.007812500232830644,-0.007500000223517418,0.023125000689178707,AMBIGUOUS,False
heterogeneity_pressure_seed9_safety05_e00_t23_u2,heterogeneity_pressure,9,safety,1451878365,23,2,cdf6ab1bfb65e9e46eed2ab8d8a8a5ce7fcd10548e89aab5a34e668d800e2ec6,"2,3,4","0.332817256451,0.334391504526,0.332791209221",5,20,11.333333333333334,1970,1370,600,32,0.012952438915296903,0.024292090764188506,-0.034660058982512565,0.060564936813106374,0.0,0.0,0.0,0.0,0.08586553600616753,0.012118060002158412,0.06211413840193704,0.10961693361039802,STOP,0.07269352666661195,0.041212497678399296,-0.008082968783050662,0.15347002211627458,0.0,0.0,0.0,0.0,0.020837567979469895,0.013490114640696427,-0.005603056716295102,0.04727819267523489,AMBIGUOUS,True
heterogeneity_pressure_seed9_resource00_e02_t04_u0,heterogeneity_pressure,9,resource,1451878367,4,0,894626ffa0aa7e406d0dc642d89cff9908c3e5843d03009bab96a32650e0a7a2,2,1,30,30,30.0,2678,1920,758,32,0.0,0.0,0.0,0.0,0.0,0.0,0.0,0.0,-0.15625,0.05354141824552217,-0.26119117976122347,-0.051308820238776545,AMBIGUOUS,0.0,0.0,0.0,0.0,0.0,0.0,0.0,0.0,-0.15625,0.04860711069048868,-0.25151993695335784,-0.06098006304664219,AMBIGUOUS,False
heterogeneity_pressure_seed9_resource01_e10_t04_u0,heterogeneity_pressure,9,resource,1451878375,4,0,0f1ed530b7f42479c247ca7943ad60ea83764a90c75442be8c5c4b2d2ed349cf,"0,1,2,4","0.247945338488,0.243829280138,0.247539117932,0.260686218739",19,31,26.25,6039,4338,1701,32,-0.09783785575353429,0.0538674786108824,-0.20341811383086378,0.007742402323795208,-0.039935916662216187,0.02020713012674765,-0.07954189171064158,-0.0003299416137907893,-0.002036611083894968,0.013244287570720843,-0.02799541472250782,0.023922192554717885,AMBIGUOUS,-0.11514274152950996,0.05681683600025335,-0.2265037400900065,-0.003781742969013402,-0.039935916662216187,0.02020713012674765,-0.07954189171064158,-0.0003299416137907893,0.0,0.0,0.0,0.0,AMBIGUOUS,False
heterogeneity_pressure_seed9_resource02_e07_t04_u0,heterogeneity_pressure,9,resource,1451878372,4,0,14aa4b705712983420f8a0288dfe65f93216ac49b4848b7067a3a78a489dc3ad,"0,1,2,3,4","0.197766125202,0.196688532829,0.206107378006,0.196232423186,0.203205525875",20,37,27.4,6632,5380,1252,32,-0.02087253469130278,0.06380763939351816,-0.14593550790259838,0.10419043851999281,0.013912983238697052,0.033815180001902645,-0.05236476956503214,0.08019073604242624,0.0,0.0,0.0,0.0,AMBIGUOUS,-0.01729366584906411,0.06933581307243666,-0.15319185947103997,0.11860452777291175,0.044617059640586376,0.05215181130625808,-0.057600490519679456,0.14683460980085222,0.0,0.0,0.0,0.0,AMBIGUOUS,False
heterogeneity_pressure_seed9_resource03_e02_t02_u0,heterogeneity_pressure,9,resource,1451878367,2,0,92ed945bbb52592c6e33b2bf6cf8da62200cec78eeee572c06044863763320e8,2,1,32,32,32.0,2756,2024,732,32,0.0,0.0,0.0,0.0,0.0,0.0,0.0,0.0,-0.109375,0.05257662898401323,-0.21242519280866595,-0.0063248071913340614,AMBIGUOUS,-0.012866627560076137,0.012866627560076137,-0.03808521757782536,0.012351962457673091,0.0,0.0,0.0,0.0,-0.1796875,0.0703125,-0.3175,-0.041874999999999996,AMBIGUOUS,False
heterogeneity_pressure_seed9_resource04_e08_t04_u0,heterogeneity_pressure,9,resource,1451878373,4,0,789bc1ef95af6afcfe79a872365a98d4eee3ce858ec689ccf7b306d6076f2d8d,"1,2,4","0.337332725525,0.330158919096,0.332508414984",35,46,41.666666666666664,5776,5379,397,32,-0.042911622281224346,0.06427788805906394,-0.16889628287698966,0.08307303831454098,0.010615069419145584,0.03498853776258631,-0.05796246459552358,0.07919260343381475,0.0,0.0,0.0,0.0,AMBIGUOUS,-0.030778962875996844,0.06709218172010746,-0.16227963904740747,0.10072171329541377,0.010615069419145584,0.03498853776258631,-0.05796246459552358,0.07919260343381475,0.0,0.0,0.0,0.0,AMBIGUOUS,False
heterogeneity_pressure_seed9_resource05_e10_t02_u0,heterogeneity_pressure,9,resource,1451878375,2,0,86d9c26349fd184a1b08641d6ddd7d692a4516246f8f715a6f37c18c7a597e93,"0,1,2,4","0.248232573271,0.243785351515,0.2473243922,0.260657668114",21,33,28.25,6533,4672,1861,32,-0.03989301591639717,0.0681268864568443,-0.173421713371812,0.09363568153901765,0.007450935896486044,0.04405844237594645,-0.078903611160369,0.09380548295334108,6.232713349163532e-05,0.021874123648875834,-0.042810955218305,0.04293560948528827,AMBIGUOUS,-0.04905761717450232,0.07703855632242505,-0.20005318756645543,0.10193795321745078,0.007450935896486044,0.04405844237594645,-0.078903611160369,0.09380548295334108,-0.0019393169786781073,0.0019393169786781068,-0.005740378256887196,0.0018617442995309819,AMBIGUOUS,False
heterogeneity_pressure_seed10_safety00_e10_t40_u2,heterogeneity_pressure,10,safety,1451888375,40,2,e8dc0a84d2468cb137e9e2b370733a97a16ffe78d8d849a8a030cc83c771fb33,"0,2,3,4","0.256221443415,0.248797863722,0.254653483629,0.240327164531",2,10,5.0,906,638,268,32,-0.12921734920048122,0.029929653912612417,-0.18787947086920156,-0.07055522753176088,-0.1174049498513341,0.027559360859846428,-0.1714212971366331,-0.0633886025660351,0.07038054121658209,0.09088091733145012,-0.10774605675306013,0.2485071391862243,ENGAGE,-0.12921734920048122,0.029929653912612417,-0.18787947086920156,-0.07055522753176088,-0.1174049498513341,0.027559360859846428,-0.1714212971366331,-0.0633886025660351,0.23756458251737061,0.12681386666841962,-0.010990596152731846,0.4861197611874731,ENGAGE,False
heterogeneity_pressure_seed10_safety01_e10_t40_u1,heterogeneity_pressure,10,safety,1451888375,40,1,e8dc0a84d2468cb137e9e2b370733a97a16ffe78d8d849a8a030cc83c771fb33,"0,1,2,3,4","0.205933511257,0.19761992991,0.198856621981,0.204591661692,0.192998230457",2,10,6.0,1135,826,309,32,-0.31171275096153933,0.04332289639761183,-0.39662562790085854,-0.22679987402222013,-0.31614710483700037,0.047586129529276155,-0.40941591871438165,-0.2228782909596191,0.8810022400692106,0.13246307676856706,0.6213746096028192,1.140629870535602,ENGAGE,-0.3117127509615393,0.05193737099343677,-0.41350999810867534,-0.20991550381440321,-0.31614710483700037,0.06099234684605269,-0.43569210465526365,-0.1966021050187371,1.5852908607106657,0.24315661268088265,1.1087038998561356,2.061877821565196,ENGAGE,False
heterogeneity_pressure_seed10_safety02_e10_t40_u0,heterogeneity_pressure,10,safety,1451888375,40,0,e8dc0a84d2468cb137e9e2b370733a97a16ffe78d8d849a8a030cc83c771fb33,"0,1,2,3,4","0.205393895507,0.198218807578,0.199893534184,0.204138025641,0.19235573709",2,10,6.0,1137,834,303,32,-0.3365277282634889,0.04774216281680371,-0.4301023673844242,-0.24295308914255365,-0.3465218357741833,0.04613928474068888,-0.4369548338659335,-0.25608883768243307,1.5826179865282026,0.2213583553232102,1.1487556100947107,2.0164803629616945,ENGAGE,-0.33652772826348887,0.05169796975420234,-0.43785574898172547,-0.23519970754525227,-0.3465218357741833,0.0541966162888785,-0.4527472037003851,-0.24029646784798142,1.8294499769108366,0.280408117879405,1.2798500658672027,2.37904988795447,ENGAGE,False
heterogeneity_pressure_seed10_safety03_e03_t33_u2,heterogeneity_pressure,10,safety,1451888368,33,2,51dd5f5ecac4788e99d5a0425e96931b5bdfd79ae3c6a0b2a32dd0690e47cf7b,"1,3,4","0.33383589983,0.330201208591,0.335962861776",2,17,9.333333333333334,990,771,219,32,-0.06634920179633604,0.024806523493200953,-0.11496998784300991,-0.01772841574966217,-0.06299303658306599,0.023551726314696764,-0.10915442015987165,-0.016831653006260328,-0.021504257339984165,0.1320347657464112,-0.28029239820295015,0.2372838835229818,AMBIGUOUS,-0.06634920179633604,0.024806523493200953,-0.11496998784300991,-0.01772841574966217,-0.06299303658306599,0.023551726314696764,-0.10915442015987165,-0.016831653006260328,-0.024083954282104948,0.13214893974120992,-0.2830958761748764,0.2349279676106665,AMBIGUOUS,False
heterogeneity_pressure_seed10_safety04_e03_t33_u1,heterogeneity_pressure,10,safety,1451888368,33,1,51dd5f5ecac4788e99d5a0425e96931b5bdfd79ae3c6a0b2a32dd0690e47cf7b,"1,2,3,4","0.253253787756,0.24191826582,0.249476715922,0.255351245403",2,17,11.25,1396,1109,287,32,-0.17819866619395652,0.023469776534384576,-0.2241994282013503,-0.13219790418656274,-0.15959452837705612,0.022203057107682254,-0.20311252030811333,-0.11607653644599891,0.6410474220057951,0.1971472793921419,0.25463875439719696,1.0274560896143932,ENGAGE,-0.17819866619395652,0.023469776534384576,-0.2241994282013503,-0.13219790418656274,-0.15959452837705612,0.022203057107682254,-0.20311252030811333,-0.11607653644599891,0.6273184545803818,0.2773062650545468,0.0837981750734701,1.1708387340872934,ENGAGE,False
heterogeneity_pressure_seed10_safety05_e03_t33_u0,heterogeneity_pressure,10,safety,1451888368,33,0,51dd5f5ecac4788e99d5a0425e96931b5bdfd79ae3c6a0b2a32dd0690e47cf7b,"1,2,3,4","0.252408325672,0.243567228317,0.249212577939,0.254811882973",2,17,11.25,1575,1229,346,32,-0.20457064891895838,0.05059217111957415,-0.30373130431332374,-0.10540999352459304,-0.2131930715404451,0.050396566272052926,-0.3119703414336688,-0.11441580164722136,0.3575507597299292,0.3346438343726053,-0.2983511556403772,1.0134526751002357,ENGAGE,-0.19772703771261102,0.05168942814095645,-0.29903831686888566,-0.09641575855633638,-0.2131930715404451,0.050396566272052926,-0.3119703414336688,-0.11441580164722136,-0.0816765723749995,0.4239338670591573,-0.9125869518109478,0.7492338070609489,ENGAGE,False
heterogeneity_pressure_seed10_resource00_e08_t49_u0,heterogeneity_pressure,10,resource,1451888373,49,0,75af5cfbb55dcb7856435018ff6108aa0839d56c5960486e221461165b9fd1bb,2,1,1,1,1.0,64,64,0,32,0.0,0.0,0.0,0.0,0.0,0.0,0.0,0.0,2.0734375,0.12366187753158649,1.8310602200380903,2.3158147799619093,STOP,0.0,0.0,0.0,0.0,0.0,0.0,0.0,0.0,2.0734375,0.12366187753158649,1.8310602200380903,2.3158147799619093,STOP,False
heterogeneity_pressure_seed10_resource01_e08_t48_u0,heterogeneity_pressure,10,resource,1451888373,48,0,42f575ea4e583ecabaad88afe113618a80920f575b8b558e49c677ec2ddeb056,2,1,2,2,2.0,96,96,0,32,0.0,0.0,0.0,0.0,0.0,0.0,0.0,0.0,0.8875,0.22069127100267055,0.4549451088347657,1.3200548911652343,STOP,0.0,0.0,0.0,0.0,0.0,0.0,0.0,0.0,0.8875,0.22069127100267055,0.4549451088347657,1.3200548911652343,STOP,False
heterogeneity_pressure_seed10_resource02_e08_t47_u0,heterogeneity_pressure,10,resource,1451888373,47,0,21af6f0041cb94a0f422baa94e674d432c1ee188ef85e7e8882c3b0fcab47f86,2,1,3,3,3.0,92,92,0,32,0.0,0.0,0.0,0.0,0.0,0.0,0.0,0.0,1.2171874999999999,0.22665841962854158,0.7729369975280584,1.6614380024719413,STOP,0.0,0.0,0.0,0.0,0.0,0.0,0.0,0.0,1.2171874999999999,0.22665841962854158,0.7729369975280584,1.6614380024719413,STOP,False
heterogeneity_pressure_seed10_resource03_e08_t46_u0,heterogeneity_pressure,10,resource,1451888373,46,0,26aca723a1843c8b71495a8302e859170659634e8bd0377600c1d36d1746332b,2,1,4,4,4.0,119,119,0,32,0.0,0.0,0.0,0.0,0.0,0.0,0.0,0.0,0.4859374999999999,0.23748126385136897,0.020474222851316726,0.9514007771486831,STOP,0.0,0.0,0.0,0.0,0.0,0.0,0.0,0.0,0.4859374999999999,0.23748126385136897,0.020474222851316726,0.9514007771486831,STOP,False
heterogeneity_pressure_seed10_resource04_e08_t45_u0,heterogeneity_pressure,10,resource,1451888373,45,0,9c7b1f69ef43c2a5c96f2c55e67e02580a9c7e12d1577758915654762d84f3d6,2,1,5,5,5.0,121,121,0,32,0.0,0.0,0.0,0.0,0.0,0.0,0.0,0.0,0.73125,0.2850151205666339,0.17262036368939748,1.2898796363106024,STOP,0.0,0.0,0.0,0.0,0.0,0.0,0.0,0.0,0.73125,0.2850151205666339,0.17262036368939748,1.2898796363106024,STOP,False
heterogeneity_pressure_seed10_resource05_e08_t44_u0,heterogeneity_pressure,10,resource,1451888373,44,0,345da50cd318f83719b8cbc8dfb4d4865ece7122ebed8193fb21330f22be15c8,2,1,6,6,6.0,134,134,0,32,0.0,0.0,0.0,0.0,0.0,0.0,0.0,0.0,0.6828124999999998,0.27537190188869737,0.14308357229815294,1.2225414277018467,STOP,0.0,0.0,0.0,0.0,0.0,0.0,0.0,0.0,0.6828124999999998,0.27537190188869737,0.14308357229815294,1.2225414277018467,STOP,False
