method,method_type,train_scenario,eval_scenario,metric,n_runs,mean,std,ci_low,ci_high
autoregressive_ppo_order_012,learning,medium,medium,assignment_conflict_rate,3,0.0,0.0,0.0,0.0
autoregressive_ppo_order_012,learning,medium,time_pressure,assignment_conflict_rate,3,0.0,0.0,0.0,0.0
autoregressive_ppo_order_012,learning,medium,heterogeneity_pressure,assignment_conflict_rate,3,0.0,0.0,0.0,0.0
autoregressive_ppo_order_012,learning,medium,medium,avg_ammo_used,3,7.373333333333332,5.0767443635989125,0.0,19.984665459709035
autoregressive_ppo_order_012,learning,medium,time_pressure,avg_ammo_used,3,7.046666666666666,5.216793395691775,0.0,20.00589987515407
autoregressive_ppo_order_012,learning,medium,heterogeneity_pressure,avg_ammo_used,3,7.259999999999999,5.174205252983302,0.0,20.113438397113192
autoregressive_ppo_order_012,learning,medium,medium,avg_decision_time_ms,3,1.2247771163966912,0.10436200608162029,0.9655275214186336,1.4840267113747487
autoregressive_ppo_order_012,learning,medium,time_pressure,avg_decision_time_ms,3,1.1750812718587456,0.07817916143738135,0.9808734686615361,1.369289075055955
autoregressive_ppo_order_012,learning,medium,heterogeneity_pressure,avg_decision_time_ms,3,1.2785001582922109,0.17633523282156796,0.8404591565353077,1.716541160049114
autoregressive_ppo_order_012,learning,medium,medium,avg_invalid_actions,3,0.0,0.0,0.0,0.0
autoregressive_ppo_order_012,learning,medium,time_pressure,avg_invalid_actions,3,0.0,0.0,0.0,0.0
autoregressive_ppo_order_012,learning,medium,heterogeneity_pressure,avg_invalid_actions,3,0.0,0.0,0.0,0.0
autoregressive_ppo_order_012,learning,medium,medium,avg_resource_cost,3,8.726666666666668,3.4508163285421807,0.1543636887174511,17.298969644615887
autoregressive_ppo_order_012,learning,medium,time_pressure,avg_resource_cost,3,8.453333333333333,3.3406037378493925,0.15481360823038237,16.751853058436282
autoregressive_ppo_order_012,learning,medium,heterogeneity_pressure,avg_resource_cost,3,9.713999999999999,1.7142616486406037,5.455537990857353,13.972462009142644
autoregressive_ppo_order_012,learning,medium,medium,avg_reward,3,-72.39474485440148,10.778013452847837,-99.16881453004139,-45.62067517876157
autoregressive_ppo_order_012,learning,medium,time_pressure,avg_reward,3,-86.5902648364739,23.73799902185867,-145.5587234074347,-27.621806265513094
autoregressive_ppo_order_012,learning,medium,heterogeneity_pressure,avg_reward,3,-74.45568506196555,6.041683019872646,-89.46405769388682,-59.447312430044285
autoregressive_ppo_order_012,learning,medium,medium,avg_shots,3,7.373333333333332,5.0767443635989125,0.0,19.984665459709035
autoregressive_ppo_order_012,learning,medium,time_pressure,avg_shots,3,7.046666666666666,5.216793395691775,0.0,20.00589987515407
autoregressive_ppo_order_012,learning,medium,heterogeneity_pressure,avg_shots,3,7.259999999999999,5.174205252983302,0.0,20.113438397113192
autoregressive_ppo_order_012,learning,medium,medium,avg_steps,3,46.07333333333333,1.2067034985170688,43.075715665803166,49.070951000863495
autoregressive_ppo_order_012,learning,medium,time_pressure,avg_steps,3,34.086666666666666,1.1548737304715777,31.217801280527986,36.955532052805346
autoregressive_ppo_order_012,learning,medium,heterogeneity_pressure,avg_steps,3,45.946666666666665,0.9806800361653801,43.510522405697756,48.382810927635575
autoregressive_ppo_order_012,learning,medium,medium,avg_total_damage,3,1.9605477577335766,0.2487156279642159,1.3427038868136594,2.5783916286534936
autoregressive_ppo_order_012,learning,medium,time_pressure,avg_total_damage,3,2.3125681710704993,0.5081180040092413,1.0503330753074795,3.574803266833519
autoregressive_ppo_order_012,learning,medium,heterogeneity_pressure,avg_total_damage,3,1.9924222148053168,0.1565919145010126,1.6034263346429887,2.381418094967645
autoregressive_ppo_order_012,learning,medium,medium,avg_zone_weighted_damage,3,1.9605477577335766,0.24871562796421606,1.3427038868136592,2.578391628653494
autoregressive_ppo_order_012,learning,medium,time_pressure,avg_zone_weighted_damage,3,2.3125681710704993,0.5081180040092413,1.0503330753074795,3.574803266833519
autoregressive_ppo_order_012,learning,medium,heterogeneity_pressure,avg_zone_weighted_damage,3,1.9924222148053168,0.1565919145010126,1.6034263346429887,2.381418094967645
autoregressive_ppo_order_012,learning,medium,medium,damage_reduction_per_ammo,3,0.12177158872676037,0.03551980966555345,0.03353549002345861,0.21000768743006215
autoregressive_ppo_order_012,learning,medium,time_pressure,damage_reduction_per_ammo,3,0.14299792080927007,0.020549688309282686,0.09194966511609867,0.19404617650244146
autoregressive_ppo_order_012,learning,medium,heterogeneity_pressure,damage_reduction_per_ammo,3,0.14089031684244788,0.05289160579928454,0.009500284243040918,0.27228034944185486
autoregressive_ppo_order_012,learning,medium,medium,high_threat_leak_rate,3,0.5282330949563546,0.05609900195736628,0.38887544860423245,0.6675907413084767
autoregressive_ppo_order_012,learning,medium,time_pressure,high_threat_leak_rate,3,0.6323270048760244,0.1790741958139192,0.18748204185881734,1.0
autoregressive_ppo_order_012,learning,medium,heterogeneity_pressure,high_threat_leak_rate,3,0.539057234668949,0.08314470618860467,0.3325143344959946,0.7456001348419032
autoregressive_ppo_order_012,learning,medium,medium,hit_rate_per_shot,3,0.1719771381694419,0.04768472148217274,0.05352172326273345,0.29043255307615035
autoregressive_ppo_order_012,learning,medium,time_pressure,hit_rate_per_shot,3,0.1928346235950359,0.02741457423924115,0.12473304587660179,0.26093620131347
autoregressive_ppo_order_012,learning,medium,heterogeneity_pressure,hit_rate_per_shot,3,0.19592961756262742,0.0703247443650353,0.02123326801840661,0.37062596710684825
autoregressive_ppo_order_012,learning,medium,medium,intercept_rate,3,0.228,0.10213716267842964,0.0,0.48172277757752124
autoregressive_ppo_order_012,learning,medium,time_pressure,intercept_rate,3,0.2693333333333333,0.18681898547346126,0.0,0.7334174204131445
autoregressive_ppo_order_012,learning,medium,heterogeneity_pressure,intercept_rate,3,0.23600000000000002,0.07631513611335565,0.04642269240580302,0.425577307594197
autoregressive_ppo_order_012,learning,medium,medium,leak_rate,3,0.5506666666666667,0.06601010023726167,0.3866884873128977,0.7146448460204358
autoregressive_ppo_order_012,learning,medium,time_pressure,leak_rate,3,0.6626666666666666,0.13098600434143082,0.3372793935746582,0.9880539397586751
autoregressive_ppo_order_012,learning,medium,heterogeneity_pressure,leak_rate,3,0.56,0.03487119154832536,0.47337515802220914,0.646624841977791
autoregressive_ppo_order_012,learning,medium,medium,overkill_rate,3,0.0,0.0,0.0,0.0
autoregressive_ppo_order_012,learning,medium,time_pressure,overkill_rate,3,0.0,0.0,0.0,0.0
autoregressive_ppo_order_012,learning,medium,heterogeneity_pressure,overkill_rate,3,0.0,0.0,0.0,0.0
autoregressive_ppo_order_012,learning,medium,medium,success_rate,3,0.0,0.0,0.0,0.0
autoregressive_ppo_order_012,learning,medium,time_pressure,success_rate,3,0.0,0.0,0.0,0.0
autoregressive_ppo_order_012,learning,medium,heterogeneity_pressure,success_rate,3,0.0,0.0,0.0,0.0
autoregressive_ppo_order_120,learning,medium,medium,assignment_conflict_rate,3,0.0,0.0,0.0,0.0
autoregressive_ppo_order_120,learning,medium,time_pressure,assignment_conflict_rate,3,0.0,0.0,0.0,0.0
autoregressive_ppo_order_120,learning,medium,heterogeneity_pressure,assignment_conflict_rate,3,0.0,0.0,0.0,0.0
autoregressive_ppo_order_120,learning,medium,medium,avg_ammo_used,3,8.479999999999999,3.1007740968990305,0.7772501303700006,16.182749869629998
autoregressive_ppo_order_120,learning,medium,time_pressure,avg_ammo_used,3,7.78,3.517214807201858,0.0,16.517245942788527
autoregressive_ppo_order_120,learning,medium,heterogeneity_pressure,avg_ammo_used,3,8.1,3.2211178183978304,0.09829975342615782,16.10170024657384
autoregressive_ppo_order_120,learning,medium,medium,avg_decision_time_ms,3,1.2963049313624386,0.06287763624885004,1.1401082239328864,1.452501638791991
autoregressive_ppo_order_120,learning,medium,time_pressure,avg_decision_time_ms,3,1.2553468216989838,0.09163949531475991,1.027701695504642,1.4829919478933256
autoregressive_ppo_order_120,learning,medium,heterogeneity_pressure,avg_decision_time_ms,3,1.2511553888144993,0.09792846113092347,1.0078876054685106,1.494423172160488
autoregressive_ppo_order_120,learning,medium,medium,avg_invalid_actions,3,0.0,0.0,0.0,0.0
autoregressive_ppo_order_120,learning,medium,time_pressure,avg_invalid_actions,3,0.0,0.0,0.0,0.0
autoregressive_ppo_order_120,learning,medium,heterogeneity_pressure,avg_invalid_actions,3,0.0,0.0,0.0,0.0
autoregressive_ppo_order_120,learning,medium,medium,avg_resource_cost,3,10.450000000000001,2.562869485557156,4.083479260712198,16.816520739287803
autoregressive_ppo_order_120,learning,medium,time_pressure,avg_resource_cost,3,9.93,2.688140621321734,3.25228850816947,16.60771149183053
autoregressive_ppo_order_120,learning,medium,heterogeneity_pressure,avg_resource_cost,3,8.615666666666668,3.6533464567890803,0.0,17.691082373953407
autoregressive_ppo_order_120,learning,medium,medium,avg_reward,3,-75.76462279379861,7.901284884455269,-95.39250254631355,-56.136743041283665
autoregressive_ppo_order_120,learning,medium,time_pressure,avg_reward,3,-93.36231924645396,6.477884261902579,-109.45427583360069,-77.27036265930724
autoregressive_ppo_order_120,learning,medium,heterogeneity_pressure,avg_reward,3,-79.59477853981372,4.986896430512219,-91.98291602728871,-67.20664105233872
autoregressive_ppo_order_120,learning,medium,medium,avg_shots,3,8.479999999999999,3.1007740968990305,0.7772501303700006,16.182749869629998
autoregressive_ppo_order_120,learning,medium,time_pressure,avg_shots,3,7.78,3.517214807201858,0.0,16.517245942788527
autoregressive_ppo_order_120,learning,medium,heterogeneity_pressure,avg_shots,3,8.1,3.2211178183978304,0.09829975342615782,16.10170024657384
autoregressive_ppo_order_120,learning,medium,medium,avg_steps,3,45.54,2.622899159327327,39.02435728427749,52.055642715722506
autoregressive_ppo_order_120,learning,medium,time_pressure,avg_steps,3,33.919999999999995,1.4501034445859364,30.317743347409657,37.522256652590336
autoregressive_ppo_order_120,learning,medium,heterogeneity_pressure,avg_steps,3,45.193333333333335,1.415391583037476,41.67730572505951,48.70936094160716
autoregressive_ppo_order_120,learning,medium,medium,avg_total_damage,3,2.0003890972467335,0.14626654248583326,1.637042863094846,2.363735331398621
autoregressive_ppo_order_120,learning,medium,time_pressure,avg_total_damage,3,2.432670858682285,0.15204319815393003,2.05497461633766,2.8103671010269102
autoregressive_ppo_order_120,learning,medium,heterogeneity_pressure,avg_total_damage,3,2.1145041435591603,0.1591677325600309,1.7191095766178965,2.509898710500424
autoregressive_ppo_order_120,learning,medium,medium,avg_zone_weighted_damage,3,2.0003890972467335,0.1462665424858335,1.6370428630948453,2.3637353313986216
autoregressive_ppo_order_120,learning,medium,time_pressure,avg_zone_weighted_damage,3,2.4326708586822847,0.15204319815392955,2.0549746163376605,2.810367101026909
autoregressive_ppo_order_120,learning,medium,heterogeneity_pressure,avg_zone_weighted_damage,3,2.1145041435591603,0.1591677325600309,1.7191095766178965,2.509898710500424
autoregressive_ppo_order_120,learning,medium,medium,damage_reduction_per_ammo,3,0.10673591287226424,0.04544572310485196,0.0,0.21962934747339127
autoregressive_ppo_order_120,learning,medium,time_pressure,damage_reduction_per_ammo,3,0.11826197202676474,0.02486498467432444,0.056493925895946845,0.18003001815758263
autoregressive_ppo_order_120,learning,medium,heterogeneity_pressure,damage_reduction_per_ammo,3,0.10003900700396773,0.04015745754595442,0.0002823523072856965,0.19979566170064977
autoregressive_ppo_order_120,learning,medium,medium,high_threat_leak_rate,3,0.5420332355816226,0.08419759489062566,0.3328748148777345,0.7511916562855108
autoregressive_ppo_order_120,learning,medium,time_pressure,high_threat_leak_rate,3,0.6480703392468098,0.03454110570315003,0.5622654759651238,0.7338752025284958
autoregressive_ppo_order_120,learning,medium,heterogeneity_pressure,high_threat_leak_rate,3,0.5851467613168188,0.051591410457896,0.4569865929975572,0.7133069296360803
autoregressive_ppo_order_120,learning,medium,medium,hit_rate_per_shot,3,0.14224079590193492,0.056022341244022396,0.003073585318837585,0.2814080064850323
autoregressive_ppo_order_120,learning,medium,time_pressure,hit_rate_per_shot,3,0.16897707194121336,0.04177326852473453,0.06520652025713321,0.27274762362529353
autoregressive_ppo_order_120,learning,medium,heterogeneity_pressure,hit_rate_per_shot,3,0.1420007584825274,0.059137837531155896,0.0,0.2889072908832153
autoregressive_ppo_order_120,learning,medium,medium,intercept_rate,3,0.22266666666666668,0.04601449047129974,0.10836033560135129,0.3369729977319821
autoregressive_ppo_order_120,learning,medium,time_pressure,intercept_rate,3,0.24933333333333338,0.08821186617078983,0.030202909957316726,0.46846375670935003
autoregressive_ppo_order_120,learning,medium,heterogeneity_pressure,intercept_rate,3,0.20533333333333334,0.04163331998932266,0.10191043308376972,0.30875623358289694
autoregressive_ppo_order_120,learning,medium,medium,leak_rate,3,0.5680000000000001,0.04454211490264015,0.4573512526106065,0.6786487473893936
autoregressive_ppo_order_120,learning,medium,time_pressure,leak_rate,3,0.6826666666666666,0.03716629297271025,0.59034047668834,0.7749928566449933
autoregressive_ppo_order_120,learning,medium,heterogeneity_pressure,leak_rate,3,0.5853333333333334,0.03257811126098827,0.5044048185733172,0.6662618480933495
autoregressive_ppo_order_120,learning,medium,medium,overkill_rate,3,0.0,0.0,0.0,0.0
autoregressive_ppo_order_120,learning,medium,time_pressure,overkill_rate,3,0.0,0.0,0.0,0.0
autoregressive_ppo_order_120,learning,medium,heterogeneity_pressure,overkill_rate,3,0.0,0.0,0.0,0.0
autoregressive_ppo_order_120,learning,medium,medium,success_rate,3,0.0,0.0,0.0,0.0
autoregressive_ppo_order_120,learning,medium,time_pressure,success_rate,3,0.006666666666666667,0.011547005383792516,0.0,0.03535101819797428
autoregressive_ppo_order_120,learning,medium,heterogeneity_pressure,success_rate,3,0.0,0.0,0.0,0.0
autoregressive_ppo_order_201,learning,medium,medium,assignment_conflict_rate,3,0.0,0.0,0.0,0.0
autoregressive_ppo_order_201,learning,medium,time_pressure,assignment_conflict_rate,3,0.0,0.0,0.0,0.0
autoregressive_ppo_order_201,learning,medium,heterogeneity_pressure,assignment_conflict_rate,3,0.0,0.0,0.0,0.0
autoregressive_ppo_order_201,learning,medium,medium,avg_ammo_used,3,9.166666666666666,2.967849951283476,1.7941186799583662,16.539214653374966
autoregressive_ppo_order_201,learning,medium,time_pressure,avg_ammo_used,3,7.913333333333334,2.0767602975146975,2.754374760075171,13.072291906591497
autoregressive_ppo_order_201,learning,medium,heterogeneity_pressure,avg_ammo_used,3,8.806666666666667,2.5868384822662067,2.380603638741829,15.232729694591505
autoregressive_ppo_order_201,learning,medium,medium,avg_decision_time_ms,3,1.2267336291865096,0.022496901364291548,1.170848228110638,1.2826190302623812
autoregressive_ppo_order_201,learning,medium,time_pressure,avg_decision_time_ms,3,1.2731693480784687,0.13881369189014958,0.9283370211511304,1.618001675005807
autoregressive_ppo_order_201,learning,medium,heterogeneity_pressure,avg_decision_time_ms,3,1.2372685132692682,0.06942268706085698,1.0648129982924888,1.4097240282460477
autoregressive_ppo_order_201,learning,medium,medium,avg_invalid_actions,3,0.0,0.0,0.0,0.0
autoregressive_ppo_order_201,learning,medium,time_pressure,avg_invalid_actions,3,0.0,0.0,0.0,0.0
autoregressive_ppo_order_201,learning,medium,heterogeneity_pressure,avg_invalid_actions,3,0.0,0.0,0.0,0.0
autoregressive_ppo_order_201,learning,medium,medium,avg_resource_cost,3,13.443333333333333,1.7006567358915596,9.218667801015243,17.667998865651423
autoregressive_ppo_order_201,learning,medium,time_pressure,avg_resource_cost,3,12.706666666666665,1.4455909979428256,9.1156195529546,16.297713780378732
autoregressive_ppo_order_201,learning,medium,heterogeneity_pressure,avg_resource_cost,3,13.475666666666667,0.7374593774122963,11.643716016375565,15.307617316957769
autoregressive_ppo_order_201,learning,medium,medium,avg_reward,3,-70.48037738869246,10.533037063897625,-96.64589197806026,-44.31486279932465
autoregressive_ppo_order_201,learning,medium,time_pressure,avg_reward,3,-83.41688286018442,13.05033209190127,-115.83570496014019,-50.99806076022864
autoregressive_ppo_order_201,learning,medium,heterogeneity_pressure,avg_reward,3,-71.97621527089063,6.650849310875632,-88.49784085900075,-55.45458968278052
autoregressive_ppo_order_201,learning,medium,medium,avg_shots,3,9.166666666666666,2.967849951283476,1.7941186799583662,16.539214653374966
autoregressive_ppo_order_201,learning,medium,time_pressure,avg_shots,3,7.913333333333334,2.0767602975146975,2.754374760075171,13.072291906591497
autoregressive_ppo_order_201,learning,medium,heterogeneity_pressure,avg_shots,3,8.806666666666667,2.5868384822662067,2.380603638741829,15.232729694591505
autoregressive_ppo_order_201,learning,medium,medium,avg_steps,3,46.26,0.38626415831655847,45.30046663764023,47.21953336235977
autoregressive_ppo_order_201,learning,medium,time_pressure,avg_steps,3,34.28666666666667,1.5756057036369644,30.372645119461676,38.200688213871665
autoregressive_ppo_order_201,learning,medium,heterogeneity_pressure,avg_steps,3,46.220000000000006,0.2905167809266816,45.49831630861267,46.94168369138734
autoregressive_ppo_order_201,learning,medium,medium,avg_total_damage,3,1.8158678699350308,0.24427066290537836,1.2090659043450476,2.422669835525014
autoregressive_ppo_order_201,learning,medium,time_pressure,avg_total_damage,3,2.214030341207064,0.2641371728004756,1.5578772291864205,2.8701834532277077
autoregressive_ppo_order_201,learning,medium,heterogeneity_pressure,avg_total_damage,3,1.8527072152327115,0.13654891863518134,1.5135008969565336,2.1919135335088895
autoregressive_ppo_order_201,learning,medium,medium,avg_zone_weighted_damage,3,1.8158678699350308,0.24427066290537836,1.2090659043450476,2.422669835525014
autoregressive_ppo_order_201,learning,medium,time_pressure,avg_zone_weighted_damage,3,2.214030341207064,0.2641371728004756,1.5578772291864205,2.8701834532277077
autoregressive_ppo_order_201,learning,medium,heterogeneity_pressure,avg_zone_weighted_damage,3,1.8527072152327115,0.13654891863518123,1.513500896956534,2.191913533508889
autoregressive_ppo_order_201,learning,medium,medium,damage_reduction_per_ammo,3,0.11125136087216136,0.014350075910503333,0.07560379613684184,0.14689892560748088
autoregressive_ppo_order_201,learning,medium,time_pressure,damage_reduction_per_ammo,3,0.15512379621361896,0.03319871874225157,0.07265360700522135,0.2375939854220166
autoregressive_ppo_order_201,learning,medium,heterogeneity_pressure,damage_reduction_per_ammo,3,0.11356083514170483,0.012439634071210591,0.08265907102541925,0.1444625992579904
autoregressive_ppo_order_201,learning,medium,medium,high_threat_leak_rate,3,0.48554132153453033,0.06399443683948722,0.32657032764130556,0.6445123154277551
autoregressive_ppo_order_201,learning,medium,time_pressure,high_threat_leak_rate,3,0.6099439775910364,0.10232000699747901,0.3557669895451909,0.8641209656368818
autoregressive_ppo_order_201,learning,medium,heterogeneity_pressure,high_threat_leak_rate,3,0.5173282474806059,0.01930652179348376,0.4693681886112776,0.5652883063499342
autoregressive_ppo_order_201,learning,medium,medium,hit_rate_per_shot,3,0.15350499658842742,0.02324361862089176,0.09576464701544354,0.2112453461614113
autoregressive_ppo_order_201,learning,medium,time_pressure,hit_rate_per_shot,3,0.21451403464572827,0.04534415732093398,0.10187290343865225,0.3271551658528043
autoregressive_ppo_order_201,learning,medium,heterogeneity_pressure,hit_rate_per_shot,3,0.1592224890424326,0.01833042887387556,0.11368717940484548,0.20475779868001975
autoregressive_ppo_order_201,learning,medium,medium,intercept_rate,3,0.28400000000000003,0.11221408111284431,0.005244769321627485,0.5627552306783725
autoregressive_ppo_order_201,learning,medium,time_pressure,intercept_rate,3,0.33066666666666666,0.07433258594542054,0.14601428671001324,0.5153190466233201
autoregressive_ppo_order_201,learning,medium,heterogeneity_pressure,intercept_rate,3,0.27466666666666667,0.059911045169762596,0.12583938001192627,0.42349395332140705
autoregressive_ppo_order_201,learning,medium,medium,leak_rate,3,0.5186666666666667,0.07422488351848947,0.3342818343703965,0.703051498962937
autoregressive_ppo_order_201,learning,medium,time_pressure,leak_rate,3,0.6346666666666666,0.06955094056397317,0.46189255232613613,0.8074407810071971
autoregressive_ppo_order_201,learning,medium,heterogeneity_pressure,leak_rate,3,0.5213333333333333,0.05064911976859353,0.3955139448507702,0.6471527218158964
autoregressive_ppo_order_201,learning,medium,medium,overkill_rate,3,0.0,0.0,0.0,0.0
autoregressive_ppo_order_201,learning,medium,time_pressure,overkill_rate,3,0.0,0.0,0.0,0.0
autoregressive_ppo_order_201,learning,medium,heterogeneity_pressure,overkill_rate,3,0.0,0.0,0.0,0.0
autoregressive_ppo_order_201,learning,medium,medium,success_rate,3,0.0,0.0,0.0,0.0
autoregressive_ppo_order_201,learning,medium,time_pressure,success_rate,3,0.006666666666666667,0.011547005383792516,0.0,0.03535101819797428
autoregressive_ppo_order_201,learning,medium,heterogeneity_pressure,success_rate,3,0.0,0.0,0.0,0.0
