absolute_loss,centered_loss,epoch,objective,pairwise_loss,total_loss,train_seed,validation_absolute_mae,validation_centered_mae,validation_score
0.9797247052192688,0.044074028730392456,0,absolute_mse,0.0,0.9797247052192688,14,0.8474890396958881,0.1541298649716689,1.001618904667557
0.9083791971206665,0.04282158613204956,1,absolute_mse,0.0,0.9083791971206665,14,0.8885340782359485,0.1566699540969462,1.0452040323328948
0.8997164368629456,0.04261719807982445,2,absolute_mse,0.0,0.8997164368629456,14,0.8506972260588023,0.15694559239610043,1.0076428184549027
0.8100963234901428,0.04264170303940773,3,absolute_mse,0.0,0.8100963234901428,14,0.8717858350374238,0.15796243305478516,1.029748268092209
0.8108488917350769,0.042774636298418045,4,absolute_mse,0.0,0.8108488917350769,14,0.8600221158214527,0.1601612567041077,1.0201833725255605
0.7320342659950256,0.04322686418890953,5,absolute_mse,0.0,0.7320342659950256,14,0.872131291259983,0.16249415522767768,1.0346254464876607
0.7151005864143372,0.043951377272605896,6,absolute_mse,0.0,0.7151005864143372,14,0.8732394673498586,0.16330577719533523,1.0365452445451937
0.6783243417739868,0.04435740038752556,7,absolute_mse,0.0,0.6783243417739868,14,0.8771927330983593,0.1628529518360477,1.040045684934407
0.6222361922264099,0.044414687901735306,8,absolute_mse,0.0,0.6222361922264099,14,0.9059936074354524,0.16208826247888714,1.0680818699143395
0.6201282739639282,0.044455282390117645,9,absolute_mse,0.0,0.6201282739639282,14,0.8987852207538164,0.1622415725892191,1.0610267933430355
0.5695521235466003,0.04481641948223114,10,absolute_mse,0.0,0.5695521235466003,14,0.8844879591099147,0.16246609668763023,1.046954055797545
0.5530758500099182,0.04522480070590973,11,absolute_mse,0.0,0.5530758500099182,14,0.8882882127249655,0.16221586026716628,1.0505040729921318
0.5376829504966736,0.04520674794912338,12,absolute_mse,0.0,0.5376829504966736,14,0.9040345530398942,0.16249961330648763,1.0665341663463819
0.5043457746505737,0.04515621066093445,13,absolute_mse,0.0,0.5043457746505737,14,0.9203796297623639,0.16413154917219844,1.0845111789345623
0.510992169380188,0.04543827101588249,14,absolute_mse,0.0,0.510992169380188,14,0.8984003019446152,0.16547463739714616,1.0638749393417612
0.47617611289024353,0.04575435444712639,15,absolute_mse,0.0,0.47617611289024353,14,0.8944898247146167,0.16643524344169122,1.0609250681563078
0.4832800626754761,0.046006184071302414,16,absolute_mse,0.0,0.4832800626754761,14,0.8917028361015402,0.16815918462459736,1.0598620207261376
0.4556148052215576,0.046609777957201004,17,absolute_mse,0.0,0.4556148052215576,14,0.8940179860456547,0.1697919116651232,1.063809897710778
0.4552515745162964,0.0474347323179245,18,absolute_mse,0.0,0.4552515745162964,14,0.8862301090945569,0.1704591277020871,1.056689236796644
0.4350118637084961,0.04745887592434883,19,absolute_mse,0.0,0.4350118637084961,14,0.8782430606012689,0.1701921392630737,1.0484351998643426
0.4264751076698303,0.04682118445634842,20,absolute_mse,0.0,0.4264751076698303,14,0.8720311748812204,0.17043602047923734,1.0424671953604578
0.4124481976032257,0.04644450172781944,21,absolute_mse,0.0,0.4124481976032257,14,0.8644166025955438,0.1711145006154351,1.0355311032109789
0.39951473474502563,0.0463503934442997,22,absolute_mse,0.0,0.39951473474502563,14,0.8559980470505569,0.1713299719080689,1.0273280189586258
0.3898318111896515,0.045731060206890106,23,absolute_mse,0.0,0.3898318111896515,14,0.856893284453676,0.17132985633374823,1.0282231407874243
0.37531551718711853,0.04474857822060585,24,absolute_mse,0.0,0.37531551718711853,14,0.8593054797735163,0.17188307223556168,1.031188552009078
0.3683833181858063,0.044197265058755875,25,absolute_mse,0.0,0.3683833181858063,14,0.8387858195598846,0.17278801756871692,1.0115738371286016
0.3547464907169342,0.04409484565258026,26,absolute_mse,0.0,0.3547464907169342,14,0.8332757815457681,0.17328747013442963,1.0065632516801977
0.3490937054157257,0.04382472485303879,27,absolute_mse,0.0,0.3490937054157257,14,0.8512157058334093,0.17327417506929854,1.0244898809027079
0.33766770362854004,0.043353598564863205,28,absolute_mse,0.0,0.33766770362854004,14,0.8535382111657497,0.17324097493765883,1.0267791861034086
0.3316342830657959,0.04306286573410034,29,absolute_mse,0.0,0.3316342830657959,14,0.8318127094561416,0.17289227015117295,1.0047049796073146
0.32296645641326904,0.04283374920487404,30,absolute_mse,0.0,0.32296645641326904,14,0.8323199926184864,0.17182487350023362,1.00414486611872
0.3143766522407532,0.042360782623291016,31,absolute_mse,0.0,0.3143766522407532,14,0.8605468705010745,0.170365060372188,1.0309119308732624
0.30892351269721985,0.04178747907280922,32,absolute_mse,0.0,0.30892351269721985,14,0.8508133342807596,0.16861420509520733,1.0194275393759669
0.2968583106994629,0.041244711726903915,33,absolute_mse,0.0,0.2968583106994629,14,0.8341214155307888,0.16643880993175073,1.0005602254625394
0.29400426149368286,0.04068578779697418,34,absolute_mse,0.0,0.29400426149368286,14,0.8634656647266307,0.16413550428049933,1.02760116900713
0.28220483660697937,0.040173232555389404,35,absolute_mse,0.0,0.28220483660697937,14,0.8789737626928765,0.1625599533451236,1.041533716038
0.2774001657962799,0.039727624505758286,36,absolute_mse,0.0,0.2774001657962799,14,0.8513293566600795,0.16104119842722048,1.0123705550873
0.27308809757232666,0.039329349994659424,37,absolute_mse,0.0,0.27308809757232666,14,0.8825832381490368,0.16053714337521063,1.0431203815242474
0.2636869549751282,0.0390065535902977,38,absolute_mse,0.0,0.2636869549751282,14,0.9036139437013526,0.16056390749274796,1.0641778511941005
0.2610425353050232,0.03870518133044243,39,absolute_mse,0.0,0.2610425353050232,14,0.8735587301298495,0.16036084517349597,1.0339195753033454
0.2586304843425751,0.03846039995551109,40,absolute_mse,0.0,0.2586304843425751,14,0.9145066659846036,0.1605786999188835,1.0750853659034871
0.2510683536529541,0.038201235234737396,41,absolute_mse,0.0,0.2510683536529541,14,0.9106202474153003,0.16085881595718776,1.0714790633724882
0.24520182609558105,0.038037028163671494,42,absolute_mse,0.0,0.24520182609558105,14,0.8975245903108044,0.16131511201472376,1.0588397023255283
0.2436109036207199,0.037968963384628296,43,absolute_mse,0.0,0.2436109036207199,14,0.9426011414445977,0.1620383454822793,1.104639486926877
0.24250385165214539,0.03792347013950348,44,absolute_mse,0.0,0.24250385165214539,14,0.9031541721574184,0.16265690891937182,1.0658110810767902
0.23898755013942719,0.03806016594171524,45,absolute_mse,0.0,0.23898755013942719,14,0.94507247086458,0.1636872831366774,1.1087597540012575
0.23319488763809204,0.03819337487220764,46,absolute_mse,0.0,0.23319488763809204,14,0.9244400718370849,0.16436177516833622,1.088801847005421
0.2274031788110733,0.03835408762097359,47,absolute_mse,0.0,0.2274031788110733,14,0.9364823205546723,0.16476576184659117,1.1012480824012634
0.22324629127979279,0.03848389536142349,48,absolute_mse,0.0,0.22324629127979279,14,0.946987353900983,0.1648599663468888,1.1118473202478718
0.22078166902065277,0.038551658391952515,49,absolute_mse,0.0,0.22078166902065277,14,0.9283166247597276,0.16485017819990816,1.0931668029596358
0.21998895704746246,0.03852996230125427,50,absolute_mse,0.0,0.21998895704746246,14,0.973941327703422,0.16522562805014268,1.1391669557535646
0.2222404032945633,0.03851420059800148,51,absolute_mse,0.0,0.2222404032945633,14,0.9124193290336208,0.16533313970328173,1.0777524687369024
0.23013554513454437,0.03844291344285011,52,absolute_mse,0.0,0.23013554513454437,14,1.013605186086026,0.1655264361900593,1.1791316222760853
0.23977749049663544,0.038376860320568085,53,absolute_mse,0.0,0.23977749049663544,14,0.908509135881284,0.1653669178547391,1.073876053736023
0.23159931600093842,0.038296665996313095,54,absolute_mse,0.0,0.23159931600093842,14,0.9597937700468419,0.16534404517299428,1.1251378152198361
0.20785529911518097,0.038149524480104446,55,absolute_mse,0.0,0.20785529911518097,14,0.9624623234713743,0.1651524035497579,1.127614727021132
0.20689541101455688,0.03800283744931221,56,absolute_mse,0.0,0.20689541101455688,14,0.9097676068400178,0.16479512352086376,1.0745627303608816
0.22028470039367676,0.03782496228814125,57,absolute_mse,0.0,0.22028470039367676,14,0.9803957268180434,0.16467342977215305,1.1450691565901965
0.21137136220932007,0.03767624869942665,58,absolute_mse,0.0,0.21137136220932007,14,0.9382786038845113,0.1643279737307448,1.102606577615256
0.1962040513753891,0.037463460117578506,59,absolute_mse,0.0,0.1962040513753891,14,0.9201008893022056,0.16402667126275997,1.0841275605649656
0.20314674079418182,0.037264518439769745,60,absolute_mse,0.0,0.20314674079418182,14,0.9847360876576594,0.16398280066362425,1.1487188883212838
0.20661890506744385,0.03714016079902649,61,absolute_mse,0.0,0.20661890506744385,14,0.9309067994281831,0.1637513785667253,1.0946581779949085
0.1933414489030838,0.036935750395059586,62,absolute_mse,0.0,0.1933414489030838,14,0.9326708189463561,0.1636342445032774,1.0963050634496334
0.19111062586307526,0.03679291903972626,63,absolute_mse,0.0,0.19111062586307526,14,0.9797497440959256,0.16355908570574182,1.1433088298016674
0.19803062081336975,0.036678921431303024,64,absolute_mse,0.0,0.19803062081336975,14,0.9242485600167546,0.1634190418740045,1.0876676018907592
0.19172893464565277,0.0365588404238224,65,absolute_mse,0.0,0.19172893464565277,14,0.9408094122502145,0.1634564584756867,1.1042658707259012
0.18392416834831238,0.03644893690943718,66,absolute_mse,0.0,0.18392416834831238,14,0.9645317798332471,0.16350695374942886,1.128038733582676
0.18798962235450745,0.03634684905409813,67,absolute_mse,0.0,0.18798962235450745,14,0.9164100787060926,0.16337312056351555,1.079783199269608
0.18871626257896423,0.03626767173409462,68,absolute_mse,0.0,0.18871626257896423,14,0.9485736247910068,0.16346154300472251,1.1120351677957294
0.1808718889951706,0.03615759685635567,69,absolute_mse,0.0,0.1808718889951706,14,0.9431497917490393,0.16343469924663023,1.1065844909956697
0.1785092055797577,0.03606775775551796,70,absolute_mse,0.0,0.1785092055797577,14,0.9136805755546229,0.16332557795182015,1.077006153506443
0.18192468583583832,0.035990383476018906,71,absolute_mse,0.0,0.18192468583583832,14,0.9555424678012445,0.16340436470929248,1.118946832510537
0.1800861358642578,0.03589821606874466,72,absolute_mse,0.0,0.1800861358642578,14,0.9219367389687891,0.16328327511554425,1.0852200140843333
0.17406761646270752,0.03581765666604042,73,absolute_mse,0.0,0.17406761646270752,14,0.9227473582822806,0.1632454870390899,1.0859928453213705
0.17232191562652588,0.0357387401163578,74,absolute_mse,0.0,0.17232191562652588,14,0.9501339542029973,0.16327808392152196,1.1134120381245192
0.17440514266490936,0.035667214542627335,75,absolute_mse,0.0,0.17440514266490936,14,0.9098513781311889,0.16321281236054916,1.073064190491738
0.17411811649799347,0.035593047738075256,76,absolute_mse,0.0,0.17411811649799347,14,0.9435250924296819,0.16323586097282505,1.106760953402507
0.1700597107410431,0.03552638739347458,77,absolute_mse,0.0,0.1700597107410431,14,0.9220084945159356,0.16320890029001403,1.0852173948059496
0.16618545353412628,0.03545713797211647,78,absolute_mse,0.0,0.16618545353412628,14,0.9174196304424902,0.163192483878344,1.0806121143208343
0.16523735225200653,0.03539455309510231,79,absolute_mse,0.0,0.16523735225200653,14,0.9398948788101573,0.16319082751619027,1.1030857063263475
0.16620367765426636,0.03533444181084633,80,absolute_mse,0.0,0.16620367765426636,14,0.9028864855296195,0.16311669444486734,1.066003179974487
0.16691605746746063,0.03527472913265228,81,absolute_mse,0.0,0.16691605746746063,14,0.9434857736110392,0.16308803655859228,1.1065738101696314
0.16618643701076508,0.035200659185647964,82,absolute_mse,0.0,0.16618643701076508,14,0.9002436231007299,0.16295294228194782,1.0631965653826778
0.1640750914812088,0.035132553428411484,83,absolute_mse,0.0,0.1640750914812088,14,0.9347117776252868,0.16285919161424178,1.0975709692395286
0.16126962006092072,0.03503905236721039,84,absolute_mse,0.0,0.16126962006092072,14,0.9035933250976305,0.16268054579472943,1.0662738708923598
0.15853475034236908,0.034954532980918884,85,absolute_mse,0.0,0.15853475034236908,14,0.9227504105114893,0.1625293826033855,1.0852797931148748
0.1562599241733551,0.03485599905252457,86,absolute_mse,0.0,0.1562599241733551,14,0.9076040259148311,0.1623371417986043,1.0699411677134354
0.15445655584335327,0.03476442024111748,87,absolute_mse,0.0,0.15445655584335327,14,0.914011185137501,0.16216158000853054,1.0761727651460316
0.1529758870601654,0.034671325236558914,88,absolute_mse,0.0,0.1529758870601654,14,0.9087184872847313,0.16197604096632878,1.07069452825106
0.15166349709033966,0.03458264842629433,89,absolute_mse,0.0,0.15166349709033966,14,0.9080926404813344,0.16179525713716256,1.069887897618497
0.15043345093727112,0.03449540585279465,90,absolute_mse,0.0,0.15043345093727112,14,0.9083422330912411,0.16161202839565805,1.069954261486899
0.14925692975521088,0.034408725798130035,91,absolute_mse,0.0,0.14925692975521088,14,0.9024222156776657,0.16141427289415372,1.0638364885718194
0.1481667160987854,0.034322794526815414,92,absolute_mse,0.0,0.1481667160987854,14,0.9106151463685894,0.16121459365165983,1.0718297400202492
0.1473572850227356,0.03423069417476654,93,absolute_mse,0.0,0.1473572850227356,14,0.8910996863622542,0.16097228676919575,1.05207197313145
1.0170608758926392,0.04433854669332504,0,absolute_mse,0.0,1.0170608758926392,15,0.9301669638692105,0.15462145018357012,1.0847884140527806
1.0940762758255005,0.04350775107741356,1,absolute_mse,0.0,1.0940762758255005,15,0.8546294300424283,0.15517221534327752,1.0098016453857057
0.9486057758331299,0.04329589381814003,2,absolute_mse,0.0,0.9486057758331299,15,0.8295520065777724,0.1554212577153385,0.9849732642931108
0.9069645404815674,0.04319501295685768,3,absolute_mse,0.0,0.9069645404815674,15,0.8424249107298546,0.1561947060349303,0.998619616764785
0.9243137240409851,0.04308329150080681,4,absolute_mse,0.0,0.9243137240409851,15,0.8384642925574166,0.15786286638688354,0.9963271589443001
0.8757734894752502,0.043120238929986954,5,absolute_mse,0.0,0.8757734894752502,15,0.8311775691137929,0.1601115519073377,0.9912891210211306
0.8129698634147644,0.043436601758003235,6,absolute_mse,0.0,0.8129698634147644,15,0.8445225475957844,0.16255721315669966,1.007079760752484
0.7989895343780518,0.04405035823583603,7,absolute_mse,0.0,0.7989895343780518,15,0.8565422637672809,0.16433633658187158,1.0208786003491526
0.7943088412284851,0.04476257041096687,8,absolute_mse,0.0,0.7943088412284851,15,0.8456717657441019,0.1657003794620643,1.0113721452061661
0.745485246181488,0.04534056410193443,9,absolute_mse,0.0,0.745485246181488,15,0.8360744119084518,0.16644672387429868,1.0025211357827504
0.6954920291900635,0.04577195644378662,10,absolute_mse,0.0,0.6954920291900635,15,0.8558645147399411,0.1669565293169155,1.0228210440568566
0.6860016584396362,0.04618643969297409,11,absolute_mse,0.0,0.6860016584396362,15,0.8677216712983084,0.16805062903751428,1.0357723003358226
0.6675350069999695,0.04680009186267853,12,absolute_mse,0.0,0.6675350069999695,15,0.8574710826083691,0.17003255389160085,1.02750363649997
0.6154243350028992,0.047721587121486664,13,absolute_mse,0.0,0.6154243350028992,15,0.8479534869111124,0.17201050177369928,1.0199639886848118
0.5888006687164307,0.048705101013183594,14,absolute_mse,0.0,0.5888006687164307,15,0.8523676644665795,0.17238820000393487,1.0247558644705144
0.5845717191696167,0.04915975034236908,15,absolute_mse,0.0,0.5845717191696167,15,0.8549675343350985,0.17078379356304102,1.0257513278981396
0.5438815355300903,0.04897342249751091,16,absolute_mse,0.0,0.5438815355300903,15,0.8762677085467374,0.16959698019200667,1.0458646887387442
0.520501971244812,0.04853710159659386,17,absolute_mse,0.0,0.520501971244812,15,0.8947009734650794,0.16922723160752892,1.0639282050726082
0.5222835540771484,0.04829220101237297,18,absolute_mse,0.0,0.5222835540771484,15,0.8786174942274826,0.16990921806901935,1.0485267122965019
0.48820817470550537,0.04827620089054108,19,absolute_mse,0.0,0.48820817470550537,15,0.868569655470177,0.17102205276905702,1.039591708239234
0.4827037453651428,0.04821137338876724,20,absolute_mse,0.0,0.4827037453651428,15,0.8714164742971788,0.17179948305052295,1.0432159573477018
0.47795823216438293,0.04820660501718521,21,absolute_mse,0.0,0.47795823216438293,15,0.8756027420260852,0.17223924357109754,1.0478419855971828
0.45258471369743347,0.04856034740805626,22,absolute_mse,0.0,0.45258471369743347,15,0.885791732303922,0.17275115962016654,1.0585428919240887
0.46011486649513245,0.04895219951868057,23,absolute_mse,0.0,0.46011486649513245,15,0.8746001044929533,0.17285154428351998,1.0474516487764733
0.4355248808860779,0.0486709326505661,24,absolute_mse,0.0,0.4355248808860779,15,0.8648782505341905,0.17236304583479015,1.0372412963689808
0.4323451817035675,0.04787174239754677,25,absolute_mse,0.0,0.4323451817035675,15,0.8608783041561959,0.17213669548754928,1.0330149996437452
0.4194151759147644,0.04727690666913986,26,absolute_mse,0.0,0.4194151759147644,15,0.858641471706193,0.17207838018980443,1.0307198518959975
0.4042852818965912,0.046958472579717636,27,absolute_mse,0.0,0.4042852818965912,15,0.8542185855647333,0.17146368869624806,1.0256822742609812
0.40080708265304565,0.046208109706640244,28,absolute_mse,0.0,0.40080708265304565,15,0.8433083556986936,0.17065238897970283,1.0139607446783965
0.3807494342327118,0.045000411570072174,29,absolute_mse,0.0,0.3807494342327118,15,0.8457625945124899,0.17013382893874643,1.0158964234512364
0.38089197874069214,0.04407929629087448,30,absolute_mse,0.0,0.38089197874069214,15,0.8323496691002132,0.17013957102934518,1.0024892401295584
0.36174267530441284,0.043776486068964005,31,absolute_mse,0.0,0.36174267530441284,15,0.8236969159784003,0.17052710060283438,0.9942240165812347
0.36168721318244934,0.04358503967523575,32,absolute_mse,0.0,0.36168721318244934,15,0.8225532321569843,0.1708840025696483,0.9934372347266326
0.3456532657146454,0.043120529502630234,33,absolute_mse,0.0,0.3456532657146454,15,0.8379266511269565,0.17105410908051805,1.0089807602074745
0.34449502825737,0.04267849028110504,34,absolute_mse,0.0,0.34449502825737,15,0.828178161058521,0.17093263401396802,0.9991107950724891
0.3314465880393982,0.04253126308321953,35,absolute_mse,0.0,0.3314465880393982,15,0.8131355665823536,0.17044648606498314,0.9835820526473368
0.329647958278656,0.042402785271406174,36,absolute_mse,0.0,0.329647958278656,15,0.8190308445369414,0.16963959361985959,0.988670438156801
0.3180629014968872,0.04195403307676315,37,absolute_mse,0.0,0.3180629014968872,15,0.842524465869967,0.16840334547198996,1.0109278113419569
0.3160551190376282,0.04138319194316864,38,absolute_mse,0.0,0.3160551190376282,15,0.833270582677532,0.16688011505462155,1.0001506977321535
0.30425089597702026,0.04093717411160469,39,absolute_mse,0.0,0.30425089597702026,15,0.8211333561755488,0.16520486353137045,0.9863382197069193
0.30232784152030945,0.04048086330294609,40,absolute_mse,0.0,0.30232784152030945,15,0.840272755161204,0.16338400190103652,1.0036567570622406
0.2905401289463043,0.039925478398799896,41,absolute_mse,0.0,0.2905401289463043,15,0.8610275442323445,0.16145618534390768,1.022483729576252
0.2884846031665802,0.03948211297392845,42,absolute_mse,0.0,0.2884846031665802,15,0.842933923554624,0.1598251107687312,1.0027590343233552
0.2795436680316925,0.03919360414147377,43,absolute_mse,0.0,0.2795436680316925,15,0.8477424913155631,0.15890722967516524,1.0066497209907284
0.2749713063240051,0.03894798085093498,44,absolute_mse,0.0,0.2749713063240051,15,0.8792932097528116,0.15898725861779445,1.038280468370606
0.2718126177787781,0.03874504566192627,45,absolute_mse,0.0,0.2718126177787781,15,0.8686959257676592,0.1591178236857687,1.0278137494534278
0.2636682987213135,0.03860187157988548,46,absolute_mse,0.0,0.2636682987213135,15,0.8649889859829778,0.1597313880250359,1.0247203740080137
0.2620254456996918,0.03849023953080177,47,absolute_mse,0.0,0.2620254456996918,15,0.8983286600285335,0.1605293715641276,1.0588580315926612
0.25755518674850464,0.03836791589856148,48,absolute_mse,0.0,0.25755518674850464,15,0.8874085042419643,0.16118445488294317,1.0485929591249075
0.25054776668548584,0.038333117961883545,49,absolute_mse,0.0,0.25054776668548584,15,0.8834451460787216,0.16187447389146392,1.0453196199701855
0.24844671785831451,0.03834294527769089,50,absolute_mse,0.0,0.24844671785831451,15,0.9170476700211032,0.16273707873158483,1.079784748752688
0.2458837628364563,0.03833255171775818,51,absolute_mse,0.0,0.2458837628364563,15,0.8972599321979048,0.1635490332265553,1.0608089654244601
0.2398453950881958,0.03841343894600868,52,absolute_mse,0.0,0.2398453950881958,15,0.9100509962928686,0.16428738549048477,1.0743383817833534
0.2350655049085617,0.03846766799688339,53,absolute_mse,0.0,0.2350655049085617,15,0.9287470216853287,0.1651052571831716,1.0938522788685003
0.2332909107208252,0.03853471949696541,54,absolute_mse,0.0,0.2332909107208252,15,0.9066060062493608,0.1656577383201711,1.072263744569532
0.2318061739206314,0.03856145590543747,55,absolute_mse,0.0,0.2318061739206314,15,0.9429259207657581,0.16616829827305785,1.109094219038816
0.22856301069259644,0.03859930485486984,56,absolute_mse,0.0,0.22856301069259644,15,0.9180087996084277,0.16617478192986612,1.0841835815382939
0.2239580601453781,0.038517218083143234,57,absolute_mse,0.0,0.2239580601453781,15,0.9384169531641762,0.16632082778737986,1.104737780951556
0.21946781873703003,0.03844881057739258,58,absolute_mse,0.0,0.21946781873703003,15,0.9331781282932505,0.16614866761733643,1.099326795910587
0.21600666642189026,0.03833775222301483,59,absolute_mse,0.0,0.21600666642189026,15,0.9284475499784797,0.16587268005910671,1.0943202300375865
0.21360139548778534,0.03823428228497505,60,absolute_mse,0.0,0.21360139548778534,15,0.9471573504202756,0.16580299900349577,1.1129603494237714
0.2122461050748825,0.03811623901128769,61,absolute_mse,0.0,0.2122461050748825,15,0.9171588461608023,0.16559451175606182,1.0827533579168642
0.21276332437992096,0.03801240399479866,62,absolute_mse,0.0,0.21276332437992096,15,0.9692902106041316,0.1656341715008352,1.1349243821049668
0.21745902299880981,0.037799086421728134,63,absolute_mse,0.0,0.21745902299880981,15,0.9047828911667984,0.16509304558200877,1.069875936748807
0.22850646078586578,0.03766487166285515,64,absolute_mse,0.0,0.22850646078586578,15,1.0011518349976312,0.16528945931472594,1.166441294312357
0.23486867547035217,0.03742371127009392,65,absolute_mse,0.0,0.23486867547035217,15,0.9111875865715559,0.16464404244237393,1.0758316290139298
0.21634748578071594,0.03722361847758293,66,absolute_mse,0.0,0.21634748578071594,15,0.9424298016085005,0.1646982612249568,1.1071280628334574
0.19704389572143555,0.03702908009290695,67,absolute_mse,0.0,0.19704389572143555,15,0.9747181467156325,0.16482993614524383,1.1395480828608764
0.20743855834007263,0.03687559813261032,68,absolute_mse,0.0,0.20743855834007263,15,0.9140665995494408,0.1641628558871097,1.0782294554365506
0.21457286179065704,0.03667089343070984,69,absolute_mse,0.0,0.21457286179065704,15,0.9648392220182159,0.16446659126206373,1.1293058132802796
0.19687503576278687,0.036545444279909134,70,absolute_mse,0.0,0.19687503576278687,15,0.9583700706271018,0.16432607788700496,1.1226961485141067
0.19249562919139862,0.03640338033437729,71,absolute_mse,0.0,0.19249562919139862,15,0.9191801125762127,0.16391498607235896,1.0830950986485717
0.20344789326190948,0.03628845512866974,72,absolute_mse,0.0,0.20344789326190948,15,0.9705048170075847,0.1642214199380767,1.1347262369456614
0.19549009203910828,0.0361727699637413,73,absolute_mse,0.0,0.19549009203910828,15,0.9441412356341976,0.16400398287742754,1.1081452185116252
0.18540428578853607,0.03606779873371124,74,absolute_mse,0.0,0.18540428578853607,15,0.9198007511244595,0.16376238832999335,1.0835631394544527
0.19261541962623596,0.035982824862003326,75,absolute_mse,0.0,0.19261541962623596,15,0.9669962143178399,0.16406401626040315,1.1310602305782431
0.19188840687274933,0.035848669707775116,76,absolute_mse,0.0,0.19188840687274933,15,0.9298551137870259,0.16380011735123054,1.0936552311382564
0.1813950538635254,0.035747844725847244,77,absolute_mse,0.0,0.1813950538635254,15,0.9203074508159892,0.1636852075911726,1.0839926584071617
0.18295788764953613,0.035641126334667206,78,absolute_mse,0.0,0.18295788764953613,15,0.9615086510461855,0.1639011133826488,1.1254097644288343
0.1866806596517563,0.035516347736120224,79,absolute_mse,0.0,0.1866806596517563,15,0.9189633608261619,0.1635582127227357,1.0825215735488976
0.1795881986618042,0.03541969135403633,80,absolute_mse,0.0,0.1795881986618042,15,0.9269069908896106,0.16354226521212464,1.0904492561017352
0.1752527356147766,0.03530987724661827,81,absolute_mse,0.0,0.1752527356147766,15,0.9531227397299078,0.16360809972444776,1.1167308394543556
0.1789553165435791,0.03520631045103073,82,absolute_mse,0.0,0.1789553165435791,15,0.9124248100033264,0.16324016057469584,1.0756649705780224
0.17828011512756348,0.03512231260538101,83,absolute_mse,0.0,0.17828011512756348,15,0.9396112047855967,0.16334330499077818,1.1029545097763749
0.17197468876838684,0.035016510635614395,84,absolute_mse,0.0,0.17197468876838684,15,0.9353123464572588,0.1632445594637679,1.0985569059210267
0.16997142136096954,0.034926630556583405,85,absolute_mse,0.0,0.16997142136096954,15,0.9110475767962014,0.16307347709260772,1.074121053888809
0.17237858474254608,0.03484977036714554,86,absolute_mse,0.0,0.17237858474254608,15,0.9472020291668375,0.16322383650061711,1.1104258656674546
0.17178526520729065,0.03475393354892731,87,absolute_mse,0.0,0.17178526520729065,15,0.9124097247384092,0.16300307607715786,1.075412800815567
0.16720892488956451,0.03467942029237747,88,absolute_mse,0.0,0.16720892488956451,15,0.9223227362850092,0.16299263680770792,1.0853153730927172
0.16392724215984344,0.03459126874804497,89,absolute_mse,0.0,0.16392724215984344,15,0.9332382292455389,0.16295494207340944,1.0961931713189483
0.16422125697135925,0.03450390696525574,90,absolute_mse,0.0,0.16422125697135925,15,0.9042757878379648,0.16269005272952727,1.066965840567492
0.16543146967887878,0.03443346172571182,91,absolute_mse,0.0,0.16543146967887878,15,0.9401799890325668,0.1627318870929193,1.1029118761254861
0.16470851004123688,0.03432416170835495,92,absolute_mse,0.0,0.16470851004123688,15,0.9041650909249299,0.1623923357498102,1.0665574266747402
0.1618354618549347,0.03424752131104469,93,absolute_mse,0.0,0.1618354618549347,15,0.9272039103439359,0.16232754730201357,1.0895314576459494
0.15850669145584106,0.034134071320295334,94,absolute_mse,0.0,0.15850669145584106,15,0.9148091365634657,0.1620721367321871,1.0768812732956528
0.15622495114803314,0.034038688987493515,95,absolute_mse,0.0,0.15622495114803314,15,0.9102545189167425,0.1618399581982306,1.0720944771149732
1.0207641124725342,0.04403538256883621,0,absolute_mse,0.0,1.0207641124725342,16,0.9419935378616218,0.1560260291510695,1.0980195670126913
1.1183593273162842,0.043323442339897156,1,absolute_mse,0.0,1.1183593273162842,16,0.8542911938389134,0.1562424572008002,1.0105336510397136
0.942736029624939,0.04338278993964195,2,absolute_mse,0.0,0.942736029624939,16,0.8415102088193926,0.15656379962689523,0.9980740084462879
0.9275921583175659,0.043497130274772644,3,absolute_mse,0.0,0.9275921583175659,16,0.8584736900045665,0.15773488269762756,1.0162085727021941
0.9367485046386719,0.04363761842250824,4,absolute_mse,0.0,0.9367485046386719,16,0.8454249556131371,0.15948511102755966,1.0049100666406967
0.8675813674926758,0.043944865465164185,5,absolute_mse,0.0,0.8675813674926758,16,0.8356469357952628,0.16193008867902348,0.9975770244742863
0.8079432249069214,0.044536296278238297,6,absolute_mse,0.0,0.8079432249069214,16,0.8489675537531653,0.16453820961205068,1.013505763365216
0.8070724010467529,0.045391470193862915,7,absolute_mse,0.0,0.8070724010467529,16,0.854481628634369,0.16652174764848648,1.0210033762828554
0.7926568984985352,0.0462484136223793,8,absolute_mse,0.0,0.7926568984985352,16,0.8411246255154868,0.16789990409977837,1.0090245296152651
0.7318919897079468,0.046931955963373184,9,absolute_mse,0.0,0.7318919897079468,16,0.8456114651963779,0.16893673002544793,1.0145481952218258
0.6893802881240845,0.047492630779743195,10,absolute_mse,0.0,0.6893802881240845,16,0.877098114980986,0.17010131232883915,1.047199427309825
0.689936637878418,0.048098232597112656,11,absolute_mse,0.0,0.689936637878418,16,0.8850198977430689,0.1720129109498911,1.05703280869296
0.6615784168243408,0.04895525798201561,12,absolute_mse,0.0,0.6615784168243408,16,0.8667868715108298,0.1744134970778945,1.0412003685887243
0.6077268123626709,0.05005628988146782,13,absolute_mse,0.0,0.6077268123626709,16,0.8587408890068834,0.17639533491364107,1.0351362239205244
0.5968419909477234,0.05099697783589363,14,absolute_mse,0.0,0.5968419909477234,16,0.8634016568419074,0.1766592965175185,1.0400609533594258
0.5906186103820801,0.05119354650378227,15,absolute_mse,0.0,0.5906186103820801,16,0.8737206237661297,0.1753696188227423,1.049090242588872
0.5460302829742432,0.05078054964542389,16,absolute_mse,0.0,0.5460302829742432,16,0.9076449167945521,0.1737382346214411,1.0813831514159933
0.5360606908798218,0.05019032582640648,17,absolute_mse,0.0,0.5360606908798218,16,0.9226277605985393,0.1734448166342688,1.0960725772328082
0.5356053709983826,0.04975656792521477,18,absolute_mse,0.0,0.5356053709983826,16,0.900274371172802,0.1731385889348264,1.0734129601076283
0.49924740195274353,0.049407366663217545,19,absolute_mse,0.0,0.49924740195274353,16,0.8840236082340714,0.17300016867691678,1.0570237769109883
0.49994492530822754,0.04898172989487648,20,absolute_mse,0.0,0.49994492530822754,16,0.8849705497478422,0.17324124765221421,1.0582117974000564
0.4917060434818268,0.04872880131006241,21,absolute_mse,0.0,0.4917060434818268,16,0.8929944048251458,0.1734265345322619,1.0664209393574078
0.46541470289230347,0.04892810434103012,22,absolute_mse,0.0,0.46541470289230347,16,0.9046628355004616,0.17318175549894058,1.077844590999402
0.4727592170238495,0.04923011735081673,23,absolute_mse,0.0,0.4727592170238495,16,0.8899952862820649,0.1728528976624376,1.0628481839445025
0.4491148591041565,0.0489465557038784,24,absolute_mse,0.0,0.4491148591041565,16,0.8820783610009759,0.172687877590923,1.054766238591899
0.4396360516548157,0.04818049445748329,25,absolute_mse,0.0,0.4396360516548157,16,0.8781106789286957,0.1728698288228309,1.0509805077515266
0.43395888805389404,0.04758506268262863,26,absolute_mse,0.0,0.43395888805389404,16,0.872082162128068,0.17342926169428405,1.045511423822352
0.410309374332428,0.04738227650523186,27,absolute_mse,0.0,0.410309374332428,16,0.8686014484539967,0.17399354410902476,1.0425949925630213
0.4109652042388916,0.04700282961130142,28,absolute_mse,0.0,0.4109652042388916,16,0.8588745962105293,0.1744909477584256,1.0333655439689549
0.38981392979621887,0.046089693903923035,29,absolute_mse,0.0,0.38981392979621887,16,0.8549235828273509,0.17508407984891677,1.0300076626762678
0.3842461109161377,0.04511737823486328,30,absolute_mse,0.0,0.3842461109161377,16,0.8492766974398166,0.17612544953503181,1.0254021469748484
0.37358036637306213,0.04466583952307701,31,absolute_mse,0.0,0.37358036637306213,16,0.8381177879647731,0.17724114961528392,1.0153589375800571
0.3610188364982605,0.04460783675312996,32,absolute_mse,0.0,0.3610188364982605,16,0.8319692718192928,0.1782646235285439,1.0102338953478367
0.35807448625564575,0.044427044689655304,33,absolute_mse,0.0,0.35807448625564575,16,0.8324639918323097,0.17925377058404998,1.0117177624163596
0.3430578112602234,0.044005438685417175,34,absolute_mse,0.0,0.3430578112602234,16,0.8394042556416678,0.179710537590886,1.0191147932325537
0.34253445267677307,0.04366859048604965,35,absolute_mse,0.0,0.34253445267677307,16,0.8275190618531947,0.17955107971058593,1.0070701415637806
0.3279525637626648,0.04350501671433449,36,absolute_mse,0.0,0.3279525637626648,16,0.8174224393036011,0.1788253678342304,0.9962478071378316
0.326825350522995,0.0432250089943409,37,absolute_mse,0.0,0.326825350522995,16,0.8246768411319302,0.17778669769284827,1.0024635388247785
0.31307196617126465,0.04268542304635048,38,absolute_mse,0.0,0.31307196617126465,16,0.8435623290331703,0.17621181645615064,1.019774145489321
0.31112805008888245,0.04211675375699997,39,absolute_mse,0.0,0.31112805008888245,16,0.8315997495253166,0.17407469477141405,1.0056744442967307
0.29793375730514526,0.04167960584163666,40,absolute_mse,0.0,0.29793375730514526,16,0.8213360596676602,0.17186472806464415,0.9932007877323044
0.2958430051803589,0.04126766696572304,41,absolute_mse,0.0,0.2958430051803589,16,0.845412708654598,0.17006343922670558,1.0154761478813037
0.28417423367500305,0.040814775973558426,42,absolute_mse,0.0,0.28417423367500305,16,0.8629803118657337,0.16829397213647918,1.0312742840022129
0.2813568413257599,0.040468908846378326,43,absolute_mse,0.0,0.2813568413257599,16,0.838737706190879,0.16667189122334589,1.0054095974142248
0.27375057339668274,0.0402461402118206,44,absolute_mse,0.0,0.27375057339668274,16,0.846099353512163,0.16536017139727413,1.0114595249094371
0.26730045676231384,0.03997765854001045,45,absolute_mse,0.0,0.26730045676231384,16,0.8853063107703381,0.16446223813831465,1.0497685489086528
0.265266090631485,0.0396663174033165,46,absolute_mse,0.0,0.265266090631485,16,0.8600631356477297,0.16379667073371024,1.02385980638144
0.2565418779850006,0.03945572301745415,47,absolute_mse,0.0,0.2565418779850006,16,0.8569768102029377,0.16390365892641104,1.0208804691293487
0.25324249267578125,0.03924451768398285,48,absolute_mse,0.0,0.25324249267578125,16,0.9017004474579877,0.16414259096625208,1.0658430384242399
0.2507050335407257,0.03901321068406105,49,absolute_mse,0.0,0.2507050335407257,16,0.8730827799925361,0.16429625908031106,1.0373790390728472
0.24332007765769958,0.03895847126841545,50,absolute_mse,0.0,0.24332007765769958,16,0.8803000847365624,0.16458680429301561,1.044886889029578
0.2390480935573578,0.03890124708414078,51,absolute_mse,0.0,0.2390480935573578,16,0.9209832913354894,0.16477310087564903,1.0857563922111384
0.2377910017967224,0.03884689509868622,52,absolute_mse,0.0,0.2377910017967224,16,0.8847261243870929,0.16462690798941848,1.0493530323765112
0.23380209505558014,0.03885333612561226,53,absolute_mse,0.0,0.23380209505558014,16,0.9242384799532155,0.16465196471169105,1.0888904446649066
0.22767607867717743,0.03880535811185837,54,absolute_mse,0.0,0.22767607867717743,16,0.9228432243651737,0.16474762512853255,1.0875908494937063
0.22340282797813416,0.03874559700489044,55,absolute_mse,0.0,0.22340282797813416,16,0.9110880398302611,0.16503210991897435,1.0761201497492354
0.22174124419689178,0.03865367919206619,56,absolute_mse,0.0,0.22174124419689178,16,0.9562105334856756,0.16541581926547158,1.1216263527511472
0.22102592885494232,0.038562946021556854,57,absolute_mse,0.0,0.22102592885494232,16,0.9064267255780302,0.16532324008463825,1.0717499656626683
0.2198144644498825,0.03843450918793678,58,absolute_mse,0.0,0.2198144644498825,16,0.9682419185794253,0.16558481616075993,1.1338267347401851
0.21733666956424713,0.03831133618950844,59,absolute_mse,0.0,0.21733666956424713,16,0.9110009969525216,0.1651844033771105,1.076185400329632
0.2134123593568802,0.03819406032562256,60,absolute_mse,0.0,0.2134123593568802,16,0.959868559543417,0.16515403618319274,1.1250225957266098
0.20871590077877045,0.03802274540066719,61,absolute_mse,0.0,0.20871590077877045,16,0.9252107616884728,0.16488213367820895,1.0900928953666817
0.20429489016532898,0.03787161037325859,62,absolute_mse,0.0,0.20429489016532898,16,0.945679711322197,0.16475167974841498,1.110431391070612
0.20075589418411255,0.03766465559601784,63,absolute_mse,0.0,0.20075589418411255,16,0.943448784229224,0.16451442674753583,1.1079632109767599
0.19803890585899353,0.037456706166267395,64,absolute_mse,0.0,0.19803890585899353,16,0.9372718963830691,0.16424788874865034,1.1015197851317193
0.19596725702285767,0.037244029343128204,65,absolute_mse,0.0,0.19596725702285767,16,0.964420617526895,0.16425019028822785,1.1286708078151229
0.19477923214435577,0.03702868893742561,66,absolute_mse,0.0,0.19477923214435577,16,0.9265358915940749,0.16395193123892718,1.0904878228330022
0.19578000903129578,0.036831967532634735,67,absolute_mse,0.0,0.19578000903129578,16,1.0044072375381878,0.1642337121699492,1.168640949708137
0.20275269448757172,0.0366431400179863,68,absolute_mse,0.0,0.20275269448757172,16,0.9012807921263418,0.16360825582924005,1.064889047955582
0.2209780067205429,0.036515217274427414,69,absolute_mse,0.0,0.2209780067205429,16,1.0580178294442617,0.16420933148869735,1.2222271609329591
0.23503397405147552,0.036339275538921356,70,absolute_mse,0.0,0.23503397405147552,16,0.932013810552621,0.16357954534125127,1.0955933558938722
0.18823769688606262,0.03623111546039581,71,absolute_mse,0.0,0.18823769688606262,16,0.9211899017600358,0.16345917284186293,1.0846490746018986
0.19252675771713257,0.03612770512700081,72,absolute_mse,0.0,0.19252675771713257,16,1.0416295398159654,0.1637260011948797,1.2053555410108452
0.2203465700149536,0.035972341895103455,73,absolute_mse,0.0,0.2203465700149536,16,0.9125932028424619,0.1632373513348147,1.0758305541772766
0.19350406527519226,0.03590567037463188,74,absolute_mse,0.0,0.19350406527519226,16,0.9327318511793272,0.1631052858694986,1.0958371370488258
0.17958852648735046,0.03577050194144249,75,absolute_mse,0.0,0.17958852648735046,16,1.0163430292635998,0.16333252451523692,1.1796755537788366
0.2021430879831314,0.035653527826070786,76,absolute_mse,0.0,0.2021430879831314,16,0.910117439340714,0.1626960979845131,1.072813537325227
0.188012033700943,0.03557632118463516,77,absolute_mse,0.0,0.188012033700943,16,0.9341694783092683,0.1627635206474146,1.096932998956683
0.17460700869560242,0.03546633943915367,78,absolute_mse,0.0,0.17460700869560242,16,1.0039278532724787,0.16303026064610304,1.1669581139185818
0.19156992435455322,0.035379718989133835,79,absolute_mse,0.0,0.19156992435455322,16,0.9156756554441385,0.16246483182566518,1.0781404872698037
0.17961326241493225,0.03531709685921669,80,absolute_mse,0.0,0.17961326241493225,16,0.9322047290211739,0.16248362539920966,1.0946883544203836
0.17136602103710175,0.035237424075603485,81,absolute_mse,0.0,0.17136602103710175,16,0.9960251783150048,0.16273997441341648,1.1587651527284213
0.1837213933467865,0.03515966236591339,82,absolute_mse,0.0,0.1837213933467865,16,0.9214579969656198,0.16225888643927652,1.0837168834048962
0.1725066900253296,0.035125818103551865,83,absolute_mse,0.0,0.1725066900253296,16,0.9294182764502942,0.16223756330648464,1.0916558397567788
0.16814233362674713,0.035065073519945145,84,absolute_mse,0.0,0.16814233362674713,16,0.987169002861084,0.16248241923015977,1.1496514220912437
0.17678168416023254,0.03498384356498718,85,absolute_mse,0.0,0.17678168416023254,16,0.9230204651118681,0.16214863153461523,1.0851690966464833
0.1672026664018631,0.034969475120306015,86,absolute_mse,0.0,0.1672026664018631,16,0.9276619902671496,0.16210822972958425,1.0897702199967338
0.16428633034229279,0.03491338714957237,87,absolute_mse,0.0,0.16428633034229279,16,0.9785962514433814,0.1621731757457907,1.1407694271891722
0.17061510682106018,0.03482184186577797,88,absolute_mse,0.0,0.17061510682106018,16,0.9215574705877945,0.16194005232836023,1.0834975229161548
0.1634225845336914,0.03481230512261391,89,absolute_mse,0.0,0.1634225845336914,16,0.9301750242640859,0.16184676135595005,1.092021785620036
0.15992200374603271,0.03474075347185135,90,absolute_mse,0.0,0.15992200374603271,16,0.9722504915314264,0.1618399593016047,1.1340904508330312
0.1648866832256317,0.0346391424536705,91,absolute_mse,0.0,0.1648866832256317,16,0.9190927347338561,0.1615888978208011,1.0806816325546573
0.160750612616539,0.03462065011262894,92,absolute_mse,0.0,0.160750612616539,16,0.9373363138336736,0.16151419982193543,1.098850513655609
0.15573014318943024,0.03452523052692413,93,absolute_mse,0.0,0.15573014318943024,16,0.9641401108447519,0.16147423531535277,1.1256143461601047
0.15883274376392365,0.03443353995680809,94,absolute_mse,0.0,0.15883274376392365,16,0.916009480786149,0.1612090331402089,1.077218513926358
0.15848186612129211,0.03440370783209801,95,absolute_mse,0.0,0.15848186612129211,16,0.9473732123896846,0.16117695441543203,1.1085501668051168
0.15309177339076996,0.0343046560883522,96,absolute_mse,0.0,0.15309177339076996,16,0.9493141762256874,0.1610429560857046,1.1103571323113919
0.15244127810001373,0.03423827514052391,97,absolute_mse,0.0,0.15244127810001373,16,0.916047465674901,0.16079157049287418,1.076839036167775
0.1545913815498352,0.03420129790902138,98,absolute_mse,0.0,0.1545913815498352,16,0.9579475508045281,0.16075866204723713,1.1187062128517653
0.15247222781181335,0.03411164879798889,99,absolute_mse,0.0,0.15247222781181335,16,0.9307229675856854,0.16056932319869854,1.0912922907843838
0.1485644280910492,0.034066759049892426,100,absolute_mse,0.0,0.1485644280910492,16,0.926711078088738,0.16046483793605215,1.08717591602479
0.9797247052192688,0.044074028730392456,0,difference_aware,0.1623048335313797,1.1049511432647705,14,0.8468362153955761,0.15487041950238423,1.0017066348979604
0.910308301448822,0.04249813035130501,1,difference_aware,0.1556108593940735,1.0306118726730347,14,0.8884075100274573,0.1583797619138924,1.0467872719413498
0.9028410315513611,0.04256283491849899,2,difference_aware,0.15205217897891998,1.0214300155639648,14,0.8505194670556431,0.159119066898134,1.009638533953777
0.8133608102798462,0.04258667677640915,3,difference_aware,0.1508290022611618,0.931361973285675,14,0.8712124996192866,0.15970519587316834,1.0309176954924548
0.8150714039802551,0.04260837659239769,4,difference_aware,0.14966091513633728,0.932510256767273,14,0.8592825836080181,0.16106125719209546,1.0203438408001135
0.7373228073120117,0.04286749288439751,5,difference_aware,0.14871250092983246,0.8545465469360352,14,0.8694278926224223,0.16217715028047494,1.0316050429028971
0.717158317565918,0.04309270903468132,6,difference_aware,0.14789314568042755,0.8341976404190063,14,0.8702914931609237,0.16124613371578492,1.0315376268767087
0.6820016503334045,0.042617250233888626,7,difference_aware,0.14678986370563507,0.7980138659477234,14,0.8718026321790338,0.15909400956859399,1.0308966417476277
0.6239911317825317,0.04172078147530556,8,difference_aware,0.1456061452627182,0.7385150194168091,14,0.8987683119573341,0.15702587824374564,1.0557941902010797
0.6199033856391907,0.04085399955511093,9,difference_aware,0.14460812509059906,0.7330614328384399,14,0.8908564758658014,0.15600535893578832,1.0468618348015897
0.5697437524795532,0.040348898619413376,10,difference_aware,0.1437433660030365,0.6819643378257751,14,0.8741459408890885,0.1561085003052407,1.0302544411943293
0.5491253733634949,0.04002447798848152,11,difference_aware,0.14289140701293945,0.6605955362319946,14,0.8769775524212906,0.15653434549975345,1.033511897921044
0.5355133414268494,0.039837971329689026,12,difference_aware,0.14248766005039215,0.6465951204299927,14,0.8897511632787575,0.15739788923301518,1.0471490525117726
0.5001972913742065,0.040020398795604706,13,difference_aware,0.14289075136184692,0.6116631031036377,14,0.9067423101698602,0.15861210123786404,1.0653544114077242
0.5071097612380981,0.040331896394491196,14,difference_aware,0.14298854768276215,0.6189359426498413,14,0.8849249915956489,0.15970314250424797,1.0446281340998969
0.473270446062088,0.04027315974235535,15,difference_aware,0.14165858924388885,0.584372878074646,14,0.8800641752830436,0.16074703727024092,1.0408112125532845
0.48170140385627747,0.040052514523267746,16,difference_aware,0.1398186832666397,0.5916632413864136,14,0.8756425198154199,0.1615841128269573,1.0372266326423771
0.4543764591217041,0.04001396894454956,17,difference_aware,0.1387389749288559,0.5637599229812622,14,0.8787077513822102,0.16206762157095142,1.0407753729531617
0.45495209097862244,0.03999006003141403,18,difference_aware,0.13793189823627472,0.5639081001281738,14,0.86902776948271,0.16248364420597425,1.0315114136886843
0.4340592920780182,0.03972304239869118,19,difference_aware,0.13644945621490479,0.5420070886611938,14,0.8632568251570228,0.16296783840878112,1.0262246635658039
0.42681005597114563,0.039407018572092056,20,difference_aware,0.13492046296596527,0.5336772799491882,14,0.8570229829509769,0.16277029916860175,1.0197932821195788
0.40977993607521057,0.03917338699102402,21,difference_aware,0.13429249823093414,0.5160995721817017,14,0.8508591839213363,0.1620102412489575,1.0128694251702939
0.396711528301239,0.03898680955171585,22,difference_aware,0.13432574272155762,0.5028612017631531,14,0.8439449352031797,0.16117522323792655,1.0051201584411062
0.38381266593933105,0.038746513426303864,23,difference_aware,0.1341390460729599,0.48962870240211487,14,0.8435293493457962,0.16051756737767814,1.0040469167234742
0.37049445509910583,0.038457244634628296,24,difference_aware,0.13364166021347046,0.47577252984046936,14,0.8438054762914653,0.1597543952257877,1.003559871517253
0.3617042899131775,0.038248855620622635,25,difference_aware,0.13351725041866302,0.46671178936958313,14,0.8246049843049217,0.15881679897780562,0.9834217832827273
0.3496265709400177,0.038087572902441025,26,difference_aware,0.13360901176929474,0.4545186460018158,14,0.8183471610037331,0.15842700549473654,0.9767741664984696
0.34279003739356995,0.037818897515535355,27,difference_aware,0.13301526010036469,0.44711658358573914,14,0.837293362476915,0.15885722204337352,0.9961505845202885
0.3331010937690735,0.037540797144174576,28,difference_aware,0.13189399242401123,0.4365888833999634,14,0.8388283442566975,0.15909336317251824,0.9979217074292157
0.325639545917511,0.03731304779648781,29,difference_aware,0.13092000782489777,0.4284125864505768,14,0.8100047338256929,0.1587972442737466,0.9688019780994396
0.31798529624938965,0.037044405937194824,30,difference_aware,0.1300484538078308,0.4200539290904999,14,0.8153293545969346,0.15872191030322036,0.9740512649001549
0.30811232328414917,0.0368427149951458,31,difference_aware,0.12904751300811768,0.4094787836074829,14,0.8470560840951378,0.1589570447928776,1.0060131288880154
0.3033987283706665,0.03671189770102501,32,difference_aware,0.12811432778835297,0.4041678011417389,14,0.8339629387312207,0.158375187143694,0.9923381258749148
0.290863573551178,0.036425571888685226,33,difference_aware,0.12744717299938202,0.3910127282142639,14,0.8172198168353794,0.15775296594527122,0.9749727827806506
0.2883317172527313,0.03615796938538551,34,difference_aware,0.12700654566287994,0.3879929482936859,14,0.8502353948283076,0.15769608185548922,1.0079314766837968
0.2773894667625427,0.036052681505680084,35,difference_aware,0.1265377700328827,0.37671101093292236,14,0.8608702511720422,0.15758892241542163,1.0184591735874637
0.2716420590877533,0.0359528511762619,36,difference_aware,0.12624889612197876,0.3707193434238434,14,0.8379121004220919,0.15747946352107134,0.9953915639431632
0.26856735348701477,0.03586843982338905,37,difference_aware,0.12611421942710876,0.3674929141998291,14,0.8741506298996776,0.15807514694186317,1.0322257768415408
0.25923287868499756,0.035849593579769135,38,difference_aware,0.1255332976579666,0.35784912109375,14,0.8891651940624129,0.15865082846271727,1.0478160225251303
0.2551298439502716,0.03583245724439621,39,difference_aware,0.1249961405992508,0.3534603714942932,14,0.8656736571183531,0.15907110402235736,1.0247447611407106
0.2540997564792633,0.035764966160058975,40,difference_aware,0.12457651644945145,0.3521529734134674,14,0.9160664143960195,0.16003197818681036,1.0760983925828298
0.2482089400291443,0.035834476351737976,41,difference_aware,0.12401239573955536,0.34604963660240173,14,0.9014492580845973,0.16039726741072763,1.0618465254953249
0.24119479954242706,0.035722412168979645,42,difference_aware,0.1236754059791565,0.33875492215156555,14,0.9046905076290157,0.16067353698808545,1.065364044617101
0.2380376011133194,0.03560394048690796,43,difference_aware,0.12337345629930496,0.33532825112342834,14,0.9418523295255583,0.1610423644528031,1.1028946939783615
0.2374384105205536,0.03553846850991249,44,difference_aware,0.12300335615873337,0.33447855710983276,14,0.9049481784195297,0.16112146614330014,1.06606964456283
0.236343652009964,0.03534955903887749,45,difference_aware,0.12283701449632645,0.3331117033958435,14,0.9576557808136282,0.16161029570307167,1.1192660765167
0.23281142115592957,0.035309333354234695,46,difference_aware,0.12219056487083435,0.3292160630226135,14,0.9190234795641823,0.16178302103121361,1.080806500595396
0.2268788069486618,0.03513023629784584,47,difference_aware,0.1217581108212471,0.3228881061077118,14,0.9492101939204827,0.16216376040751204,1.1113739543279948
0.2207888960838318,0.035059235990047455,48,difference_aware,0.12097170203924179,0.31633397936820984,14,0.9414759878855531,0.16236611147864008,1.103842099364193
0.21644416451454163,0.03490563482046127,49,difference_aware,0.12033791095018387,0.31151875853538513,14,0.9368680698587423,0.16248511157825862,1.0993531814370008
0.21406686305999756,0.03472305089235306,50,difference_aware,0.11976487189531326,0.30867233872413635,14,0.9644448268722631,0.1625712471366487,1.1270160740089117
0.21338538825511932,0.0345846563577652,51,difference_aware,0.11921344697475433,0.3075767755508423,14,0.9254216490874864,0.16251844562987205,1.0879400947173585
0.21525481343269348,0.03425439074635506,52,difference_aware,0.11887810379266739,0.30894824862480164,14,0.9969503520691554,0.162393742271836,1.1593440943409914
0.22057801485061646,0.03417285159230232,53,difference_aware,0.11826775968074799,0.31388476490974426,14,0.9147314860342995,0.16218142914879344,1.076912915183093
0.2262996882200241,0.033834196627140045,54,difference_aware,0.1180916428565979,0.3191797137260437,14,1.0046762052327298,0.16195572536231095,1.1666319305950408
0.2200736105442047,0.03382095322012901,55,difference_aware,0.1172383651137352,0.3125137388706207,14,0.9314800637033931,0.16171037308497038,1.0931904367883636
0.20240499079227448,0.03356362134218216,56,difference_aware,0.11689392477273941,0.29441559314727783,14,0.9410332565548979,0.16160153891445211,1.10263479546935
0.19598901271820068,0.033454325050115585,57,difference_aware,0.11629674583673477,0.28759172558784485,14,0.9860011373609938,0.1616154118841229,1.1476165492451167
0.20437608659267426,0.033415019512176514,58,difference_aware,0.11567528545856476,0.29562875628471375,14,0.9197339607607943,0.16139531911727623,1.0811292798780705
0.20653048157691956,0.033147528767585754,59,difference_aware,0.1155022382736206,0.2974291443824768,14,0.9721393934513284,0.16149319138131982,1.1336325848326483
0.1940530687570572,0.033109091222286224,60,difference_aware,0.11490961164236069,0.28461694717407227,14,0.9516445388991307,0.16140681574848603,1.1130513546476166
0.186548113822937,0.032928936183452606,61,difference_aware,0.11463876813650131,0.27679643034935,14,0.925392167260714,0.1612819991216872,1.0866741663824013
0.19205334782600403,0.03274887427687645,62,difference_aware,0.11443177610635757,0.28201812505722046,14,0.9820800697157608,0.16139339364711824,1.143473463362879
0.1941545009613037,0.03270423039793968,63,difference_aware,0.11377418041229248,0.28374582529067993,14,0.9279717534901277,0.16132337234057562,1.0892951258307033
0.18518014252185822,0.03250022232532501,64,difference_aware,0.11354169994592667,0.27445122599601746,14,0.9419476635186396,0.16137146859904863,1.1033191321176883
0.17881818115711212,0.03241441771388054,65,difference_aware,0.1129736602306366,0.26771944761276245,14,0.9641438982175448,0.16139637040224436,1.125540268619789
0.1820121556520462,0.03235306963324547,66,difference_aware,0.11240307241678238,0.27056676149368286,14,0.9171900373940269,0.16122973441464775,1.0784197718086748
0.18437689542770386,0.03215979039669037,67,difference_aware,0.11212703585624695,0.2726002037525177,14,0.9614915060947079,0.16122141826753536,1.1227129243622433
0.1788087785243988,0.032134149223566055,68,difference_aware,0.1114661917090416,0.26667600870132446,14,0.9321434260498398,0.16101046736687155,1.0931538934167113
0.17210036516189575,0.03197326138615608,69,difference_aware,0.1111200675368309,0.2596336603164673,14,0.9255402181630676,0.16081040372201338,1.0863506218850811
0.17158938944339752,0.031853754073381424,70,difference_aware,0.11068333685398102,0.25878480076789856,14,0.9588604568501189,0.16078418865660626,1.119644645506725
0.17444320023059845,0.0317934975028038,71,difference_aware,0.11003038287162781,0.26125186681747437,14,0.9116056234016012,0.16059019070385738,1.0721958141054586
0.17433536052703857,0.03161165863275528,72,difference_aware,0.10972004383802414,0.2608070373535156,14,0.9541590985166233,0.1607538572153033,1.1149129557319266
0.16987928748130798,0.031568922102451324,73,difference_aware,0.10897157341241837,0.2559340000152588,14,0.9244368526196158,0.1605917759395519,1.0850286285591677
0.16463926434516907,0.03140593320131302,74,difference_aware,0.10855990648269653,0.25032514333724976,14,0.9299276652456736,0.1606440982361325,1.0905717634818062
0.162189781665802,0.031301770359277725,75,difference_aware,0.10802721232175827,0.24750515818595886,14,0.9460735877176368,0.1608009972436641,1.1068745849613009
0.16264763474464417,0.03121396340429783,76,difference_aware,0.10748044401407242,0.24760182201862335,14,0.9124207795588647,0.16059489522755707,1.0730156747864217
0.16441339254379272,0.031035786494612694,77,difference_aware,0.10717535018920898,0.24903684854507446,14,0.9614448032330492,0.16102361235665574,1.122468415589705
0.16630755364894867,0.030999472364783287,78,difference_aware,0.1064939945936203,0.25055402517318726,14,0.9028229341453476,0.16066305703583236,1.06348599118118
0.16742411255836487,0.030796263366937637,79,difference_aware,0.10631246119737625,0.25137659907341003,14,0.9662338882068653,0.16122317419685112,1.1274570624037163
0.16704268753528595,0.03078117035329342,80,difference_aware,0.10552016645669937,0.2505839467048645,14,0.900151450521489,0.16079188391699356,1.0609433344384827
0.1642875373363495,0.03056587651371956,81,difference_aware,0.10534396767616272,0.2475253939628601,14,0.953572262739898,0.16126470190458272,1.1148369646444807
0.15951034426689148,0.03053882345557213,82,difference_aware,0.10458795726299286,0.24234315752983093,14,0.9076328921576614,0.16094179010173734,1.0685746822593987
0.1541217416524887,0.030341779813170433,83,difference_aware,0.10432801395654678,0.2366275191307068,14,0.931802476534118,0.16117595204122656,1.0929784285753446
0.1499737650156021,0.03026086837053299,84,difference_aware,0.10373306274414062,0.232101172208786,14,0.9214203248093198,0.16116378696292719,1.082584111772247
0.14768345654010773,0.030120840296149254,85,difference_aware,0.10331331193447113,0.2294609546661377,14,0.9132015697297641,0.1611912473259943,1.0743928170557584
0.1470450907945633,0.0299883671104908,86,difference_aware,0.10286727547645569,0.22846709191799164,14,0.934459373881648,0.1614732436784595,1.0959326175601074
0.14787766337394714,0.02990463562309742,87,difference_aware,0.10223477333784103,0.22889968752861023,14,0.8952639289324761,0.1613007648967915,1.0565646938292677
0.15066544711589813,0.02973155304789543,88,difference_aware,0.10192619264125824,0.23136010766029358,14,0.9581383245169856,0.16191835258269588,1.1200566770996814
0.15752030909061432,0.029715724289417267,89,difference_aware,0.10108887404203415,0.23778048157691956,14,0.8743669300897581,0.16141575431387267,1.0357826844036309
1.0170608758926392,0.04433854669332504,0,difference_aware,0.16237974166870117,1.1425893306732178,15,0.9280719775713779,0.15559337113196267,1.0836653487033405
1.0878030061721802,0.043122485280036926,1,difference_aware,0.1577945500612259,1.2098227739334106,15,0.854148589816946,0.1565995519451857,1.0107481417621318
0.9457088708877563,0.042762354016304016,2,difference_aware,0.15579736232757568,1.066369891166687,15,0.8274590705795861,0.15737102562036454,0.9848300961999507
0.9045222401618958,0.04257146641612053,3,difference_aware,0.15429101884365082,1.024239182472229,15,0.8407754624499764,0.15857332571363264,0.999348788163609
0.9215079545974731,0.04252244159579277,4,difference_aware,0.1527516394853592,1.0404062271118164,15,0.8369053776051583,0.16063326555617446,0.9975386431613327
0.872651219367981,0.042765453457832336,5,difference_aware,0.1515161395072937,0.9911746978759766,15,0.8289784671177666,0.16294259080484658,0.9919210579226132
0.8112747669219971,0.04332529380917549,6,difference_aware,0.15075890719890594,0.9299795031547546,15,0.8428115384514598,0.16541838717726184,1.0082299256287217
0.7986381649971008,0.04402708634734154,7,difference_aware,0.150386780500412,0.9178586602210999,15,0.8550258552320552,0.16686640074644202,1.0218922559784973
0.7918187379837036,0.044425833970308304,8,difference_aware,0.14996695518493652,0.9112280607223511,15,0.8409493866517245,0.16666246513128674,1.0076118517830113
0.7419471144676208,0.044329386204481125,9,difference_aware,0.14922021329402924,0.8608866333961487,15,0.8297545776649909,0.1651419182514926,0.9948964959164835
0.6942837834358215,0.043839216232299805,10,difference_aware,0.14820121228694916,0.8122236132621765,15,0.8490615597449332,0.1629478244705378,1.012009384215471
0.6853545308113098,0.04315099120140076,11,difference_aware,0.14709986746311188,0.8020554184913635,15,0.8562427945306724,0.1610732279448058,1.0173160224754783
0.6630067825317383,0.042542193084955215,12,difference_aware,0.14611512422561646,0.7786065340042114,15,0.8442979844511045,0.1600172511994052,1.0043152356505096
0.609437108039856,0.04210186004638672,13,difference_aware,0.14525648951530457,0.7241672277450562,15,0.8322469846593873,0.15968599536866587,0.9919329800280532
0.5838654637336731,0.04167058318853378,14,difference_aware,0.14441832900047302,0.6977452039718628,15,0.8379917592568153,0.15931167547232652,0.9973034347291418
0.5764838457107544,0.041137564927339554,15,difference_aware,0.14369350671768188,0.6894681453704834,15,0.8380908821048337,0.15916835071033592,0.9972592328151697
0.5336506366729736,0.04074186831712723,16,difference_aware,0.14349769055843353,0.6461413502693176,15,0.8563145851552345,0.15936482148914125,1.0156794066443757
0.5136904120445251,0.04075406864285469,17,difference_aware,0.14402619004249573,0.6264575719833374,15,0.8693987274804869,0.1601999057355552,1.029598633216042
0.5122072100639343,0.04098788648843765,18,difference_aware,0.14436101913452148,0.6253756284713745,15,0.8548961710621494,0.16110540580239396,1.0160015768645434
0.477581262588501,0.04101959988474846,19,difference_aware,0.14360608160495758,0.5904039144515991,15,0.8500538217737578,0.1618306639449675,1.0118844857187252
0.47855669260025024,0.04084823653101921,20,difference_aware,0.1421172320842743,0.5904635787010193,15,0.8508341771823226,0.162157949473368,1.0129921266556905
0.467119038105011,0.040739379823207855,21,difference_aware,0.14080199599266052,0.5782594084739685,15,0.8574446974751351,0.16206642785191383,1.0195111253270488
0.4471394121646881,0.040728021413087845,22,difference_aware,0.13982512056827545,0.5577800273895264,15,0.8636349498166485,0.16194837642347149,1.02558332624012
0.4532485008239746,0.04053836315870285,23,difference_aware,0.13836102187633514,0.5629673600196838,15,0.8521492586434646,0.1621472532659656,1.0142965119094303
0.42785874009132385,0.040170930325984955,24,difference_aware,0.1362997144460678,0.5361795425415039,15,0.8431389609299959,0.16254244016312303,1.0056814010931188
0.4316270351409912,0.03987540304660797,25,difference_aware,0.13456913828849792,0.5387870073318481,15,0.8386987366642483,0.16252064974316272,1.001219386407411
0.41057834029197693,0.03964643552899361,26,difference_aware,0.13371777534484863,0.5170836448669434,15,0.8431506965487436,0.16176499422033208,1.0049156907690757
0.40331393480300903,0.03940149396657944,27,difference_aware,0.1333891898393631,0.50941002368927,15,0.8361202259775649,0.16112150681992768,0.9972417327974925
0.3900938332080841,0.03908666968345642,28,difference_aware,0.13295456767082214,0.4956578016281128,15,0.8237098550983382,0.1604292877987156,0.9841391428970537
0.375984251499176,0.03873150050640106,29,difference_aware,0.13241639733314514,0.48092395067214966,15,0.8236907418591999,0.15928501708108425,0.9829757589402841
0.3699716329574585,0.03846859559416771,30,difference_aware,0.13238747417926788,0.47463396191596985,15,0.8115486143999894,0.1580835352796967,0.969632149679686
0.3536633253097534,0.038340214639902115,31,difference_aware,0.13286666572093964,0.45843687653541565,15,0.8082920014415691,0.15698917203383733,0.9652811734754064
0.35178342461586,0.03813890367746353,32,difference_aware,0.13291803002357483,0.45638132095336914,15,0.8061999651049869,0.156876643338634,0.9630766084436209
0.33692482113838196,0.03777768462896347,33,difference_aware,0.1321147382259369,0.44075989723205566,15,0.8198314504833881,0.15702861128494028,0.9768600617683284
0.3366478383541107,0.037463925778865814,34,difference_aware,0.13120640814304352,0.4397149682044983,15,0.8005253260709605,0.15668155727786456,0.9572068833488251
0.3227202296257019,0.03721056133508682,35,difference_aware,0.13049980998039246,0.42518067359924316,15,0.7925921905774133,0.15660233244793523,0.9491945230253485
0.3221763074398041,0.03697516769170761,36,difference_aware,0.12965233623981476,0.42397764325141907,15,0.8078160488340153,0.15737796737504642,0.9651940162090616
0.30950120091438293,0.03684774041175842,37,difference_aware,0.12864543497562408,0.4106716513633728,15,0.8261606953552024,0.1578843321575397,0.9840450275127421
0.30801084637641907,0.03674139082431793,38,difference_aware,0.12783119082450867,0.4086678624153137,15,0.8091729880270248,0.15760113574575285,0.9667741237727776
0.2966693937778473,0.0364825576543808,39,difference_aware,0.12723922729492188,0.39677155017852783,15,0.8080378497557256,0.15755051646593568,0.9655883662216612
0.2933719754219055,0.03626657649874687,40,difference_aware,0.1267561912536621,0.39301663637161255,15,0.8344020936476251,0.1579710845679286,0.9923731782155537
0.2852008044719696,0.03616245836019516,41,difference_aware,0.12625743448734283,0.3844919800758362,15,0.8395351467711004,0.1580339301550739,0.9975690769261742
0.2787274122238159,0.03603797405958176,42,difference_aware,0.12594841420650482,0.3777396082878113,15,0.8283783597267271,0.15790681007837823,0.9862851698051054
0.2756887972354889,0.035941142588853836,43,difference_aware,0.12577441334724426,0.37451714277267456,15,0.8483090646972518,0.1585621650083751,1.0068712297056268
0.2665739953517914,0.035894788801670074,44,difference_aware,0.12518581748008728,0.3650617003440857,15,0.8704054330057368,0.15935012236810794,1.0297555553738447
0.2648385763168335,0.03586067259311676,45,difference_aware,0.12448956072330475,0.36294400691986084,15,0.8561628644635378,0.1598277046365739,1.0159905691001117
0.25989750027656555,0.035774584859609604,46,difference_aware,0.12391919642686844,0.3576316833496094,15,0.8746478463377823,0.16067508177153264,1.0353229281093148
0.2528708577156067,0.03577307611703873,47,difference_aware,0.12319973856210709,0.35024380683898926,15,0.8971046751098539,0.16144965405056924,1.0585543291604231
0.251396507024765,0.035771794617176056,48,difference_aware,0.12259556353092194,0.34846606850624084,15,0.8802622031038648,0.16148153696761275,1.0417437400714775
0.24795976281166077,0.03557323291897774,49,difference_aware,0.1221616268157959,0.34461382031440735,15,0.905474350523172,0.16180835730031515,1.0672827078234872
0.24107873439788818,0.03547261282801628,50,difference_aware,0.12171126157045364,0.3374069631099701,15,0.9131114523906511,0.1618188051991387,1.0749302575897897
0.2372768372297287,0.03529183939099312,51,difference_aware,0.12136729806661606,0.33325231075286865,15,0.9008929717726049,0.16161256433904517,1.06250553611165
0.2359888255596161,0.0350927896797657,52,difference_aware,0.12112810462713242,0.331645667552948,15,0.934448885734372,0.16187251366296299,1.096321399397335
0.23303493857383728,0.034982163459062576,53,difference_aware,0.12056119740009308,0.3282977044582367,15,0.9130191721089227,0.16175894389311907,1.0747781160020418
0.22772856056690216,0.034789301455020905,54,difference_aware,0.1201329156756401,0.322584331035614,15,0.9307874863161519,0.16203851181798448,1.0928259981341364
0.22270455956459045,0.03466137871146202,55,difference_aware,0.11942387372255325,0.3170778751373291,15,0.9352946150706775,0.16219628466487232,1.0974908997355497
0.21952810883522034,0.03452068939805031,56,difference_aware,0.1187998503446579,0.3134487271308899,15,0.9232167015142512,0.16213048997282664,1.0853471914870778
0.21791204810142517,0.03431987017393112,57,difference_aware,0.11830111593008041,0.3113824725151062,15,0.9541302885952773,0.16222132588844404,1.1163516144837213
0.21718676388263702,0.03420605883002281,58,difference_aware,0.11776774376630783,0.31027668714523315,15,0.9180554649224302,0.1616721156957504,1.0797275806181805
0.21737876534461975,0.03388674184679985,59,difference_aware,0.11748870462179184,0.31000983715057373,15,0.9688956983687772,0.1616404050038772,1.1305361033726544
0.21780025959014893,0.03377220779657364,60,difference_aware,0.11688272655010223,0.3100138306617737,15,0.9167404639911299,0.1608511407716219,1.0775916047627518
0.21648792922496796,0.033478256314992905,61,difference_aware,0.11666052788496017,0.30829644203186035,15,0.9687867498919952,0.1608753252334337,1.129662075125429
0.2110823690891266,0.03337680548429489,62,difference_aware,0.11578431725502014,0.30235135555267334,15,0.928602115893228,0.1603126746266558,1.088914790519884
0.2029760628938675,0.03315825015306473,63,difference_aware,0.11530430614948273,0.2937864661216736,15,0.9455581542436611,0.16034651733373256,1.1059046715773937
0.19727197289466858,0.03304601088166237,64,difference_aware,0.11449987441301346,0.2875679135322571,15,0.9531892262539868,0.16040174456731263,1.1135909708212994
0.19610363245010376,0.03292859345674515,65,difference_aware,0.11379627883434296,0.2859303653240204,15,0.9267586173738428,0.16017995479462122,1.0869385721684641
0.1978571116924286,0.03273117542266846,66,difference_aware,0.11333055049180984,0.28725355863571167,15,0.9721196537591896,0.16059875622998618,1.1327184099891758
0.2000066488981247,0.032674580812454224,67,difference_aware,0.11261218786239624,0.28898733854293823,15,0.9206670170525012,0.16024262983635976,1.080909646888861
0.19970734417438507,0.032429780811071396,68,difference_aware,0.11244800686836243,0.288361132144928,15,0.971371892680475,0.16067260497662317,1.1320444976570982
0.1949014663696289,0.032372284680604935,69,difference_aware,0.11172287166118622,0.28313517570495605,15,0.9305497310989032,0.16038467935519946,1.0909344104541026
0.18722207844257355,0.03217562288045883,70,difference_aware,0.11148767918348312,0.27514153718948364,15,0.9489173696309213,0.16059143784596364,1.1095088074768849
0.18180140852928162,0.03207450360059738,71,difference_aware,0.11085764318704605,0.2693047523498535,15,0.9540213964399795,0.16069041030573797,1.1147118067457176
0.18085230886936188,0.031965818256139755,72,difference_aware,0.11027483642101288,0.2679555416107178,15,0.9265589932835859,0.16050524832105195,1.0870642416046379
0.1828249841928482,0.031800512224435806,73,difference_aware,0.10986093431711197,0.2695559561252594,15,0.9700537402162961,0.16109718585262378,1.1311509260689199
0.1852341741323471,0.0317695289850235,74,difference_aware,0.10911323875188828,0.27156031131744385,15,0.9170010066832931,0.1605137057659231,1.0775147124492161
0.18557855486869812,0.031545210629701614,75,difference_aware,0.10888686776161194,0.2715671956539154,15,0.9689542494921521,0.1610349766323776,1.1299892261245297
0.18220874667167664,0.03151609003543854,76,difference_aware,0.10812793672084808,0.2677887976169586,15,0.921002685688001,0.1605189111555943,1.0815215968435954
0.1757817268371582,0.0313156396150589,77,difference_aware,0.10790379345417023,0.2610492706298828,15,0.9459668214513459,0.16077359600168722,1.106740417453033
0.16994759440422058,0.03123394586145878,78,difference_aware,0.10724253207445145,0.2548028230667114,15,0.9380727592345318,0.1607070854009971,1.098779844635529
0.16721534729003906,0.03110404498875141,79,difference_aware,0.10674675554037094,0.2516927719116211,15,0.923826710617463,0.16057416414554906,1.084400874763012
0.1675456017255783,0.030965212732553482,80,difference_aware,0.10626892745494843,0.2516452670097351,15,0.9569213629862036,0.1609295158388062,1.1178508788250097
0.1698567122220993,0.03090764582157135,81,difference_aware,0.1055414006114006,0.25353506207466125,15,0.910169405790911,0.1604056323306809,1.070575038121592
0.17324939370155334,0.030709896236658096,82,difference_aware,0.10527601093053818,0.25659728050231934,15,0.9736605399079059,0.16108661778483221,1.1347471576927382
0.17686255276203156,0.030704792588949203,83,difference_aware,0.10445600748062134,0.2597953677177429,15,0.9029116014532651,0.160300518540032,1.0632121199932971
0.1777990460395813,0.03047662414610386,84,difference_aware,0.10439465939998627,0.26047301292419434,15,0.9705984262787224,0.1610610849339886,1.131659511212711
0.1730017066001892,0.03046785667538643,85,difference_aware,0.1035299301147461,0.2552345395088196,15,0.9103954955442434,0.16054863509887593,1.0709441306431193
0.16326317191123962,0.030277272686362267,86,difference_aware,0.10340050607919693,0.2452406883239746,15,0.9352344217313929,0.1609482949532094,1.0961827166846023
0.1556195318698883,0.030210252851247787,87,difference_aware,0.10272502899169922,0.237192302942276,15,0.9346950659539995,0.1611320979432976,1.0958271638972972
0.15447455644607544,0.03011186793446541,88,difference_aware,0.10221731662750244,0.23569507896900177,15,0.906180078482941,0.16095784251522996,1.067137920998171
0.15827111899852753,0.029970010742545128,89,difference_aware,0.10189301520586014,0.23918762803077698,15,0.9580980862748147,0.16173769720603767,1.1198357834808523
0.16301566362380981,0.029951993376016617,90,difference_aware,0.10109966993331909,0.24351748824119568,15,0.8936585897616917,0.16116632119916333,1.054824910960855
0.1644328236579895,0.02974778786301613,91,difference_aware,0.1010030210018158,0.24468211829662323,15,0.9554310105481721,0.1620326632435503,1.1174636737917225
0.16049973666667938,0.029733072966337204,92,difference_aware,0.10015204548835754,0.24030883610248566,15,0.8995287769890873,0.1615574070132723,1.0610861840023595
0.1527123749256134,0.029543882235884666,93,difference_aware,0.100001759827137,0.23225712776184082,15,0.923797804356736,0.1620199892462953,1.0858177936030313
0.1465844213962555,0.029469719156622887,94,difference_aware,0.0993446335196495,0.22572645545005798,15,0.9209493418316801,0.16215982223476852,1.0831091640664485
0.1451457440853119,0.02936122566461563,95,difference_aware,0.09886342287063599,0.22393867373466492,15,0.8974440718323736,0.16204860130137422,1.059492673133748
1.0207641124725342,0.04403538256883621,0,difference_aware,0.16152448952198029,1.1455618143081665,16,0.9398116129302001,0.15648796393404743,1.0962995768642476
1.1124763488769531,0.04317055270075798,1,difference_aware,0.15702016651630402,1.2341569662094116,16,0.8553469667400648,0.1574456289596128,1.0127925956996777
0.9421383142471313,0.04303246736526489,2,difference_aware,0.1557319313287735,1.0630367994308472,16,0.843511348702996,0.15816443829223792,1.001675786995234
0.9256953597068787,0.04295907914638519,3,difference_aware,0.15473484992980957,1.0460219383239746,16,0.8606163450281081,0.15954377512326848,1.0201601201513766
0.934217095375061,0.04305237904191017,4,difference_aware,0.1536751091480255,1.0541070699691772,16,0.8481689906956433,0.1614892572268343,1.0096582479224776
0.8667307496070862,0.04341647028923035,5,difference_aware,0.15290191769599915,0.9865981340408325,16,0.838281930508039,0.16360424516111233,1.0018861756691513
0.8086156249046326,0.044051337987184525,6,difference_aware,0.15254919230937958,0.928941547870636,16,0.849305720789945,0.16581973101103836,1.0151254518009833
0.8068345785140991,0.04472753033041954,7,difference_aware,0.15244834125041962,0.9277862310409546,16,0.8541491589603659,0.16696805585450405,1.02111721481487
0.7906420230865479,0.04500454664230347,8,difference_aware,0.15215817093849182,0.911725640296936,16,0.8404631375875602,0.16663884297856274,1.007101980566123
0.7309598922729492,0.04480341821908951,9,difference_aware,0.15151941776275635,0.8515230417251587,16,0.847072785885463,0.1654537056883773,1.0125264915738403
0.6910853385925293,0.04428121820092201,10,difference_aware,0.15064799785614014,0.8106905817985535,16,0.8750923379618447,0.1641057443046424,1.039198082266487
0.6903067231178284,0.0436529703438282,11,difference_aware,0.1496967226266861,0.8088080286979675,16,0.8779991045862218,0.16319370595574292,1.0411928105419648
0.6579850912094116,0.04314889386296272,12,difference_aware,0.14875121414661407,0.7755095958709717,16,0.85984117267824,0.16256109150021728,1.0224022641784574
0.6042166948318481,0.042748283594846725,13,difference_aware,0.14774292707443237,0.7208364009857178,16,0.849285015233756,0.16194788257915874,1.0112328978129148
0.5937582850456238,0.04226839169859886,14,difference_aware,0.14661544561386108,0.7093343734741211,16,0.8524083399413256,0.16148448442568608,1.0138928243670118
0.582890510559082,0.04167890176177025,15,difference_aware,0.14562657475471497,0.6973826885223389,16,0.8644538202275848,0.16135239672202953,1.0258062169496143
0.5379334688186646,0.04126422852277756,16,difference_aware,0.1452290415763855,0.6518121957778931,16,0.8928638323567425,0.16206262480132774,1.0549264571580703
0.5314972996711731,0.04122859239578247,17,difference_aware,0.14543241262435913,0.6454421281814575,16,0.9038222388299457,0.16291485057381921,1.0667370894037649
0.5262637138366699,0.04129611700773239,18,difference_aware,0.14517514407634735,0.6401473879814148,16,0.8812649354942333,0.16385759244811976,1.045122527942353
0.49218451976776123,0.04114712029695511,19,difference_aware,0.14390861988067627,0.6052859425544739,16,0.8720728690831643,0.16467316064150497,1.0367460297246693
0.4993039667606354,0.04087577760219574,20,difference_aware,0.14219722151756287,0.6112783551216125,16,0.8734422612527737,0.16515762912335288,1.0385998903761267
0.483858585357666,0.04074704647064209,21,difference_aware,0.14098666608333588,0.5950989723205566,16,0.8845352449483403,0.16533363804343226,1.0498688829917726
0.46403732895851135,0.04073818027973175,22,difference_aware,0.14027485251426697,0.574912965297699,16,0.8921536792080739,0.16566745357035353,1.0578211327784275
0.46957290172576904,0.04054546356201172,23,difference_aware,0.13912250101566315,0.5796796083450317,16,0.8749770330621105,0.16611841719168896,1.0410954502537995
0.4420405328273773,0.04011167213320732,24,difference_aware,0.13726773858070374,0.5507860779762268,16,0.8646429052836105,0.16626238254674852,1.030905287830359
0.4413391649723053,0.03968577831983566,25,difference_aware,0.13557134568691254,0.548810601234436,16,0.8610778837821231,0.16565867423667202,1.0267365580187953
0.4242193102836609,0.03937986493110657,26,difference_aware,0.13477356731891632,0.530985951423645,16,0.8597920499689504,0.16455354485913476,1.0243455948280853
0.40714725852012634,0.03915252164006233,27,difference_aware,0.1346617341041565,0.5136306285858154,16,0.8561236884247982,0.163721253894848,1.0198449423196463
0.4020964801311493,0.03890150785446167,28,difference_aware,0.13450297713279724,0.5082494616508484,16,0.8446803322339537,0.16286761708802475,1.0075479493219783
0.379459947347641,0.03857072442770004,29,difference_aware,0.13393321633338928,0.4849972724914551,16,0.8420108396239688,0.161849647397668,1.0038604870216368
0.37902045249938965,0.038283806294202805,30,difference_aware,0.1334908902645111,0.4840496778488159,16,0.831905518863393,0.16067318625098267,0.9925787051143757
0.3597753942012787,0.03811187297105789,31,difference_aware,0.13350172340869904,0.4646381139755249,16,0.8261331813220425,0.15957565348889383,0.9857088348109363
0.3569459915161133,0.03794144466519356,32,difference_aware,0.1334143728017807,0.4615946412086487,16,0.8164175666968305,0.15889627993874222,0.9753138466355727
0.3443610370159149,0.03763292729854584,33,difference_aware,0.13252420723438263,0.4482560455799103,16,0.8206270714844294,0.1587543313539309,0.9793814028383603
0.33879554271698,0.03732426092028618,34,difference_aware,0.13124056160449982,0.4417400658130646,16,0.8160330258344317,0.15847058228346267,0.9745036081178944
0.33013707399368286,0.03709850832819939,35,difference_aware,0.13020466268062592,0.4323379099369049,16,0.7991316124070625,0.1580272416762129,0.9571588540832754
0.3222947120666504,0.036887940019369125,36,difference_aware,0.1293528527021408,0.4238590896129608,16,0.7964034659116963,0.15811049698354054,0.9545139628952368
0.31462568044662476,0.036712925881147385,37,difference_aware,0.12831787765026093,0.4154975414276123,16,0.812093844409382,0.15861710929442838,0.9707109537038104
0.3069595694541931,0.036605190485715866,38,difference_aware,0.12723378837108612,0.40718165040016174,16,0.8117379850158213,0.15844284775663245,0.9701808327724537
0.29795390367507935,0.036437101662158966,39,difference_aware,0.126466765999794,0.3976243734359741,16,0.7958438472452182,0.15775004943107765,0.9535938966762958
0.29247400164604187,0.03624661639332771,40,difference_aware,0.1260077953338623,0.39172452688217163,16,0.8076266006526305,0.15768504531481373,0.9653116459674442
0.2814326584339142,0.036141786724328995,41,difference_aware,0.12543627619743347,0.3802925944328308,16,0.8404443227534788,0.1580348592948816,0.9984791820483604
0.2794007360935211,0.036068882793188095,42,difference_aware,0.12484890222549438,0.3778940737247467,16,0.8218328329446123,0.15787684551719997,0.9797096784618122
0.26860395073890686,0.03597763553261757,43,difference_aware,0.1246003583073616,0.36688175797462463,16,0.8221466863918734,0.15816544977957248,0.9803121361714459
0.26503023505210876,0.035893552005290985,44,difference_aware,0.12415887415409088,0.3630032241344452,16,0.8709167836661514,0.15916404405592846,1.0300808277220799
0.2611168324947357,0.035846415907144547,45,difference_aware,0.12341348826885223,0.3586699962615967,16,0.8545798360112441,0.15963437190313354,1.0142142079143777
0.2522551119327545,0.03574664890766144,46,difference_aware,0.12301193177700043,0.34950774908065796,16,0.8498062206717727,0.16018061556749685,1.0099868362392694
0.24991314113140106,0.03564394265413284,47,difference_aware,0.12263152003288269,0.34687286615371704,16,0.9016277191301174,0.1610133102678971,1.0626410293980144
0.24721436202526093,0.03560288995504379,48,difference_aware,0.1221441999077797,0.34388935565948486,16,0.87115822003585,0.1609642840297346,1.0321225040655846
0.23962078988552094,0.0354117713868618,49,difference_aware,0.12200205773115158,0.33603358268737793,16,0.8864662966971604,0.16116488623643485,1.0476311829335951
0.23429962992668152,0.035279590636491776,50,difference_aware,0.12174031883478165,0.3304494023323059,16,0.9217181641812213,0.16148630382371534,1.0832044680049366
0.23301604390144348,0.0351683534681797,51,difference_aware,0.1213548332452774,0.328861802816391,16,0.885178567715447,0.16127583308840734,1.0464544008038543
0.23103463649749756,0.03502305969595909,52,difference_aware,0.1212053894996643,0.3266603946685791,16,0.939761831160735,0.1619241044554472,1.101685935616182
0.22630968689918518,0.034940194338560104,53,difference_aware,0.1204424649477005,0.32147109508514404,16,0.9122863263425763,0.1619093093449836,1.07419563568756
0.22030788660049438,0.03479606285691261,54,difference_aware,0.11998757719993591,0.31509774923324585,16,0.9313720973942489,0.16220362264613647,1.0935757200403853
0.21593071520328522,0.034692972898483276,55,difference_aware,0.11932411789894104,0.310285747051239,16,0.9487690573771188,0.16229686003079521,1.111065917407914
0.21367532014846802,0.0345660038292408,56,difference_aware,0.11874870210886002,0.3076156675815582,16,0.9234374120717881,0.16183718670362493,1.085274598775413
0.2130020409822464,0.034327078610658646,57,difference_aware,0.11840049177408218,0.30652937293052673,16,0.9816006968131581,0.16186267283398575,1.143463369647144
0.21387037634849548,0.03419904410839081,58,difference_aware,0.1178269311785698,0.3069828748703003,16,0.914314247585996,0.16109852658390988,1.075412774169906
0.21611763536930084,0.03392184153199196,59,difference_aware,0.11776598542928696,0.3089224696159363,16,1.0087557971061492,0.16123651682234663,1.1699923139284958
0.217596635222435,0.03384515643119812,60,difference_aware,0.11697124689817429,0.30992740392684937,16,0.9163082652720803,0.16061932557711203,1.0769275908491924
0.21264994144439697,0.033632487058639526,61,difference_aware,0.1169307678937912,0.3047478199005127,16,0.9847089085891165,0.16082258803525243,1.145531496624369
0.20184136927127838,0.03357066586613655,62,difference_aware,0.11606913059949875,0.2934466004371643,16,0.9548221886425629,0.16060886527768098,1.1154310539202439
0.1943569779396057,0.033435072749853134,63,difference_aware,0.11567805707454681,0.28563109040260315,16,0.9367960322101265,0.16049782460597284,1.0972938568160995
0.19528286159038544,0.03330758213996887,64,difference_aware,0.11529914289712906,0.28624001145362854,16,0.996419730568256,0.16073995400988833,1.1571596845781442
0.19948896765708923,0.03325965255498886,65,difference_aware,0.11464159935712814,0.29006943106651306,16,0.923832138229973,0.1605977358065565,1.0844298740365295
0.19908009469509125,0.0330594964325428,66,difference_aware,0.11465755105018616,0.28946834802627563,16,0.9894432258599656,0.16084447713308808,1.1502877029930536
0.1918477565050125,0.032996173948049545,67,difference_aware,0.11398100107908249,0.2818344235420227,16,0.9497021210795474,0.16088286124564766,1.1105849823251952
0.18393580615520477,0.032841701060533524,68,difference_aware,0.11382763832807541,0.273691326379776,16,0.9486161391128093,0.16100372527349824,1.1096198643863076
0.1822613924741745,0.03273127228021622,69,difference_aware,0.11344704777002335,0.2717162072658539,16,0.9886738491884477,0.16124350753719593,1.1499173567256435
0.18513920903205872,0.032672785222530365,70,difference_aware,0.1128210723400116,0.27422255277633667,16,0.9297700060957236,0.16120480575170318,1.0909748118474267
0.1864967793226242,0.032522592693567276,71,difference_aware,0.11268887668848038,0.2753638029098511,16,0.9922245309436123,0.16153562747883862,1.1537601584224508
0.18304011225700378,0.032505422830581665,72,difference_aware,0.11192966997623444,0.27151036262512207,16,0.9413111057522701,0.16140089249044626,1.1027119982427163
0.1764475405216217,0.032354097813367844,73,difference_aware,0.11174675822257996,0.2646750211715698,16,0.9598159765211818,0.1614351805654237,1.1212511570866055
0.1720319390296936,0.03227964788675308,74,difference_aware,0.11123886704444885,0.2599310278892517,16,0.9708636258683478,0.16138043087874437,1.1322440567470922
0.17170238494873047,0.03219406306743622,75,difference_aware,0.11077756434679031,0.25928524136543274,16,0.933851278720805,0.1611092398853768,1.0949605186061817
0.17349092662334442,0.032068170607089996,76,difference_aware,0.11056911200284958,0.2608436644077301,16,0.9915516013555621,0.16122873823251188,1.152780339588074
0.17498935759067535,0.03202279657125473,77,difference_aware,0.10981731861829758,0.2619208097457886,16,0.9280452144913416,0.16079267263186084,1.0888378871232025
0.17397670447826385,0.03187626600265503,78,difference_aware,0.10971298068761826,0.2607094645500183,16,0.9890741496914306,0.16109163003462984,1.1501657797260605
0.1705056130886078,0.03184476122260094,79,difference_aware,0.10893593728542328,0.25681835412979126,16,0.9394991872819701,0.16067438075020452,1.1001735680321747
0.16558431088924408,0.031703948974609375,80,difference_aware,0.10876458883285522,0.2516705393791199,16,0.9688901072263436,0.16082059766364135,1.129710704889985
0.16155238449573517,0.031642816960811615,81,difference_aware,0.10820426046848297,0.24729731678962708,16,0.9606093090913886,0.16069847389545774,1.1213077829868463
0.15926198661327362,0.03154142200946808,82,difference_aware,0.10786464810371399,0.2447357326745987,16,0.9494220007430246,0.1606071874409028,1.1100291881839275
0.15862146019935608,0.03144156560301781,83,difference_aware,0.1075504869222641,0.24383828043937683,16,0.9799213714680214,0.16092498978175124,1.1408463612497726
0.15943291783332825,0.03137941658496857,84,difference_aware,0.10698690265417099,0.2443057894706726,16,0.9313491829489706,0.16064423994559796,1.0919934228945687
0.1618104875087738,0.03125527873635292,85,difference_aware,0.10687939822673798,0.246505469083786,16,1.0055815320863022,0.16133762165962645,1.1669191537459287
0.1673121303319931,0.031228061765432358,86,difference_aware,0.1060599684715271,0.2515701651573181,16,0.9089722017379996,0.16063707863593712,1.0696092803739368
0.17598922550678253,0.03106779232621193,87,difference_aware,0.10625554621219635,0.26018479466438293,16,1.0349892882020861,0.16177387104823204,1.196763159250318
0.18396267294883728,0.03108462505042553,88,difference_aware,0.10519954562187195,0.2676470875740051,16,0.9044986415761924,0.1607166069266824,1.0652152485028747
0.17494921386241913,0.03088189847767353,89,difference_aware,0.10556850582361221,0.2586153745651245,16,0.985999040126777,0.16148789871187483,1.1474869388386517
0.15614309906959534,0.030840571969747543,90,difference_aware,0.10466425120830536,0.23931580781936646,16,0.9531989338052529,0.16126438233985702,1.1144633161451099
0.14726471900939941,0.03071778453886509,91,difference_aware,0.10447032004594803,0.23021766543388367,16,0.9177729726609428,0.16109926411539313,1.078872236776336
0.15519030392169952,0.03060867078602314,92,difference_aware,0.10435740649700165,0.23797768354415894,16,1.0056773527167693,0.16204171076507137,1.1677190634818406
0.16425065696239471,0.030603941529989243,93,difference_aware,0.10347834974527359,0.24659377336502075,16,0.907785181992778,0.16128253824345049,1.0690677202362284
0.15865372121334076,0.030430009588599205,94,difference_aware,0.10365485399961472,0.24091115593910217,16,0.964150134586807,0.16191896533615405,1.126069099922961
0.1457395851612091,0.030383944511413574,95,difference_aware,0.10286295413970947,0.22755500674247742,16,0.955155255620728,0.16193662991096303,1.117091885531691
0.14305394887924194,0.030283797532320023,96,difference_aware,0.10252790153026581,0.22460168600082397,16,0.9114310994254505,0.16160621583938944,1.07303731526484
0.15035252273082733,0.03015918843448162,97,difference_aware,0.10248328745365143,0.23175334930419922,16,0.988818987677207,0.16248140551137458,1.1513003931885817
0.15328586101531982,0.030131317675113678,98,difference_aware,0.10163790732622147,0.23423612117767334,16,0.9140830182502003,0.16176324361232622,1.0758462618625266
0.14563103020191193,0.02997252717614174,99,difference_aware,0.10173214972019196,0.22646963596343994,16,0.9457067485989329,0.1621798435199189,1.1078865921188519
