context_id,present_in_reference,present_in_rebuild,scenario,policy_seed,slot,maximum_probability_difference,matched,mismatch_fields
time_pressure_seed8_resource00_e08_t04_u0,True,True,time_pressure,8,resource,3.6778913248269873e-13,True,
time_pressure_seed8_resource01_e06_t04_u1,True,True,time_pressure,8,resource,0.0,True,
time_pressure_seed8_resource02_e06_t04_u0,True,True,time_pressure,8,resource,8.93729534823251e-14,True,
time_pressure_seed8_resource03_e09_t04_u1,True,True,time_pressure,8,resource,1.2212453270876722e-15,True,
time_pressure_seed8_resource04_e09_t04_u0,True,True,time_pressure,8,resource,2.3109292257572633e-13,True,
time_pressure_seed8_resource05_e07_t04_u0,True,True,time_pressure,8,resource,3.7109204598095857e-13,True,
time_pressure_seed8_safety00_e06_t29_u2,True,True,time_pressure,8,safety,0.0,True,
time_pressure_seed8_safety01_e01_t23_u2,True,True,time_pressure,8,safety,0.0,True,
time_pressure_seed8_safety02_e01_t21_u2,True,True,time_pressure,8,safety,1.8751666885918894e-13,True,
time_pressure_seed8_safety03_e06_t28_u2,True,True,time_pressure,8,safety,0.0,True,
time_pressure_seed8_safety04_e01_t20_u2,True,True,time_pressure,8,safety,2.471911564327911e-13,True,
time_pressure_seed8_safety05_e01_t22_u2,True,True,time_pressure,8,safety,0.0,True,
